tstp,energy(kWh/hh)
2012-05-29 10:00:00,1.581
2012-05-29 10:30:00,1.4220001
2012-05-29 11:00:00,0.616
2012-05-29 11:30:00,0.509
2012-05-29 12:00:00,0.387
2012-05-29 12:30:00,0.404
2012-05-29 13:00:00,1.274
2012-05-29 13:30:00,0.795
2012-05-29 14:00:00,0.382
2012-05-29 14:30:00,0.389
2012-05-29 15:00:00,0.332
2012-05-29 15:30:00,0.812
2012-05-29 16:00:00,2.7679999
2012-05-29 16:30:00,1.661
2012-05-29 17:00:00,0.792
2012-05-29 17:30:00,0.916
2012-05-29 18:00:00,1.653
2012-05-29 18:30:00,0.52
2012-05-29 19:00:00,0.47
2012-05-29 19:30:00,0.251
2012-05-29 20:00:00,0.206
2012-05-29 20:30:00,0.162
2012-05-29 21:00:00,0.107
2012-05-29 21:30:00,0.155
2012-05-29 22:00:00,0.115
2012-05-29 22:30:00,0.333
2012-05-29 23:00:00,0.315
2012-05-29 23:30:00,0.303
2012-05-30 00:00:00,0.224
2012-05-30 00:30:00,0.176
2012-05-30 01:00:00,0.148
2012-05-30 01:30:00,0.139
2012-05-30 02:00:00,0.135
2012-05-30 02:30:00,0.102
2012-05-30 03:00:00,0.184
2012-05-30 03:30:00,0.154
2012-05-30 04:00:00,0.235
2012-05-30 04:30:00,0.095
2012-05-30 05:00:00,0.103
2012-05-30 05:30:00,0.232
2012-05-30 06:00:00,0.647
2012-05-30 06:30:00,1.11
2012-05-30 07:00:00,0.336
2012-05-30 07:30:00,0.424
2012-05-30 08:00:00,0.434
2012-05-30 08:30:00,0.36
2012-05-30 09:00:00,0.203
2012-05-30 09:30:00,0.713
2012-05-30 10:00:00,2.335
2012-05-30 10:30:00,1.849
2012-05-30 11:00:00,1.9
2012-05-30 11:30:00,2.2179999
2012-05-30 12:00:00,0.933
2012-05-30 12:30:00,0.896
2012-05-30 13:00:00,0.581
2012-05-30 13:30:00,0.745
2012-05-30 14:00:00,0.938
2012-05-30 14:30:00,0.309
2012-05-30 15:00:00,0.379
2012-05-30 15:30:00,0.322
2012-05-30 16:00:00,1.091
2012-05-30 16:30:00,0.314
2012-05-30 17:00:00,0.296
2012-05-30 17:30:00,0.208
2012-05-30 18:00:00,0.735
2012-05-30 18:30:00,0.703
2012-05-30 19:00:00,0.559
2012-05-30 19:30:00,0.522
2012-05-30 20:00:00,0.256
2012-05-30 20:30:00,0.262
2012-05-30 21:00:00,0.169
2012-05-30 21:30:00,0.282
2012-05-30 22:00:00,0.666
2012-05-30 22:30:00,0.315
2012-05-30 23:00:00,0.233
2012-05-30 23:30:00,0.248
2012-05-31 00:00:00,0.162
2012-05-31 00:30:00,0.083
2012-05-31 01:00:00,0.202
2012-05-31 01:30:00,0.195
2012-05-31 02:00:00,0.091
2012-05-31 02:30:00,0.137
2012-05-31 03:00:00,0.135
2012-05-31 03:30:00,0.147
2012-05-31 04:00:00,0.078
2012-05-31 04:30:00,0.143
2012-05-31 05:00:00,0.134
2012-05-31 05:30:00,0.141
2012-05-31 06:00:00,0.184
2012-05-31 06:30:00,0.41
2012-05-31 07:00:00,0.435
2012-05-31 07:30:00,0.46
2012-05-31 08:00:00,0.345
2012-05-31 08:30:00,0.289
2012-05-31 09:00:00,0.279
2012-05-31 09:30:00,0.278
2012-05-31 10:00:00,0.385
2012-05-31 10:30:00,0.742
2012-05-31 11:00:00,1.503
2012-05-31 11:30:00,0.84
2012-05-31 12:00:00,0.208
2012-05-31 12:30:00,0.322
2012-05-31 13:00:00,0.468
2012-05-31 13:30:00,0.395
2012-05-31 14:00:00,0.452
2012-05-31 14:30:00,0.281
2012-05-31 15:00:00,0.343
2012-05-31 15:30:00,0.378
2012-05-31 16:00:00,0.48
2012-05-31 16:30:00,0.359
2012-05-31 17:00:00,0.431
2012-05-31 17:30:00,0.437
2012-05-31 18:00:00,0.434
2012-05-31 18:30:00,0.331
2012-05-31 19:00:00,0.398
2012-05-31 19:30:00,2.4489999
2012-05-31 20:00:00,0.901
2012-05-31 20:30:00,1.274
2012-05-31 21:00:00,1.103
2012-05-31 21:30:00,1.152
2012-05-31 22:00:00,0.681
2012-05-31 22:30:00,0.656
2012-05-31 23:00:00,0.64
2012-05-31 23:30:00,0.49
2012-06-01 00:00:00,0.519
2012-06-01 00:30:00,0.376
2012-06-01 01:00:00,0.39
2012-06-01 01:30:00,0.474
2012-06-01 02:00:00,0.501
2012-06-01 02:30:00,0.426
2012-06-01 03:00:00,0.478
2012-06-01 03:30:00,0.559
2012-06-01 04:00:00,0.37
2012-06-01 04:30:00,0.314
2012-06-01 05:00:00,0.364
2012-06-01 05:30:00,0.348
2012-06-01 06:00:00,0.511
2012-06-01 06:30:00,0.706
2012-06-01 07:00:00,0.299
2012-06-01 07:30:00,1.897
2012-06-01 08:00:00,0.515
2012-06-01 08:30:00,1.155
2012-06-01 09:00:00,0.983
2012-06-01 09:30:00,1.369
2012-06-01 10:00:00,0.394
2012-06-01 10:30:00,0.404
2012-06-01 11:00:00,0.678
2012-06-01 11:30:00,0.342
2012-06-01 12:00:00,0.287
2012-06-01 12:30:00,0.133
2012-06-01 13:00:00,0.202
2012-06-01 13:30:00,1.151
2012-06-01 14:00:00,1.579
2012-06-01 14:30:00,0.63
2012-06-01 15:00:00,0.422
2012-06-01 15:30:00,0.408
2012-06-01 16:00:00,0.463
2012-06-01 16:30:00,0.661
2012-06-01 17:00:00,0.568
2012-06-01 17:30:00,1.51
2012-06-01 18:00:00,1.029
2012-06-01 18:30:00,0.997
2012-06-01 19:00:00,1.03
2012-06-01 19:30:00,0.71
2012-06-01 20:00:00,0.622
2012-06-01 20:30:00,0.429
2012-06-01 21:00:00,0.404
2012-06-01 21:30:00,0.399
2012-06-01 22:00:00,0.449
2012-06-01 22:30:00,0.412
2012-06-01 23:00:00,0.373
2012-06-01 23:30:00,0.361
2012-06-02 00:00:00,0.355
2012-06-02 00:30:00,0.366
2012-06-02 01:00:00,0.541
2012-06-02 01:30:00,0.297
2012-06-02 02:00:00,0.421
2012-06-02 02:30:00,0.532
2012-06-02 03:00:00,0.762
2012-06-02 03:30:00,0.554
2012-06-02 04:00:00,0.342
2012-06-02 04:30:00,0.371
2012-06-02 05:00:00,0.354
2012-06-02 05:30:00,0.387
2012-06-02 06:00:00,0.359
2012-06-02 06:30:00,0.36
2012-06-02 07:00:00,0.475
2012-06-02 07:30:00,1.355
2012-06-02 08:00:00,0.603
2012-06-02 08:30:00,0.642
2012-06-02 09:00:00,1.057
2012-06-02 09:30:00,2.0090001
2012-06-02 10:00:00,1.1619999
2012-06-02 10:30:00,0.893
2012-06-02 11:00:00,0.996
2012-06-02 11:30:00,0.861
2012-06-02 12:00:00,1.274
2012-06-02 12:30:00,0.707
2012-06-02 13:00:00,0.789
2012-06-02 13:30:00,0.607
2012-06-02 14:00:00,0.596
2012-06-02 14:30:00,0.59
2012-06-02 15:00:00,0.508
2012-06-02 15:30:00,0.626
2012-06-02 16:00:00,0.556
2012-06-02 16:30:00,0.484
2012-06-02 17:00:00,0.812
2012-06-02 17:30:00,1.161
2012-06-02 18:00:00,2.1040001
2012-06-02 18:30:00,1.061
2012-06-02 19:00:00,0.765
2012-06-02 19:30:00,1.4
2012-06-02 20:00:00,0.756
2012-06-02 20:30:00,0.506
2012-06-02 21:00:00,0.394
2012-06-02 21:30:00,0.249
2012-06-02 22:00:00,0.432
2012-06-02 22:30:00,0.428
2012-06-02 23:00:00,0.362
2012-06-02 23:30:00,0.425
2012-06-03 00:00:00,0.385
2012-06-03 00:30:00,0.58
2012-06-03 01:00:00,0.789
2012-06-03 01:30:00,0.755
2012-06-03 02:00:00,0.676
2012-06-03 02:30:00,0.682
2012-06-03 03:00:00,0.473
2012-06-03 03:30:00,0.354
2012-06-03 04:00:00,0.442
2012-06-03 04:30:00,0.369
2012-06-03 05:00:00,0.419
2012-06-03 05:30:00,0.423
2012-06-03 06:00:00,0.355
2012-06-03 06:30:00,0.42
2012-06-03 07:00:00,0.395
2012-06-03 07:30:00,0.517
2012-06-03 08:00:00,0.993
2012-06-03 08:30:00,0.665
2012-06-03 09:00:00,0.688
2012-06-03 09:30:00,2.1919999
2012-06-03 10:00:00,2.8310001
2012-06-03 10:30:00,0.889
2012-06-03 11:00:00,1.312
2012-06-03 11:30:00,0.775
2012-06-03 12:00:00,0.69
2012-06-03 12:30:00,0.863
2012-06-03 13:00:00,0.723
2012-06-03 13:30:00,0.871
2012-06-03 14:00:00,0.729
2012-06-03 14:30:00,0.474
2012-06-03 15:00:00,0.502
2012-06-03 15:30:00,0.545
2012-06-03 16:00:00,0.52
2012-06-03 16:30:00,0.532
2012-06-03 17:00:00,0.467
2012-06-03 17:30:00,0.502
2012-06-03 18:00:00,0.554
2012-06-03 18:30:00,0.479
2012-06-03 19:00:00,0.527
2012-06-03 19:30:00,0.486
2012-06-03 20:00:00,0.52
2012-06-03 20:30:00,0.838
2012-06-03 21:00:00,0.398
2012-06-03 21:30:00,0.485
2012-06-03 22:00:00,0.517
2012-06-03 22:30:00,0.391
2012-06-03 23:00:00,0.335
2012-06-03 23:30:00,0.442
2012-06-04 00:00:00,0.499
2012-06-04 00:30:00,0.4
2012-06-04 01:00:00,0.406
2012-06-04 01:30:00,0.445
2012-06-04 02:00:00,0.443
2012-06-04 02:30:00,0.391
2012-06-04 03:00:00,0.515
2012-06-04 03:30:00,0.388
2012-06-04 04:00:00,0.344
2012-06-04 04:30:00,0.504
2012-06-04 05:00:00,0.429
2012-06-04 05:30:00,0.439
2012-06-04 06:00:00,0.465
2012-06-04 06:30:00,0.389
2012-06-04 07:00:00,0.392
2012-06-04 07:30:00,0.516
2012-06-04 08:00:00,0.858
2012-06-04 08:30:00,0.446
2012-06-04 09:00:00,0.691
2012-06-04 09:30:00,0.719
2012-06-04 10:00:00,0.735
2012-06-04 10:30:00,1.1720001
2012-06-04 11:00:00,1.137
2012-06-04 11:30:00,2.0250001
2012-06-04 12:00:00,1.915
2012-06-04 12:30:00,0.673
2012-06-04 13:00:00,0.632
2012-06-04 13:30:00,0.534
2012-06-04 14:00:00,0.56
2012-06-04 14:30:00,0.668
2012-06-04 15:00:00,0.892
2012-06-04 15:30:00,0.61
2012-06-04 16:00:00,0.562
2012-06-04 16:30:00,0.575
2012-06-04 17:00:00,1.011
2012-06-04 17:30:00,1.5140001
2012-06-04 18:00:00,0.435
2012-06-04 18:30:00,0.555
2012-06-04 19:00:00,0.462
2012-06-04 19:30:00,0.506
2012-06-04 20:00:00,0.435
2012-06-04 20:30:00,0.393
2012-06-04 21:00:00,0.633
2012-06-04 21:30:00,0.759
2012-06-04 22:00:00,0.688
2012-06-04 22:30:00,0.508
2012-06-04 23:00:00,0.531
2012-06-04 23:30:00,0.406
2012-06-05 00:00:00,0.366
2012-06-05 00:30:00,0.368
2012-06-05 01:00:00,0.531
2012-06-05 01:30:00,0.406
2012-06-05 02:00:00,0.421
2012-06-05 02:30:00,0.349
2012-06-05 03:00:00,0.425
2012-06-05 03:30:00,0.53
2012-06-05 04:00:00,0.341
2012-06-05 04:30:00,0.332
2012-06-05 05:00:00,0.487
2012-06-05 05:30:00,0.493
2012-06-05 06:00:00,0.338
2012-06-05 06:30:00,0.414
2012-06-05 07:00:00,0.465
2012-06-05 07:30:00,0.448
2012-06-05 08:00:00,0.469
2012-06-05 08:30:00,0.636
2012-06-05 09:00:00,0.627
2012-06-05 09:30:00,1.133
2012-06-05 10:00:00,1.92
2012-06-05 10:30:00,1.697
2012-06-05 11:00:00,0.646
2012-06-05 11:30:00,0.761
2012-06-05 12:00:00,0.577
2012-06-05 12:30:00,0.88
2012-06-05 13:00:00,0.347
2012-06-05 13:30:00,0.219
2012-06-05 14:00:00,0.163
2012-06-05 14:30:00,0.261
2012-06-05 15:00:00,0.171
2012-06-05 15:30:00,0.291
2012-06-05 16:00:00,0.447
2012-06-05 16:30:00,0.532
2012-06-05 17:00:00,0.543
2012-06-05 17:30:00,0.757
2012-06-05 18:00:00,0.416
2012-06-05 18:30:00,0.494
2012-06-05 19:00:00,0.526
2012-06-05 19:30:00,0.631
2012-06-05 20:00:00,0.709
2012-06-05 20:30:00,0.445
2012-06-05 21:00:00,0.371
2012-06-05 21:30:00,0.387
2012-06-05 22:00:00,0.376
2012-06-05 22:30:00,0.271
2012-06-05 23:00:00,0.255
2012-06-05 23:30:00,0.361
2012-06-06 00:00:00,0.364
2012-06-06 00:30:00,0.315
2012-06-06 01:00:00,0.365
2012-06-06 01:30:00,0.353
2012-06-06 02:00:00,0.314
2012-06-06 02:30:00,0.327
2012-06-06 03:00:00,0.267
2012-06-06 03:30:00,0.3
2012-06-06 04:00:00,0.39
2012-06-06 04:30:00,0.31
2012-06-06 05:00:00,0.308
2012-06-06 05:30:00,0.392
2012-06-06 06:00:00,0.335
2012-06-06 06:30:00,0.233
2012-06-06 07:00:00,0.248
2012-06-06 07:30:00,0.35
2012-06-06 08:00:00,0.604
2012-06-06 08:30:00,0.493
2012-06-06 09:00:00,0.486
2012-06-06 09:30:00,0.752
2012-06-06 10:00:00,0.598
2012-06-06 10:30:00,0.563
2012-06-06 11:00:00,1.474
2012-06-06 11:30:00,0.66
2012-06-06 12:00:00,0.427
2012-06-06 12:30:00,0.367
2012-06-06 13:00:00,0.331
2012-06-06 13:30:00,0.327
2012-06-06 14:00:00,0.376
2012-06-06 14:30:00,0.394
2012-06-06 15:00:00,0.366
2012-06-06 15:30:00,0.273
2012-06-06 16:00:00,0.386
2012-06-06 16:30:00,0.426
2012-06-06 17:00:00,0.393
2012-06-06 17:30:00,0.666
2012-06-06 18:00:00,1.104
2012-06-06 18:30:00,0.876
2012-06-06 19:00:00,0.481
2012-06-06 19:30:00,0.472
2012-06-06 20:00:00,0.541
2012-06-06 20:30:00,0.58
2012-06-06 21:00:00,0.436
2012-06-06 21:30:00,0.381
2012-06-06 22:00:00,0.278
2012-06-06 22:30:00,0.326
2012-06-06 23:00:00,0.292
2012-06-06 23:30:00,0.342
2012-06-07 00:00:00,0.305
2012-06-07 00:30:00,0.33
2012-06-07 01:00:00,0.324
2012-06-07 01:30:00,0.289
2012-06-07 02:00:00,0.366
2012-06-07 02:30:00,0.266
2012-06-07 03:00:00,0.321
2012-06-07 03:30:00,0.352
2012-06-07 04:00:00,0.395
2012-06-07 04:30:00,0.295
2012-06-07 05:00:00,0.248
2012-06-07 05:30:00,0.339
2012-06-07 06:00:00,0.299
2012-06-07 06:30:00,0.311
2012-06-07 07:00:00,0.245
2012-06-07 07:30:00,0.32
2012-06-07 08:00:00,0.373
2012-06-07 08:30:00,0.97
2012-06-07 09:00:00,0.478
2012-06-07 09:30:00,0.452
2012-06-07 10:00:00,1.092
2012-06-07 10:30:00,0.706
2012-06-07 11:00:00,0.619
2012-06-07 11:30:00,0.48
2012-06-07 12:00:00,0.581
2012-06-07 12:30:00,0.428
2012-06-07 13:00:00,0.268
2012-06-07 13:30:00,0.28
2012-06-07 14:00:00,0.374
2012-06-07 14:30:00,0.353
2012-06-07 15:00:00,0.343
2012-06-07 15:30:00,0.366
2012-06-07 16:00:00,0.796
2012-06-07 16:30:00,0.776
2012-06-07 17:00:00,0.808
2012-06-07 17:30:00,1.154
2012-06-07 18:00:00,1.191
2012-06-07 18:30:00,0.653
2012-06-07 19:00:00,0.601
2012-06-07 19:30:00,0.381
2012-06-07 20:00:00,0.466
2012-06-07 20:30:00,0.316
2012-06-07 21:00:00,0.347
2012-06-07 21:30:00,0.45
2012-06-07 22:00:00,0.327
2012-06-07 22:30:00,0.318
2012-06-07 23:00:00,0.569
2012-06-07 23:30:00,0.536
2012-06-08 00:00:00,0.488
2012-06-08 00:30:00,0.59
2012-06-08 01:00:00,0.513
2012-06-08 01:30:00,0.543
2012-06-08 02:00:00,0.518
2012-06-08 02:30:00,0.49
2012-06-08 03:00:00,0.536
2012-06-08 03:30:00,0.573
2012-06-08 04:00:00,0.533
2012-06-08 04:30:00,0.48
2012-06-08 05:00:00,0.49
2012-06-08 05:30:00,0.611
2012-06-08 06:00:00,0.534
2012-06-08 06:30:00,0.488
2012-06-08 07:00:00,0.611
2012-06-08 07:30:00,0.706
2012-06-08 08:00:00,0.678
2012-06-08 08:30:00,0.653
2012-06-08 09:00:00,0.71
2012-06-08 09:30:00,0.477
2012-06-08 10:00:00,0.518
2012-06-08 10:30:00,0.515
2012-06-08 11:00:00,0.469
2012-06-08 11:30:00,1.865
2012-06-08 12:00:00,0.452
2012-06-08 12:30:00,0.465
2012-06-08 13:00:00,0.304
2012-06-08 13:30:00,0.29
2012-06-08 14:00:00,0.272
2012-06-08 14:30:00,0.297
2012-06-08 15:00:00,0.323
2012-06-08 15:30:00,0.335
2012-06-08 16:00:00,0.306
2012-06-08 16:30:00,0.357
2012-06-08 17:00:00,0.334
2012-06-08 17:30:00,0.355
2012-06-08 18:00:00,0.254
2012-06-08 18:30:00,0.317
2012-06-08 19:00:00,0.946
2012-06-08 19:30:00,0.606
2012-06-08 20:00:00,0.474
2012-06-08 20:30:00,0.836
2012-06-08 21:00:00,0.499
2012-06-08 21:30:00,0.603
2012-06-08 22:00:00,0.547
2012-06-08 22:30:00,0.519
2012-06-08 23:00:00,0.829
2012-06-08 23:30:00,0.527
2012-06-09 00:00:00,0.497
2012-06-09 00:30:00,0.534
2012-06-09 01:00:00,0.543
2012-06-09 01:30:00,0.8
2012-06-09 02:00:00,0.447
2012-06-09 02:30:00,0.553
2012-06-09 03:00:00,0.497
2012-06-09 03:30:00,0.539
2012-06-09 04:00:00,0.797
2012-06-09 04:30:00,0.442
2012-06-09 05:00:00,0.498
2012-06-09 05:30:00,0.556
2012-06-09 06:00:00,0.838
2012-06-09 06:30:00,0.487
2012-06-09 07:00:00,0.488
2012-06-09 07:30:00,0.489
2012-06-09 08:00:00,0.763
2012-06-09 08:30:00,0.961
2012-06-09 09:00:00,0.503
2012-06-09 09:30:00,0.583
2012-06-09 10:00:00,0.497
2012-06-09 10:30:00,0.861
2012-06-09 11:00:00,0.614
2012-06-09 11:30:00,1.168
2012-06-09 12:00:00,0.897
2012-06-09 12:30:00,0.88
2012-06-09 13:00:00,1.24
2012-06-09 13:30:00,0.903
2012-06-09 14:00:00,0.548
2012-06-09 14:30:00,0.461
2012-06-09 15:00:00,0.4
2012-06-09 15:30:00,0.35
2012-06-09 16:00:00,0.3
2012-06-09 16:30:00,0.323
2012-06-09 17:00:00,0.397
2012-06-09 17:30:00,0.408
2012-06-09 18:00:00,0.283
2012-06-09 18:30:00,0.458
2012-06-09 19:00:00,0.609
2012-06-09 19:30:00,1.033
2012-06-09 20:00:00,0.59
2012-06-09 20:30:00,0.149
2012-06-09 21:00:00,0.324
2012-06-09 21:30:00,0.435
2012-06-09 22:00:00,0.299
2012-06-09 22:30:00,0.336
2012-06-09 23:00:00,0.299
2012-06-09 23:30:00,0.588
2012-06-10 00:00:00,0.383
2012-06-10 00:30:00,0.363
2012-06-10 01:00:00,0.308
2012-06-10 01:30:00,0.289
2012-06-10 02:00:00,0.309
2012-06-10 02:30:00,0.82
2012-06-10 03:00:00,0.5
2012-06-10 03:30:00,0.546
2012-06-10 04:00:00,0.446
2012-06-10 04:30:00,0.454
2012-06-10 05:00:00,0.735
2012-06-10 05:30:00,0.497
2012-06-10 06:00:00,0.538
2012-06-10 06:30:00,0.45
2012-06-10 07:00:00,0.832
2012-06-10 07:30:00,0.49
2012-06-10 08:00:00,0.492
2012-06-10 08:30:00,0.96
2012-06-10 09:00:00,0.742
2012-06-10 09:30:00,1.353
2012-06-10 10:00:00,0.959
2012-06-10 10:30:00,0.884
2012-06-10 11:00:00,0.865
2012-06-10 11:30:00,0.786
2012-06-10 12:00:00,0.542
2012-06-10 12:30:00,0.503
2012-06-10 13:00:00,0.516
2012-06-10 13:30:00,0.572
2012-06-10 14:00:00,0.466
2012-06-10 14:30:00,0.465
2012-06-10 15:00:00,0.543
2012-06-10 15:30:00,0.51
2012-06-10 16:00:00,0.484
2012-06-10 16:30:00,0.451
2012-06-10 17:00:00,0.505
2012-06-10 17:30:00,1.79
2012-06-10 18:00:00,0.928
2012-06-10 18:30:00,0.471
2012-06-10 19:00:00,0.624
2012-06-10 19:30:00,1.434
2012-06-10 20:00:00,1.25
2012-06-10 20:30:00,0.66
2012-06-10 21:00:00,0.57
2012-06-10 21:30:00,0.405
2012-06-10 22:00:00,0.332
2012-06-10 22:30:00,0.394
2012-06-10 23:00:00,0.405
2012-06-10 23:30:00,0.385
2012-06-11 00:00:00,0.256
2012-06-11 00:30:00,0.288
2012-06-11 01:00:00,0.297
2012-06-11 01:30:00,0.324
2012-06-11 02:00:00,0.402
2012-06-11 02:30:00,0.314
2012-06-11 03:00:00,0.351
2012-06-11 03:30:00,0.248
2012-06-11 04:00:00,0.345
2012-06-11 04:30:00,0.293
2012-06-11 05:00:00,0.32
2012-06-11 05:30:00,0.318
2012-06-11 06:00:00,0.373
2012-06-11 06:30:00,0.655
2012-06-11 07:00:00,0.258
2012-06-11 07:30:00,0.365
2012-06-11 08:00:00,0.222
2012-06-11 08:30:00,0.189
2012-06-11 09:00:00,0.214
2012-06-11 09:30:00,0.417
2012-06-11 10:00:00,0.652
2012-06-11 10:30:00,1.567
2012-06-11 11:00:00,0.203
2012-06-11 11:30:00,0.236
2012-06-11 12:00:00,0.275
2012-06-11 12:30:00,0.313
2012-06-11 13:00:00,0.199
2012-06-11 13:30:00,0.216
2012-06-11 14:00:00,0.26
2012-06-11 14:30:00,0.274
2012-06-11 15:00:00,0.32
2012-06-11 15:30:00,0.606
2012-06-11 16:00:00,0.457
2012-06-11 16:30:00,0.349
2012-06-11 17:00:00,0.809
2012-06-11 17:30:00,0.385
2012-06-11 18:00:00,0.465
2012-06-11 18:30:00,0.324
2012-06-11 19:00:00,0.32
2012-06-11 19:30:00,0.296
2012-06-11 20:00:00,0.652
2012-06-11 20:30:00,0.246
2012-06-11 21:00:00,0.25
2012-06-11 21:30:00,0.208
2012-06-11 22:00:00,0.404
2012-06-11 22:30:00,0.664
2012-06-11 23:00:00,0.349
2012-06-11 23:30:00,0.239
2012-06-12 00:00:00,0.263
2012-06-12 00:30:00,0.637
2012-06-12 01:00:00,0.313
2012-06-12 01:30:00,0.282
2012-06-12 02:00:00,0.312
2012-06-12 02:30:00,0.705
2012-06-12 03:00:00,0.302
2012-06-12 03:30:00,0.322
2012-06-12 04:00:00,0.286
2012-06-12 04:30:00,0.691
2012-06-12 05:00:00,0.223
2012-06-12 05:30:00,0.291
2012-06-12 06:00:00,0.751
2012-06-12 06:30:00,0.954
2012-06-12 07:00:00,0.414
2012-06-12 07:30:00,0.351
2012-06-12 08:00:00,0.652
2012-06-12 08:30:00,0.343
2012-06-12 09:00:00,0.401
2012-06-12 09:30:00,1.243
2012-06-12 10:00:00,0.733
2012-06-12 10:30:00,0.404
2012-06-12 11:00:00,0.48
2012-06-12 11:30:00,0.595
2012-06-12 12:00:00,0.3
2012-06-12 12:30:00,0.412
2012-06-12 13:00:00,0.823
2012-06-12 13:30:00,0.372
2012-06-12 14:00:00,0.321
2012-06-12 14:30:00,0.546
2012-06-12 15:00:00,0.557
2012-06-12 15:30:00,0.358
2012-06-12 16:00:00,0.38
2012-06-12 16:30:00,0.719
2012-06-12 17:00:00,1.3380001
2012-06-12 17:30:00,0.896
2012-06-12 18:00:00,0.649
2012-06-12 18:30:00,0.923
2012-06-12 19:00:00,0.742
2012-06-12 19:30:00,1.005
2012-06-12 20:00:00,0.803
2012-06-12 20:30:00,0.641
2012-06-12 21:00:00,0.978
2012-06-12 21:30:00,0.536
2012-06-12 22:00:00,0.442
2012-06-12 22:30:00,0.692
2012-06-12 23:00:00,0.565
2012-06-12 23:30:00,0.531
2012-06-13 00:00:00,0.549
2012-06-13 00:30:00,0.315
2012-06-13 01:00:00,0.365
2012-06-13 01:30:00,0.353
2012-06-13 02:00:00,0.314
2012-06-13 02:30:00,0.327
2012-06-13 03:00:00,0.267
2012-06-13 03:30:00,0.3
2012-06-13 04:00:00,0.39
2012-06-13 04:30:00,0.31
2012-06-13 05:00:00,0.308
2012-06-13 05:30:00,0.392
2012-06-13 06:00:00,0.335
2012-06-13 06:30:00,0.233
2012-06-13 07:00:00,0.248
2012-06-13 07:30:00,0.35
2012-06-13 08:00:00,0.604
2012-06-13 08:30:00,0.493
2012-06-13 09:00:00,0.486
2012-06-13 09:30:00,0.752
2012-06-13 10:00:00,0.598
2012-06-13 10:30:00,0.563
2012-06-13 11:00:00,1.474
2012-06-13 11:30:00,0.66
2012-06-13 12:00:00,0.427
2012-06-13 12:30:00,0.367
2012-06-13 13:00:00,0.331
2012-06-13 13:30:00,0.327
2012-06-13 14:00:00,0.376
2012-06-13 14:30:00,0.394
2012-06-13 15:00:00,0.366
2012-06-13 15:30:00,0.273
2012-06-13 16:00:00,0.386
2012-06-13 16:30:00,0.426
2012-06-13 17:00:00,0.393
2012-06-13 17:30:00,0.666
2012-06-13 18:00:00,1.104
2012-06-13 18:30:00,0.876
2012-06-13 19:00:00,0.481
2012-06-13 19:30:00,0.472
2012-06-13 20:00:00,0.541
2012-06-13 20:30:00,0.58
2012-06-13 21:00:00,0.436
2012-06-13 21:30:00,0.381
2012-06-13 22:00:00,0.278
2012-06-13 22:30:00,0.326
2012-06-13 23:00:00,0.292
2012-06-13 23:30:00,0.342
2012-06-14 00:00:00,0.305
2012-06-14 00:30:00,0.336
2012-06-14 01:00:00,0.393
2012-06-14 01:30:00,0.395
2012-06-14 02:00:00,0.279
2012-06-14 02:30:00,0.272
2012-06-14 03:00:00,0.308
2012-06-14 03:30:00,0.298
2012-06-14 04:00:00,0.345
2012-06-14 04:30:00,0.356
2012-06-14 05:00:00,0.297
2012-06-14 05:30:00,0.336
2012-06-14 06:00:00,0.699
2012-06-14 06:30:00,0.648
2012-06-14 07:00:00,0.854
2012-06-14 07:30:00,0.554
2012-06-14 08:00:00,0.405
2012-06-14 08:30:00,0.367
2012-06-14 09:00:00,0.361
2012-06-14 09:30:00,0.336
2012-06-14 10:00:00,0.41
2012-06-14 10:30:00,0.338
2012-06-14 11:00:00,0.333
2012-06-14 11:30:00,0.392
2012-06-14 12:00:00,0.368
2012-06-14 12:30:00,0.317
2012-06-14 13:00:00,0.37
2012-06-14 13:30:00,0.341
2012-06-14 14:00:00,0.42
2012-06-14 14:30:00,0.34
2012-06-14 15:00:00,0.33
2012-06-14 15:30:00,0.339
2012-06-14 16:00:00,2.3540001
2012-06-14 16:30:00,1.41
2012-06-14 17:00:00,0.527
2012-06-14 17:30:00,0.365
2012-06-14 18:00:00,0.402
2012-06-14 18:30:00,1.275
2012-06-14 19:00:00,1.535
2012-06-14 19:30:00,0.382
2012-06-14 20:00:00,0.312
2012-06-14 20:30:00,0.248
2012-06-14 21:00:00,0.328
2012-06-14 21:30:00,0.274
2012-06-14 22:00:00,0.273
2012-06-14 22:30:00,0.165
2012-06-14 23:00:00,0.324
2012-06-14 23:30:00,0.309
2012-06-15 00:00:00,0.355
2012-06-15 00:30:00,0.195
2012-06-15 01:00:00,0.2
2012-06-15 01:30:00,0.245
2012-06-15 02:00:00,0.354
2012-06-15 02:30:00,0.263
2012-06-15 03:00:00,0.312
2012-06-15 03:30:00,0.205
2012-06-15 04:00:00,0.235
2012-06-15 04:30:00,0.282
2012-06-15 05:00:00,0.26
2012-06-15 05:30:00,0.296
2012-06-15 06:00:00,0.535
2012-06-15 06:30:00,0.542
2012-06-15 07:00:00,0.384
2012-06-15 07:30:00,0.261
2012-06-15 08:00:00,0.343
2012-06-15 08:30:00,0.388
2012-06-15 09:00:00,0.339
2012-06-15 09:30:00,0.248
2012-06-15 10:00:00,0.257
2012-06-15 10:30:00,0.258
2012-06-15 11:00:00,0.4
2012-06-15 11:30:00,0.389
2012-06-15 12:00:00,0.277
2012-06-15 12:30:00,0.212
2012-06-15 13:00:00,0.324
2012-06-15 13:30:00,0.397
2012-06-15 14:00:00,0.323
2012-06-15 14:30:00,0.283
2012-06-15 15:00:00,0.259
2012-06-15 15:30:00,0.347
2012-06-15 16:00:00,1.385
2012-06-15 16:30:00,1.228
2012-06-15 17:00:00,0.6
2012-06-15 17:30:00,0.513
2012-06-15 18:00:00,0.588
2012-06-15 18:30:00,0.787
2012-06-15 19:00:00,0.926
2012-06-15 19:30:00,0.776
2012-06-15 20:00:00,0.627
2012-06-15 20:30:00,0.278
2012-06-15 21:00:00,0.223
2012-06-15 21:30:00,0.324
2012-06-15 22:00:00,0.267
2012-06-15 22:30:00,0.165
2012-06-15 23:00:00,0.197
2012-06-15 23:30:00,0.243
2012-06-16 00:00:00,0.155
2012-06-16 00:30:00,0.534
2012-06-16 01:00:00,0.543
2012-06-16 01:30:00,0.8
2012-06-16 02:00:00,0.447
2012-06-16 02:30:00,0.553
2012-06-16 03:00:00,0.497
2012-06-16 03:30:00,0.539
2012-06-16 04:00:00,0.797
2012-06-16 04:30:00,0.442
2012-06-16 05:00:00,0.498
2012-06-16 05:30:00,0.556
2012-06-16 06:00:00,0.838
2012-06-16 06:30:00,0.487
2012-06-16 07:00:00,0.488
2012-06-16 07:30:00,0.489
2012-06-16 08:00:00,0.763
2012-06-16 08:30:00,0.961
2012-06-16 09:00:00,0.503
2012-06-16 09:30:00,0.583
2012-06-16 10:00:00,0.497
2012-06-16 10:30:00,0.861
2012-06-16 11:00:00,0.614
2012-06-16 11:30:00,1.168
2012-06-16 12:00:00,0.897
2012-06-16 12:30:00,0.88
2012-06-16 13:00:00,1.24
2012-06-16 13:30:00,0.903
2012-06-16 14:00:00,0.548
2012-06-16 14:30:00,0.461
2012-06-16 15:00:00,0.4
2012-06-16 15:30:00,0.35
2012-06-16 16:00:00,0.3
2012-06-16 16:30:00,0.323
2012-06-16 17:00:00,0.397
2012-06-16 17:30:00,0.408
2012-06-16 18:00:00,0.283
2012-06-16 18:30:00,0.458
2012-06-16 19:00:00,0.609
2012-06-16 19:30:00,1.033
2012-06-16 20:00:00,0.59
2012-06-16 20:30:00,0.149
2012-06-16 21:00:00,0.324
2012-06-16 21:30:00,0.435
2012-06-16 22:00:00,0.299
2012-06-16 22:30:00,0.336
2012-06-16 23:00:00,0.299
2012-06-16 23:30:00,0.588
2012-06-17 00:00:00,0.383
2012-06-17 00:30:00,0.12
2012-06-17 01:00:00,0.231
2012-06-17 01:30:00,0.221
2012-06-17 02:00:00,0.281
2012-06-17 02:30:00,0.194
2012-06-17 03:00:00,0.232
2012-06-17 03:30:00,0.217
2012-06-17 04:00:00,0.24
2012-06-17 04:30:00,0.193
2012-06-17 05:00:00,0.264
2012-06-17 05:30:00,0.263
2012-06-17 06:00:00,0.191
2012-06-17 06:30:00,0.158
2012-06-17 07:00:00,0.384
2012-06-17 07:30:00,0.469
2012-06-17 08:00:00,1.214
2012-06-17 08:30:00,0.991
2012-06-17 09:00:00,0.429
2012-06-17 09:30:00,0.318
2012-06-17 10:00:00,0.146
2012-06-17 10:30:00,0.26
2012-06-17 11:00:00,0.165
2012-06-17 11:30:00,0.258
2012-06-17 12:00:00,0.188
2012-06-17 12:30:00,0.111
2012-06-17 13:00:00,0.223
2012-06-17 13:30:00,0.25
2012-06-17 14:00:00,0.169
2012-06-17 14:30:00,0.212
2012-06-17 15:00:00,0.192
2012-06-17 15:30:00,0.166
2012-06-17 16:00:00,0.245
2012-06-17 16:30:00,0.207
2012-06-17 17:00:00,0.134
2012-06-17 17:30:00,0.176
2012-06-17 18:00:00,0.398
2012-06-17 18:30:00,0.793
2012-06-17 19:00:00,0.991
2012-06-17 19:30:00,0.746
2012-06-17 20:00:00,0.561
2012-06-17 20:30:00,0.594
2012-06-17 21:00:00,0.407
2012-06-17 21:30:00,0.453
2012-06-17 22:00:00,0.371
2012-06-17 22:30:00,0.367
2012-06-17 23:00:00,0.306
2012-06-17 23:30:00,0.395
2012-06-18 00:00:00,0.345
2012-06-18 00:30:00,0.354
2012-06-18 01:00:00,0.292
2012-06-18 01:30:00,0.293
2012-06-18 02:00:00,0.251
2012-06-18 02:30:00,0.377
2012-06-18 03:00:00,0.37
2012-06-18 03:30:00,0.355
2012-06-18 04:00:00,0.282
2012-06-18 04:30:00,0.322
2012-06-18 05:00:00,0.298
2012-06-18 05:30:00,0.316
2012-06-18 06:00:00,0.284
2012-06-18 06:30:00,0.743
2012-06-18 07:00:00,0.48
2012-06-18 07:30:00,0.482
2012-06-18 08:00:00,0.374
2012-06-18 08:30:00,0.418
2012-06-18 09:00:00,0.463
2012-06-18 09:30:00,0.603
2012-06-18 10:00:00,0.74
2012-06-18 10:30:00,0.526
2012-06-18 11:00:00,0.375
2012-06-18 11:30:00,0.469
2012-06-18 12:00:00,0.394
2012-06-18 12:30:00,0.48
2012-06-18 13:00:00,0.3
2012-06-18 13:30:00,0.506
2012-06-18 14:00:00,0.531
2012-06-18 14:30:00,0.323
2012-06-18 15:00:00,0.356
2012-06-18 15:30:00,1.369
2012-06-18 16:00:00,0.571
2012-06-18 16:30:00,0.621
2012-06-18 17:00:00,0.509
2012-06-18 17:30:00,0.591
2012-06-18 18:00:00,0.622
2012-06-18 18:30:00,1.7079999
2012-06-18 19:00:00,1.161
2012-06-18 19:30:00,0.827
2012-06-18 20:00:00,0.582
2012-06-18 20:30:00,0.564
2012-06-18 21:00:00,0.375
2012-06-18 21:30:00,0.211
2012-06-18 22:00:00,0.529
2012-06-18 22:30:00,0.374
2012-06-18 23:00:00,0.754
2012-06-18 23:30:00,0.851
2012-06-19 00:00:00,0.895
2012-06-19 00:30:00,0.596
2012-06-19 01:00:00,0.575
2012-06-19 01:30:00,0.409
2012-06-19 02:00:00,0.508
2012-06-19 02:30:00,0.613
2012-06-19 03:00:00,0.37
2012-06-19 03:30:00,0.538
2012-06-19 04:00:00,0.632
2012-06-19 04:30:00,0.468
2012-06-19 05:00:00,0.379
2012-06-19 05:30:00,1.295
2012-06-19 06:00:00,1.635
2012-06-19 06:30:00,0.684
2012-06-19 07:00:00,0.291
2012-06-19 07:30:00,0.399
2012-06-19 08:00:00,0.227
2012-06-19 08:30:00,0.124
2012-06-19 09:00:00,0.31
2012-06-19 09:30:00,0.246
2012-06-19 10:00:00,0.215
2012-06-19 10:30:00,0.109
2012-06-19 11:00:00,0.304
2012-06-19 11:30:00,0.31
2012-06-19 12:00:00,0.198
2012-06-19 12:30:00,0.19
2012-06-19 13:00:00,0.64
2012-06-19 13:30:00,0.785
2012-06-19 14:00:00,0.311
2012-06-19 14:30:00,0.175
2012-06-19 15:00:00,0.241
2012-06-19 15:30:00,0.214
2012-06-19 16:00:00,0.743
2012-06-19 16:30:00,0.95
2012-06-19 17:00:00,0.574
2012-06-19 17:30:00,0.639
2012-06-19 18:00:00,0.582
2012-06-19 18:30:00,0.749
2012-06-19 19:00:00,0.809
2012-06-19 19:30:00,1.11
2012-06-19 20:00:00,0.564
2012-06-19 20:30:00,0.362
2012-06-19 21:00:00,1.433
2012-06-19 21:30:00,0.586
2012-06-19 22:00:00,0.423
2012-06-19 22:30:00,0.35
2012-06-19 23:00:00,0.422
2012-06-19 23:30:00,0.509
2012-06-20 00:00:00,0.484
2012-06-20 00:30:00,0.432
2012-06-20 01:00:00,0.44
2012-06-20 01:30:00,0.386
2012-06-20 02:00:00,0.316
2012-06-20 02:30:00,0.452
2012-06-20 03:00:00,0.465
2012-06-20 03:30:00,0.443
2012-06-20 04:00:00,0.316
2012-06-20 04:30:00,0.365
2012-06-20 05:00:00,0.372
2012-06-20 05:30:00,0.291
2012-06-20 06:00:00,1.115
2012-06-20 06:30:00,0.942
2012-06-20 07:00:00,0.524
2012-06-20 07:30:00,0.589
2012-06-20 08:00:00,0.407
2012-06-20 08:30:00,0.335
2012-06-20 09:00:00,0.482
2012-06-20 09:30:00,0.926
2012-06-20 10:00:00,1.5470001
2012-06-20 10:30:00,1.382
2012-06-20 11:00:00,0.305
2012-06-20 11:30:00,0.253
2012-06-20 12:00:00,0.45
2012-06-20 12:30:00,0.408
2012-06-20 13:00:00,0.273
2012-06-20 13:30:00,0.304
2012-06-20 14:00:00,0.424
2012-06-20 14:30:00,0.392
2012-06-20 15:00:00,0.273
2012-06-20 15:30:00,0.327
2012-06-20 16:00:00,1.152
2012-06-20 16:30:00,0.969
2012-06-20 17:00:00,0.945
2012-06-20 17:30:00,0.647
2012-06-20 18:00:00,0.392
2012-06-20 18:30:00,0.938
2012-06-20 19:00:00,0.646
2012-06-20 19:30:00,0.326
2012-06-20 20:00:00,0.137
2012-06-20 20:30:00,0.241
2012-06-20 21:00:00,0.095
2012-06-20 21:30:00,0.248
2012-06-20 22:00:00,0.11
2012-06-20 22:30:00,0.213
2012-06-20 23:00:00,0.091
2012-06-20 23:30:00,0.206
2012-06-21 00:00:00,0.164
2012-06-21 00:30:00,0.172
2012-06-21 01:00:00,0.082
2012-06-21 01:30:00,0.215
2012-06-21 02:00:00,0.133
2012-06-21 02:30:00,0.175
2012-06-21 03:00:00,0.081
2012-06-21 03:30:00,0.215
2012-06-21 04:00:00,0.187
2012-06-21 04:30:00,0.127
2012-06-21 05:00:00,0.213
2012-06-21 05:30:00,0.134
2012-06-21 06:00:00,0.714
2012-06-21 06:30:00,0.434
2012-06-21 07:00:00,0.402
2012-06-21 07:30:00,0.294
2012-06-21 08:00:00,0.363
2012-06-21 08:30:00,0.267
2012-06-21 09:00:00,0.423
2012-06-21 09:30:00,0.471
2012-06-21 10:00:00,0.595
2012-06-21 10:30:00,0.265
2012-06-21 11:00:00,0.164
2012-06-21 11:30:00,0.036
2012-06-21 12:00:00,0.083
2012-06-21 12:30:00,0.135
2012-06-21 13:00:00,0.068
2012-06-21 13:30:00,0.103
2012-06-21 14:00:00,0.057
2012-06-21 14:30:00,0.15
2012-06-21 15:00:00,0.06
2012-06-21 15:30:00,1.161
2012-06-21 16:00:00,1.536
2012-06-21 16:30:00,0.851
2012-06-21 17:00:00,0.415
2012-06-21 17:30:00,0.491
2012-06-21 18:00:00,0.767
2012-06-21 18:30:00,0.36
2012-06-21 19:00:00,0.504
2012-06-21 19:30:00,0.335
2012-06-21 20:00:00,0.243
2012-06-21 20:30:00,0.321
2012-06-21 21:00:00,0.274
2012-06-21 21:30:00,0.327
2012-06-21 22:00:00,0.319
2012-06-21 22:30:00,0.276
2012-06-21 23:00:00,0.261
2012-06-21 23:30:00,0.406
2012-06-22 00:00:00,0.494
2012-06-22 00:30:00,0.331
2012-06-22 01:00:00,0.34
2012-06-22 01:30:00,0.449
2012-06-22 02:00:00,0.445
2012-06-22 02:30:00,0.342
2012-06-22 03:00:00,0.307
2012-06-22 03:30:00,0.398
2012-06-22 04:00:00,0.461
2012-06-22 04:30:00,0.529
2012-06-22 05:00:00,0.418
2012-06-22 05:30:00,0.361
2012-06-22 06:00:00,0.877
2012-06-22 06:30:00,0.652
2012-06-22 07:00:00,0.615
2012-06-22 07:30:00,0.616
2012-06-22 08:00:00,0.206
2012-06-22 08:30:00,0.235
2012-06-22 09:00:00,0.282
2012-06-22 09:30:00,0.223
2012-06-22 10:00:00,0.657
2012-06-22 10:30:00,0.377
2012-06-22 11:00:00,0.431
2012-06-22 11:30:00,0.257
2012-06-22 12:00:00,0.18
2012-06-22 12:30:00,0.256
2012-06-22 13:00:00,0.283
2012-06-22 13:30:00,0.155
2012-06-22 14:00:00,0.258
2012-06-22 14:30:00,0.375
2012-06-22 15:00:00,0.083
2012-06-22 15:30:00,0.28
2012-06-22 16:00:00,0.309
2012-06-22 16:30:00,0.372
2012-06-22 17:00:00,0.747
2012-06-22 17:30:00,0.419
2012-06-22 18:00:00,0.426
2012-06-22 18:30:00,0.404
2012-06-22 19:00:00,0.596
2012-06-22 19:30:00,0.606
2012-06-22 20:00:00,0.424
2012-06-22 20:30:00,0.344
2012-06-22 21:00:00,0.262
2012-06-22 21:30:00,0.157
2012-06-22 22:00:00,0.272
2012-06-22 22:30:00,0.294
2012-06-22 23:00:00,0.302
2012-06-22 23:30:00,0.248
2012-06-23 00:00:00,0.255
2012-06-23 00:30:00,0.219
2012-06-23 01:00:00,0.506
2012-06-23 01:30:00,0.256
2012-06-23 02:00:00,0.25
2012-06-23 02:30:00,0.35
2012-06-23 03:00:00,0.226
2012-06-23 03:30:00,0.223
2012-06-23 04:00:00,0.24
2012-06-23 04:30:00,0.265
2012-06-23 05:00:00,0.338
2012-06-23 05:30:00,0.319
2012-06-23 06:00:00,0.505
2012-06-23 06:30:00,0.462
2012-06-23 07:00:00,0.434
2012-06-23 07:30:00,0.41
2012-06-23 08:00:00,1.156
2012-06-23 08:30:00,0.427
2012-06-23 09:00:00,0.367
2012-06-23 09:30:00,0.336
2012-06-23 10:00:00,0.462
2012-06-23 10:30:00,0.844
2012-06-23 11:00:00,0.413
2012-06-23 11:30:00,0.41
2012-06-23 12:00:00,0.308
2012-06-23 12:30:00,0.254
2012-06-23 13:00:00,0.273
2012-06-23 13:30:00,0.286
2012-06-23 14:00:00,0.229
2012-06-23 14:30:00,0.286
2012-06-23 15:00:00,0.288
2012-06-23 15:30:00,0.353
2012-06-23 16:00:00,0.285
2012-06-23 16:30:00,0.773
2012-06-23 17:00:00,1.6799999
2012-06-23 17:30:00,1.145
2012-06-23 18:00:00,0.445
2012-06-23 18:30:00,1.54
2012-06-23 19:00:00,1.438
2012-06-23 19:30:00,1.72
2012-06-23 20:00:00,1.7920001
2012-06-23 20:30:00,0.243
2012-06-23 21:00:00,0.363
2012-06-23 21:30:00,0.317
2012-06-23 22:00:00,0.062
2012-06-23 22:30:00,0.262
2012-06-23 23:00:00,0.276
2012-06-23 23:30:00,0.201
2012-06-24 00:00:00,0.171
2012-06-24 00:30:00,0.342
2012-06-24 01:00:00,0.529
2012-06-24 01:30:00,0.343
2012-06-24 02:00:00,0.518
2012-06-24 02:30:00,0.517
2012-06-24 03:00:00,0.508
2012-06-24 03:30:00,0.34
2012-06-24 04:00:00,0.549
2012-06-24 04:30:00,0.5
2012-06-24 05:00:00,0.488
2012-06-24 05:30:00,0.421
2012-06-24 06:00:00,0.434
2012-06-24 06:30:00,0.496
2012-06-24 07:00:00,0.34
2012-06-24 07:30:00,0.868
2012-06-24 08:00:00,0.496
2012-06-24 08:30:00,0.831
2012-06-24 09:00:00,0.607
2012-06-24 09:30:00,0.514
2012-06-24 10:00:00,1.124
2012-06-24 10:30:00,0.921
2012-06-24 11:00:00,0.184
2012-06-24 11:30:00,0.246
2012-06-24 12:00:00,0.111
2012-06-24 12:30:00,0.252
2012-06-24 13:00:00,0.224
2012-06-24 13:30:00,0.068
2012-06-24 14:00:00,0.328
2012-06-24 14:30:00,0.213
2012-06-24 15:00:00,0.059
2012-06-24 15:30:00,0.283
2012-06-24 16:00:00,0.237
2012-06-24 16:30:00,0.096
2012-06-24 17:00:00,0.214
2012-06-24 17:30:00,0.223
2012-06-24 18:00:00,0.179
2012-06-24 18:30:00,0.709
2012-06-24 19:00:00,0.784
2012-06-24 19:30:00,0.961
2012-06-24 20:00:00,0.45
2012-06-24 20:30:00,0.292
2012-06-24 21:00:00,0.325
2012-06-24 21:30:00,0.392
2012-06-24 22:00:00,0.322
2012-06-24 22:30:00,0.298
2012-06-24 23:00:00,0.413
2012-06-24 23:30:00,0.363
2012-06-25 00:00:00,0.285
2012-06-25 00:30:00,0.275
2012-06-25 01:00:00,0.297
2012-06-25 01:30:00,0.317
2012-06-25 02:00:00,0.265
2012-06-25 02:30:00,0.322
2012-06-25 03:00:00,0.336
2012-06-25 03:30:00,0.256
2012-06-25 04:00:00,0.249
2012-06-25 04:30:00,0.231
2012-06-25 05:00:00,0.332
2012-06-25 05:30:00,0.33
2012-06-25 06:00:00,0.692
2012-06-25 06:30:00,0.487
2012-06-25 07:00:00,0.6
2012-06-25 07:30:00,0.458
2012-06-25 08:00:00,0.081
2012-06-25 08:30:00,0.119
2012-06-25 09:00:00,0.092
2012-06-25 09:30:00,0.078
2012-06-25 10:00:00,0.091
2012-06-25 10:30:00,0.596
2012-06-25 11:00:00,0.251
2012-06-25 11:30:00,0.08
2012-06-25 12:00:00,0.084
2012-06-25 12:30:00,0.134
2012-06-25 13:00:00,0.074
2012-06-25 13:30:00,0.083
2012-06-25 14:00:00,0.109
2012-06-25 14:30:00,0.1
2012-06-25 15:00:00,0.169
2012-06-25 15:30:00,1.617
2012-06-25 16:00:00,1.452
2012-06-25 16:30:00,0.516
2012-06-25 17:00:00,0.703
2012-06-25 17:30:00,1.027
2012-06-25 18:00:00,0.649
2012-06-25 18:30:00,0.15
2012-06-25 19:00:00,0.181
2012-06-25 19:30:00,0.285
2012-06-25 20:00:00,0.148
2012-06-25 20:30:00,0.256
2012-06-25 21:00:00,0.155
2012-06-25 21:30:00,0.24
2012-06-25 22:00:00,0.251
2012-06-25 22:30:00,0.244
2012-06-25 23:00:00,0.3
2012-06-25 23:30:00,0.188
2012-06-26 00:00:00,0.233
2012-06-26 00:30:00,0.231
2012-06-26 01:00:00,0.206
2012-06-26 01:30:00,0.241
2012-06-26 02:00:00,0.334
2012-06-26 02:30:00,0.348
2012-06-26 03:00:00,0.306
2012-06-26 03:30:00,0.328
2012-06-26 04:00:00,0.251
2012-06-26 04:30:00,0.33
2012-06-26 05:00:00,0.316
2012-06-26 05:30:00,0.352
2012-06-26 06:00:00,0.327
2012-06-26 06:30:00,0.393
2012-06-26 07:00:00,0.806
2012-06-26 07:30:00,0.622
2012-06-26 08:00:00,0.479
2012-06-26 08:30:00,0.469
2012-06-26 09:00:00,0.461
2012-06-26 09:30:00,0.515
2012-06-26 10:00:00,0.499
2012-06-26 10:30:00,0.666
2012-06-26 11:00:00,1.27
2012-06-26 11:30:00,1.353
2012-06-26 12:00:00,0.557
2012-06-26 12:30:00,0.66
2012-06-26 13:00:00,0.6
2012-06-26 13:30:00,0.489
2012-06-26 14:00:00,0.31
2012-06-26 14:30:00,0.846
2012-06-26 15:00:00,0.467
2012-06-26 15:30:00,0.343
2012-06-26 16:00:00,0.588
2012-06-26 16:30:00,0.628
2012-06-26 17:00:00,0.539
2012-06-26 17:30:00,0.275
2012-06-26 18:00:00,0.471
2012-06-26 18:30:00,0.386
2012-06-26 19:00:00,0.225
2012-06-26 19:30:00,0.447
2012-06-26 20:00:00,0.339
2012-06-26 20:30:00,0.278
2012-06-26 21:00:00,0.428
2012-06-26 21:30:00,0.381
2012-06-26 22:00:00,0.263
2012-06-26 22:30:00,0.337
2012-06-26 23:00:00,0.337
2012-06-26 23:30:00,0.274
2012-06-27 00:00:00,0.272
2012-06-27 00:30:00,0.285
2012-06-27 01:00:00,0.288
2012-06-27 01:30:00,0.181
2012-06-27 02:00:00,0.223
2012-06-27 02:30:00,0.257
2012-06-27 03:00:00,0.21
2012-06-27 03:30:00,0.166
2012-06-27 04:00:00,0.219
2012-06-27 04:30:00,0.244
2012-06-27 05:00:00,0.162
2012-06-27 05:30:00,0.236
2012-06-27 06:00:00,0.595
2012-06-27 06:30:00,0.437
2012-06-27 07:00:00,0.151
2012-06-27 07:30:00,0.222
2012-06-27 08:00:00,0.228
2012-06-27 08:30:00,0.256
2012-06-27 09:00:00,0.512
2012-06-27 09:30:00,0.768
2012-06-27 10:00:00,0.346
2012-06-27 10:30:00,0.24
2012-06-27 11:00:00,0.296
2012-06-27 11:30:00,1.184
2012-06-27 12:00:00,1.232
2012-06-27 12:30:00,1.3660001
2012-06-27 13:00:00,0.676
2012-06-27 13:30:00,2.207
2012-06-27 14:00:00,1.126
2012-06-27 14:30:00,0.424
2012-06-27 15:00:00,0.536
2012-06-27 15:30:00,0.873
2012-06-27 16:00:00,1.6799999
2012-06-27 16:30:00,0.682
2012-06-27 17:00:00,0.477
2012-06-27 17:30:00,0.773
2012-06-27 18:00:00,0.805
2012-06-27 18:30:00,0.241
2012-06-27 19:00:00,0.479
2012-06-27 19:30:00,0.281
2012-06-27 20:00:00,0.506
2012-06-27 20:30:00,0.693
2012-06-27 21:00:00,0.513
2012-06-27 21:30:00,0.463
2012-06-27 22:00:00,0.222
2012-06-27 22:30:00,0.242
2012-06-27 23:00:00,0.34
2012-06-27 23:30:00,0.383
2012-06-28 00:00:00,0.067
2012-06-28 00:30:00,0.255
2012-06-28 01:00:00,0.275
2012-06-28 01:30:00,0.192
2012-06-28 02:00:00,0.261
2012-06-28 02:30:00,0.245
2012-06-28 03:00:00,0.223
2012-06-28 03:30:00,0.152
2012-06-28 04:00:00,0.253
2012-06-28 04:30:00,0.239
2012-06-28 05:00:00,0.139
2012-06-28 05:30:00,0.211
2012-06-28 06:00:00,0.263
2012-06-28 06:30:00,0.23
2012-06-28 07:00:00,0.085
2012-06-28 07:30:00,0.262
2012-06-28 08:00:00,0.365
2012-06-28 08:30:00,0.42
2012-06-28 09:00:00,0.22
2012-06-28 09:30:00,0.486
2012-06-28 10:00:00,1.775
2012-06-28 10:30:00,0.728
2012-06-28 11:00:00,0.319
2012-06-28 11:30:00,0.254
2012-06-28 12:00:00,0.135
2012-06-28 12:30:00,0.127
2012-06-28 13:00:00,0.123
2012-06-28 13:30:00,0.073
2012-06-28 14:00:00,0.045
2012-06-28 14:30:00,0.13
2012-06-28 15:00:00,0.135
2012-06-28 15:30:00,0.067
2012-06-28 16:00:00,0.196
2012-06-28 16:30:00,0.126
2012-06-28 17:00:00,0.132
2012-06-28 17:30:00,0.14
2012-06-28 18:00:00,0.099
2012-06-28 18:30:00,1.2
2012-06-28 19:00:00,1.0599999
2012-06-28 19:30:00,0.79
2012-06-28 20:00:00,0.516
2012-06-28 20:30:00,0.165
2012-06-28 21:00:00,0.221
2012-06-28 21:30:00,0.262
2012-06-28 22:00:00,0.216
2012-06-28 22:30:00,0.232
2012-06-28 23:00:00,0.356
2012-06-28 23:30:00,0.215
2012-06-29 00:00:00,0.312
2012-06-29 00:30:00,0.323
2012-06-29 01:00:00,0.298
2012-06-29 01:30:00,0.243
2012-06-29 02:00:00,0.248
2012-06-29 02:30:00,0.249
2012-06-29 03:00:00,0.169
2012-06-29 03:30:00,0.21
2012-06-29 04:00:00,0.237
2012-06-29 04:30:00,0.126
2012-06-29 05:00:00,0.271
2012-06-29 05:30:00,0.21
2012-06-29 06:00:00,0.666
2012-06-29 06:30:00,0.841
2012-06-29 07:00:00,0.453
2012-06-29 07:30:00,0.696
2012-06-29 08:00:00,0.328
2012-06-29 08:30:00,0.191
2012-06-29 09:00:00,0.305
2012-06-29 09:30:00,0.788
2012-06-29 10:00:00,0.812
2012-06-29 10:30:00,0.172
2012-06-29 11:00:00,0.136
2012-06-29 11:30:00,0.147
2012-06-29 12:00:00,0.104
2012-06-29 12:30:00,0.053
2012-06-29 13:00:00,0.169
2012-06-29 13:30:00,0.099
2012-06-29 14:00:00,0.154
2012-06-29 14:30:00,0.075
2012-06-29 15:00:00,0.107
2012-06-29 15:30:00,0.4
2012-06-29 16:00:00,1.0549999
2012-06-29 16:30:00,0.629
2012-06-29 17:00:00,0.63
2012-06-29 17:30:00,0.836
2012-06-29 18:00:00,1.217
2012-06-29 18:30:00,0.652
2012-06-29 19:00:00,0.35
2012-06-29 19:30:00,0.384
2012-06-29 20:00:00,0.507
2012-06-29 20:30:00,0.743
2012-06-29 21:00:00,0.435
2012-06-29 21:30:00,0.28
2012-06-29 22:00:00,0.267
2012-06-29 22:30:00,0.203
2012-06-29 23:00:00,0.143
2012-06-29 23:30:00,0.319
2012-06-30 00:00:00,0.343
2012-06-30 00:30:00,0.305
2012-06-30 01:00:00,0.508
2012-06-30 01:30:00,0.521
2012-06-30 02:00:00,0.277
2012-06-30 02:30:00,0.352
2012-06-30 03:00:00,0.42
2012-06-30 03:30:00,0.617
2012-06-30 04:00:00,0.648
2012-06-30 04:30:00,0.569
2012-06-30 05:00:00,0.284
2012-06-30 05:30:00,0.118
2012-06-30 06:00:00,0.499
2012-06-30 06:30:00,0.914
2012-06-30 07:00:00,0.941
2012-06-30 07:30:00,0.523
2012-06-30 08:00:00,0.57
2012-06-30 08:30:00,1.224
2012-06-30 09:00:00,1.224
2012-06-30 09:30:00,1.084
2012-06-30 10:00:00,0.475
2012-06-30 10:30:00,0.108
2012-06-30 11:00:00,0.336
2012-06-30 11:30:00,0.275
2012-06-30 12:00:00,0.064
2012-06-30 12:30:00,0.207
2012-06-30 13:00:00,0.279
2012-06-30 13:30:00,0.177
2012-06-30 14:00:00,0.179
2012-06-30 14:30:00,0.232
2012-06-30 15:00:00,0.175
2012-06-30 15:30:00,0.199
2012-06-30 16:00:00,0.248
2012-06-30 16:30:00,0.129
2012-06-30 17:00:00,0.184
2012-06-30 17:30:00,0.262
2012-06-30 18:00:00,0.115
2012-06-30 18:30:00,0.146
2012-06-30 19:00:00,0.241
2012-06-30 19:30:00,0.224
2012-06-30 20:00:00,0.187
2012-06-30 20:30:00,1.015
2012-06-30 21:00:00,1.399
2012-06-30 21:30:00,0.382
2012-06-30 22:00:00,0.383
2012-06-30 22:30:00,0.591
2012-06-30 23:00:00,0.408
2012-06-30 23:30:00,0.363
2012-07-01 00:00:00,0.264
2012-07-01 00:30:00,0.236
2012-07-01 01:00:00,0.303
2012-07-01 01:30:00,0.288
2012-07-01 02:00:00,0.31
2012-07-01 02:30:00,0.231
2012-07-01 03:00:00,0.224
2012-07-01 03:30:00,0.279
2012-07-01 04:00:00,0.235
2012-07-01 04:30:00,0.333
2012-07-01 05:00:00,0.335
2012-07-01 05:30:00,0.264
2012-07-01 06:00:00,0.278
2012-07-01 06:30:00,0.227
2012-07-01 07:00:00,0.255
2012-07-01 07:30:00,0.637
2012-07-01 08:00:00,0.624
2012-07-01 08:30:00,0.373
2012-07-01 09:00:00,0.403
2012-07-01 09:30:00,0.44
2012-07-01 10:00:00,0.999
2012-07-01 10:30:00,0.807
2012-07-01 11:00:00,1.808
2012-07-01 11:30:00,0.51
2012-07-01 12:00:00,0.352
2012-07-01 12:30:00,0.553
2012-07-01 13:00:00,0.238
2012-07-01 13:30:00,0.268
2012-07-01 14:00:00,0.299
2012-07-01 14:30:00,0.351
2012-07-01 15:00:00,0.07
2012-07-01 15:30:00,0.209
2012-07-01 16:00:00,0.059
2012-07-01 16:30:00,0.233
2012-07-01 17:00:00,0.093
2012-07-01 17:30:00,0.135
2012-07-01 18:00:00,0.855
2012-07-01 18:30:00,0.513
2012-07-01 19:00:00,0.42
2012-07-01 19:30:00,0.358
2012-07-01 20:00:00,0.352
2012-07-01 20:30:00,0.35
2012-07-01 21:00:00,0.372
2012-07-01 21:30:00,0.414
2012-07-01 22:00:00,0.278
2012-07-01 22:30:00,0.255
2012-07-01 23:00:00,0.228
2012-07-01 23:30:00,0.194
2012-07-02 00:00:00,0.366
2012-07-02 00:30:00,0.245
2012-07-02 01:00:00,0.247
2012-07-02 01:30:00,0.118
2012-07-02 02:00:00,0.321
2012-07-02 02:30:00,0.277
2012-07-02 03:00:00,0.274
2012-07-02 03:30:00,0.123
2012-07-02 04:00:00,0.247
2012-07-02 04:30:00,0.286
2012-07-02 05:00:00,0.306
2012-07-02 05:30:00,0.169
2012-07-02 06:00:00,0.508
2012-07-02 06:30:00,0.279
2012-07-02 07:00:00,0.35
2012-07-02 07:30:00,0.574
2012-07-02 08:00:00,0.294
2012-07-02 08:30:00,0.79
2012-07-02 09:00:00,0.819
2012-07-02 09:30:00,2.043
2012-07-02 10:00:00,2.1329999
2012-07-02 10:30:00,1.0
2012-07-02 11:00:00,0.5
2012-07-02 11:30:00,0.502
2012-07-02 12:00:00,0.421
2012-07-02 12:30:00,0.284
2012-07-02 13:00:00,0.237
2012-07-02 13:30:00,0.256
2012-07-02 14:00:00,0.339
2012-07-02 14:30:00,0.299
2012-07-02 15:00:00,0.302
2012-07-02 15:30:00,0.339
2012-07-02 16:00:00,0.236
2012-07-02 16:30:00,0.208
2012-07-02 17:00:00,0.478
2012-07-02 17:30:00,1.277
2012-07-02 18:00:00,0.937
2012-07-02 18:30:00,0.846
2012-07-02 19:00:00,0.615
2012-07-02 19:30:00,0.905
2012-07-02 20:00:00,0.383
2012-07-02 20:30:00,0.397
2012-07-02 21:00:00,0.432
2012-07-02 21:30:00,0.362
2012-07-02 22:00:00,0.282
2012-07-02 22:30:00,0.385
2012-07-02 23:00:00,0.293
2012-07-02 23:30:00,0.308
2012-07-03 00:00:00,0.359
2012-07-03 00:30:00,0.35
2012-07-03 01:00:00,0.352
2012-07-03 01:30:00,0.243
2012-07-03 02:00:00,0.295
2012-07-03 02:30:00,0.311
2012-07-03 03:00:00,0.287
2012-07-03 03:30:00,0.315
2012-07-03 04:00:00,0.299
2012-07-03 04:30:00,0.405
2012-07-03 05:00:00,0.34
2012-07-03 05:30:00,0.354
2012-07-03 06:00:00,0.359
2012-07-03 06:30:00,0.696
2012-07-03 07:00:00,0.459
2012-07-03 07:30:00,0.477
2012-07-03 08:00:00,0.38
2012-07-03 08:30:00,0.291
2012-07-03 09:00:00,0.497
2012-07-03 09:30:00,1.887
2012-07-03 10:00:00,0.456
2012-07-03 10:30:00,0.438
2012-07-03 11:00:00,0.284
2012-07-03 11:30:00,0.238
2012-07-03 12:00:00,0.212
2012-07-03 12:30:00,0.278
2012-07-03 13:00:00,0.239
2012-07-03 13:30:00,0.289
2012-07-03 14:00:00,0.223
2012-07-03 14:30:00,0.28
2012-07-03 15:00:00,0.343
2012-07-03 15:30:00,0.382
2012-07-03 16:00:00,0.782
2012-07-03 16:30:00,0.48
2012-07-03 17:00:00,0.79
2012-07-03 17:30:00,0.588
2012-07-03 18:00:00,1.257
2012-07-03 18:30:00,1.002
2012-07-03 19:00:00,0.215
2012-07-03 19:30:00,0.248
2012-07-03 20:00:00,0.217
2012-07-03 20:30:00,0.164
2012-07-03 21:00:00,0.264
2012-07-03 21:30:00,0.277
2012-07-03 22:00:00,0.046
2012-07-03 22:30:00,0.23
2012-07-03 23:00:00,0.249
2012-07-03 23:30:00,0.18
2012-07-04 00:00:00,0.208
2012-07-04 00:30:00,0.193
2012-07-04 01:00:00,0.13
2012-07-04 01:30:00,0.26
2012-07-04 02:00:00,0.228
2012-07-04 02:30:00,0.149
2012-07-04 03:00:00,0.169
2012-07-04 03:30:00,0.24
2012-07-04 04:00:00,0.254
2012-07-04 04:30:00,0.276
2012-07-04 05:00:00,0.148
2012-07-04 05:30:00,0.145
2012-07-04 06:00:00,0.72
2012-07-04 06:30:00,0.669
2012-07-04 07:00:00,0.478
2012-07-04 07:30:00,0.307
2012-07-04 08:00:00,0.253
2012-07-04 08:30:00,0.282
2012-07-04 09:00:00,0.338
2012-07-04 09:30:00,0.286
2012-07-04 10:00:00,0.324
2012-07-04 10:30:00,0.195
2012-07-04 11:00:00,0.291
2012-07-04 11:30:00,0.3
2012-07-04 12:00:00,0.337
2012-07-04 12:30:00,0.269
2012-07-04 13:00:00,0.267
2012-07-04 13:30:00,0.279
2012-07-04 14:00:00,0.327
2012-07-04 14:30:00,0.245
2012-07-04 15:00:00,0.239
2012-07-04 15:30:00,0.245
2012-07-04 16:00:00,1.148
2012-07-04 16:30:00,1.937
2012-07-04 17:00:00,0.771
2012-07-04 17:30:00,0.498
2012-07-04 18:00:00,0.416
2012-07-04 18:30:00,0.319
2012-07-04 19:00:00,0.881
2012-07-04 19:30:00,0.308
2012-07-04 20:00:00,0.277
2012-07-04 20:30:00,0.055
2012-07-04 21:00:00,0.106
2012-07-04 21:30:00,0.163
2012-07-04 22:00:00,0.091
2012-07-04 22:30:00,0.091
2012-07-04 23:00:00,0.053
2012-07-04 23:30:00,0.152
2012-07-05 00:00:00,0.099
2012-07-05 00:30:00,0.308
2012-07-05 01:00:00,0.323
2012-07-05 01:30:00,0.361
2012-07-05 02:00:00,0.308
2012-07-05 02:30:00,0.303
2012-07-05 03:00:00,0.228
2012-07-05 03:30:00,0.201
2012-07-05 04:00:00,0.263
2012-07-05 04:30:00,0.234
2012-07-05 05:00:00,0.262
2012-07-05 05:30:00,0.273
2012-07-05 06:00:00,0.735
2012-07-05 06:30:00,0.629
2012-07-05 07:00:00,0.52
2012-07-05 07:30:00,0.327
2012-07-05 08:00:00,0.355
2012-07-05 08:30:00,0.346
2012-07-05 09:00:00,0.324
2012-07-05 09:30:00,0.284
2012-07-05 10:00:00,0.238
2012-07-05 10:30:00,0.243
2012-07-05 11:00:00,0.256
2012-07-05 11:30:00,0.261
2012-07-05 12:00:00,0.289
2012-07-05 12:30:00,0.358
2012-07-05 13:00:00,0.386
2012-07-05 13:30:00,0.268
2012-07-05 14:00:00,0.186
2012-07-05 14:30:00,0.249
2012-07-05 15:00:00,0.328
2012-07-05 15:30:00,0.703
2012-07-05 16:00:00,2.6760001
2012-07-05 16:30:00,1.215
2012-07-05 17:00:00,0.457
2012-07-05 17:30:00,0.362
2012-07-05 18:00:00,1.151
2012-07-05 18:30:00,0.887
2012-07-05 19:00:00,0.857
2012-07-05 19:30:00,0.24
2012-07-05 20:00:00,0.27
2012-07-05 20:30:00,0.319
2012-07-05 21:00:00,0.109
2012-07-05 21:30:00,0.161
2012-07-05 22:00:00,0.203
2012-07-05 22:30:00,0.148
2012-07-05 23:00:00,0.193
2012-07-05 23:30:00,0.054
2012-07-06 00:00:00,0.268
2012-07-06 00:30:00,0.231
2012-07-06 01:00:00,0.173
2012-07-06 01:30:00,0.092
2012-07-06 02:00:00,0.291
2012-07-06 02:30:00,0.189
2012-07-06 03:00:00,0.118
2012-07-06 03:30:00,0.188
2012-07-06 04:00:00,0.171
2012-07-06 04:30:00,0.232
2012-07-06 05:00:00,0.181
2012-07-06 05:30:00,0.101
2012-07-06 06:00:00,0.96
2012-07-06 06:30:00,0.294
2012-07-06 07:00:00,0.157
2012-07-06 07:30:00,0.306
2012-07-06 08:00:00,0.195
2012-07-06 08:30:00,0.154
2012-07-06 09:00:00,0.22
2012-07-06 09:30:00,0.306
2012-07-06 10:00:00,0.89
2012-07-06 10:30:00,1.575
2012-07-06 11:00:00,0.588
2012-07-06 11:30:00,0.278
2012-07-06 12:00:00,0.246
2012-07-06 12:30:00,0.269
2012-07-06 13:00:00,0.194
2012-07-06 13:30:00,0.228
2012-07-06 14:00:00,0.24
2012-07-06 14:30:00,0.194
2012-07-06 15:00:00,0.174
2012-07-06 15:30:00,0.427
2012-07-06 16:00:00,1.242
2012-07-06 16:30:00,0.221
2012-07-06 17:00:00,0.386
2012-07-06 17:30:00,0.449
2012-07-06 18:00:00,1.303
2012-07-06 18:30:00,0.9
2012-07-06 19:00:00,0.234
2012-07-06 19:30:00,0.281
2012-07-06 20:00:00,0.271
2012-07-06 20:30:00,0.248
2012-07-06 21:00:00,0.21
2012-07-06 21:30:00,0.167
2012-07-06 22:00:00,0.237
2012-07-06 22:30:00,0.281
2012-07-06 23:00:00,0.283
2012-07-06 23:30:00,0.163
2012-07-07 00:00:00,0.284
2012-07-07 00:30:00,0.232
2012-07-07 01:00:00,0.323
2012-07-07 01:30:00,0.303
2012-07-07 02:00:00,0.143
2012-07-07 02:30:00,0.197
2012-07-07 03:00:00,0.258
2012-07-07 03:30:00,0.326
2012-07-07 04:00:00,0.247
2012-07-07 04:30:00,0.207
2012-07-07 05:00:00,0.148
2012-07-07 05:30:00,0.305
2012-07-07 06:00:00,0.247
2012-07-07 06:30:00,0.223
2012-07-07 07:00:00,0.272
2012-07-07 07:30:00,0.192
2012-07-07 08:00:00,0.397
2012-07-07 08:30:00,0.362
2012-07-07 09:00:00,0.369
2012-07-07 09:30:00,0.827
2012-07-07 10:00:00,0.285
2012-07-07 10:30:00,0.373
2012-07-07 11:00:00,0.315
2012-07-07 11:30:00,0.48
2012-07-07 12:00:00,0.46
2012-07-07 12:30:00,0.513
2012-07-07 13:00:00,0.564
2012-07-07 13:30:00,0.27
2012-07-07 14:00:00,0.383
2012-07-07 14:30:00,0.319
2012-07-07 15:00:00,0.34
2012-07-07 15:30:00,0.235
2012-07-07 16:00:00,0.246
2012-07-07 16:30:00,0.261
2012-07-07 17:00:00,0.219
2012-07-07 17:30:00,0.701
2012-07-07 18:00:00,0.587
2012-07-07 18:30:00,0.225
2012-07-07 19:00:00,0.31
2012-07-07 19:30:00,0.247
2012-07-07 20:00:00,0.185
2012-07-07 20:30:00,0.305
2012-07-07 21:00:00,0.306
2012-07-07 21:30:00,0.243
2012-07-07 22:00:00,0.247
2012-07-07 22:30:00,0.304
2012-07-07 23:00:00,0.269
2012-07-07 23:30:00,0.158
2012-07-08 00:00:00,0.155
2012-07-08 00:30:00,0.292
2012-07-08 01:00:00,0.268
2012-07-08 01:30:00,0.139
2012-07-08 02:00:00,0.179
2012-07-08 02:30:00,0.272
2012-07-08 03:00:00,0.27
2012-07-08 03:30:00,0.166
2012-07-08 04:00:00,0.179
2012-07-08 04:30:00,0.229
2012-07-08 05:00:00,0.309
2012-07-08 05:30:00,0.093
2012-07-08 06:00:00,0.245
2012-07-08 06:30:00,0.235
2012-07-08 07:00:00,0.344
2012-07-08 07:30:00,0.344
2012-07-08 08:00:00,0.424
2012-07-08 08:30:00,0.343
2012-07-08 09:00:00,0.455
2012-07-08 09:30:00,0.558
2012-07-08 10:00:00,0.518
2012-07-08 10:30:00,1.779
2012-07-08 11:00:00,1.451
2012-07-08 11:30:00,0.643
2012-07-08 12:00:00,0.265
2012-07-08 12:30:00,0.304
2012-07-08 13:00:00,0.798
2012-07-08 13:30:00,0.269
2012-07-08 14:00:00,0.155
2012-07-08 14:30:00,0.278
2012-07-08 15:00:00,0.818
2012-07-08 15:30:00,2.434
2012-07-08 16:00:00,1.001
2012-07-08 16:30:00,0.787
2012-07-08 17:00:00,0.965
2012-07-08 17:30:00,0.644
2012-07-08 18:00:00,0.335
2012-07-08 18:30:00,0.419
2012-07-08 19:00:00,0.327
2012-07-08 19:30:00,0.287
2012-07-08 20:00:00,0.314
2012-07-08 20:30:00,0.108
2012-07-08 21:00:00,0.223
2012-07-08 21:30:00,0.25
2012-07-08 22:00:00,0.108
2012-07-08 22:30:00,0.284
2012-07-08 23:00:00,0.193
2012-07-08 23:30:00,0.192
2012-07-09 00:00:00,0.283
2012-07-09 00:30:00,0.113
2012-07-09 01:00:00,0.278
2012-07-09 01:30:00,0.25
2012-07-09 02:00:00,0.135
2012-07-09 02:30:00,0.199
2012-07-09 03:00:00,0.275
2012-07-09 03:30:00,0.217
2012-07-09 04:00:00,0.291
2012-07-09 04:30:00,0.238
2012-07-09 05:00:00,0.326
2012-07-09 05:30:00,0.286
2012-07-09 06:00:00,0.245
2012-07-09 06:30:00,0.616
2012-07-09 07:00:00,0.42
2012-07-09 07:30:00,0.404
2012-07-09 08:00:00,0.289
2012-07-09 08:30:00,0.27
2012-07-09 09:00:00,0.321
2012-07-09 09:30:00,0.324
2012-07-09 10:00:00,0.303
2012-07-09 10:30:00,0.508
2012-07-09 11:00:00,0.411
2012-07-09 11:30:00,0.35
2012-07-09 12:00:00,0.316
2012-07-09 12:30:00,0.249
2012-07-09 13:00:00,0.274
2012-07-09 13:30:00,0.311
2012-07-09 14:00:00,0.283
2012-07-09 14:30:00,0.228
2012-07-09 15:00:00,0.301
2012-07-09 15:30:00,0.379
2012-07-09 16:00:00,1.096
2012-07-09 16:30:00,1.55
2012-07-09 17:00:00,0.725
2012-07-09 17:30:00,0.451
2012-07-09 18:00:00,0.34
2012-07-09 18:30:00,0.395
2012-07-09 19:00:00,0.983
2012-07-09 19:30:00,0.683
2012-07-09 20:00:00,0.319
2012-07-09 20:30:00,0.13
2012-07-09 21:00:00,0.203
2012-07-09 21:30:00,0.352
2012-07-09 22:00:00,0.177
2012-07-09 22:30:00,0.259
2012-07-09 23:00:00,0.315
2012-07-09 23:30:00,0.278
2012-07-10 00:00:00,0.251
2012-07-10 00:30:00,0.321
2012-07-10 01:00:00,0.293
2012-07-10 01:30:00,0.225
2012-07-10 02:00:00,0.201
2012-07-10 02:30:00,0.311
2012-07-10 03:00:00,0.285
2012-07-10 03:30:00,0.29
2012-07-10 04:00:00,0.245
2012-07-10 04:30:00,0.343
2012-07-10 05:00:00,0.198
2012-07-10 05:30:00,0.258
2012-07-10 06:00:00,0.218
2012-07-10 06:30:00,0.669
2012-07-10 07:00:00,0.504
2012-07-10 07:30:00,0.307
2012-07-10 08:00:00,0.285
2012-07-10 08:30:00,0.28
2012-07-10 09:00:00,0.309
2012-07-10 09:30:00,0.217
2012-07-10 10:00:00,0.241
2012-07-10 10:30:00,0.297
2012-07-10 11:00:00,0.375
2012-07-10 11:30:00,0.255
2012-07-10 12:00:00,0.301
2012-07-10 12:30:00,0.252
2012-07-10 13:00:00,0.347
2012-07-10 13:30:00,0.23
2012-07-10 14:00:00,0.203
2012-07-10 14:30:00,0.321
2012-07-10 15:00:00,0.323
2012-07-10 15:30:00,0.696
2012-07-10 16:00:00,1.416
2012-07-10 16:30:00,0.4
2012-07-10 17:00:00,0.745
2012-07-10 17:30:00,0.415
2012-07-10 18:00:00,0.324
2012-07-10 18:30:00,0.381
2012-07-10 19:00:00,0.334
2012-07-10 19:30:00,0.534
2012-07-10 20:00:00,0.268
2012-07-10 20:30:00,0.191
2012-07-10 21:00:00,0.191
2012-07-10 21:30:00,0.228
2012-07-10 22:00:00,0.14
2012-07-10 22:30:00,0.242
2012-07-10 23:00:00,0.092
2012-07-10 23:30:00,0.215
2012-07-11 00:00:00,0.106
2012-07-11 00:30:00,0.268
2012-07-11 01:00:00,0.154
2012-07-11 01:30:00,0.131
2012-07-11 02:00:00,0.236
2012-07-11 02:30:00,0.116
2012-07-11 03:00:00,0.184
2012-07-11 03:30:00,0.231
2012-07-11 04:00:00,0.177
2012-07-11 04:30:00,0.189
2012-07-11 05:00:00,0.118
2012-07-11 05:30:00,0.234
2012-07-11 06:00:00,1.026
2012-07-11 06:30:00,0.469
2012-07-11 07:00:00,0.57
2012-07-11 07:30:00,0.366
2012-07-11 08:00:00,0.208
2012-07-11 08:30:00,0.227
2012-07-11 09:00:00,0.328
2012-07-11 09:30:00,0.441
2012-07-11 10:00:00,0.457
2012-07-11 10:30:00,0.761
2012-07-11 11:00:00,0.297
2012-07-11 11:30:00,0.208
2012-07-11 12:00:00,0.253
2012-07-11 12:30:00,0.308
2012-07-11 13:00:00,0.25
2012-07-11 13:30:00,0.315
2012-07-11 14:00:00,0.343
2012-07-11 14:30:00,0.21
2012-07-11 15:00:00,0.228
2012-07-11 15:30:00,0.221
2012-07-11 16:00:00,0.347
2012-07-11 16:30:00,0.243
2012-07-11 17:00:00,0.304
2012-07-11 17:30:00,0.31
2012-07-11 18:00:00,0.242
2012-07-11 18:30:00,0.233
2012-07-11 19:00:00,0.195
2012-07-11 19:30:00,0.334
2012-07-11 20:00:00,0.404
2012-07-11 20:30:00,0.263
2012-07-11 21:00:00,0.225
2012-07-11 21:30:00,0.227
2012-07-11 22:00:00,0.292
2012-07-11 22:30:00,0.261
2012-07-11 23:00:00,0.259
2012-07-11 23:30:00,0.201
2012-07-12 00:00:00,0.194
2012-07-12 00:30:00,0.292
2012-07-12 01:00:00,0.274
2012-07-12 01:30:00,0.177
2012-07-12 02:00:00,0.13
2012-07-12 02:30:00,0.294
2012-07-12 03:00:00,0.288
2012-07-12 03:30:00,0.246
2012-07-12 04:00:00,0.215
2012-07-12 04:30:00,0.179
2012-07-12 05:00:00,0.332
2012-07-12 05:30:00,0.251
2012-07-12 06:00:00,0.969
2012-07-12 06:30:00,0.57
2012-07-12 07:00:00,1.316
2012-07-12 07:30:00,0.29
2012-07-12 08:00:00,0.131
2012-07-12 08:30:00,0.131
2012-07-12 09:00:00,0.139
2012-07-12 09:30:00,0.038
2012-07-12 10:00:00,0.089
2012-07-12 10:30:00,0.314
2012-07-12 11:00:00,0.43
2012-07-12 11:30:00,0.21
2012-07-12 12:00:00,0.179
2012-07-12 12:30:00,0.284
2012-07-12 13:00:00,0.256
2012-07-12 13:30:00,0.261
2012-07-12 14:00:00,0.247
2012-07-12 14:30:00,0.252
2012-07-12 15:00:00,0.184
2012-07-12 15:30:00,0.647
2012-07-12 16:00:00,0.769
2012-07-12 16:30:00,0.453
2012-07-12 17:00:00,1.351
2012-07-12 17:30:00,1.568
2012-07-12 18:00:00,1.1720001
2012-07-12 18:30:00,0.672
2012-07-12 19:00:00,0.961
2012-07-12 19:30:00,0.445
2012-07-12 20:00:00,0.529
2012-07-12 20:30:00,0.373
2012-07-12 21:00:00,0.333
2012-07-12 21:30:00,0.546
2012-07-12 22:00:00,0.389
2012-07-12 22:30:00,0.361
2012-07-12 23:00:00,0.441
2012-07-12 23:30:00,0.433
2012-07-13 00:00:00,0.421
2012-07-13 00:30:00,0.347
2012-07-13 01:00:00,0.504
2012-07-13 01:30:00,0.337
2012-07-13 02:00:00,0.378
2012-07-13 02:30:00,0.485
2012-07-13 03:00:00,0.355
2012-07-13 03:30:00,0.442
2012-07-13 04:00:00,0.399
2012-07-13 04:30:00,0.471
2012-07-13 05:00:00,0.319
2012-07-13 05:30:00,0.348
2012-07-13 06:00:00,1.3329999
2012-07-13 06:30:00,0.886
2012-07-13 07:00:00,0.55
2012-07-13 07:30:00,0.414
2012-07-13 08:00:00,0.488
2012-07-13 08:30:00,0.444
2012-07-13 09:00:00,0.196
2012-07-13 09:30:00,0.203
2012-07-13 10:00:00,0.071
2012-07-13 10:30:00,0.132
2012-07-13 11:00:00,0.123
2012-07-13 11:30:00,0.089
2012-07-13 12:00:00,0.077
2012-07-13 12:30:00,0.076
2012-07-13 13:00:00,0.133
2012-07-13 13:30:00,0.158
2012-07-13 14:00:00,0.08
2012-07-13 14:30:00,0.065
2012-07-13 15:00:00,0.297
2012-07-13 15:30:00,1.723
2012-07-13 16:00:00,0.546
2012-07-13 16:30:00,0.298
2012-07-13 17:00:00,0.381
2012-07-13 17:30:00,0.509
2012-07-13 18:00:00,0.42
2012-07-13 18:30:00,0.367
2012-07-13 19:00:00,0.184
2012-07-13 19:30:00,0.25
2012-07-13 20:00:00,0.334
2012-07-13 20:30:00,0.308
2012-07-13 21:00:00,0.185
2012-07-13 21:30:00,0.178
2012-07-13 22:00:00,0.284
2012-07-13 22:30:00,0.315
2012-07-13 23:00:00,0.235
2012-07-13 23:30:00,0.209
2012-07-14 00:00:00,0.173
2012-07-14 00:30:00,0.303
2012-07-14 01:00:00,0.24
2012-07-14 01:30:00,0.252
2012-07-14 02:00:00,0.283
2012-07-14 02:30:00,0.204
2012-07-14 03:00:00,0.182
2012-07-14 03:30:00,0.267
2012-07-14 04:00:00,0.257
2012-07-14 04:30:00,0.332
2012-07-14 05:00:00,0.217
2012-07-14 05:30:00,0.201
2012-07-14 06:00:00,0.201
2012-07-14 06:30:00,0.279
2012-07-14 07:00:00,0.53
2012-07-14 07:30:00,0.342
2012-07-14 08:00:00,0.273
2012-07-14 08:30:00,0.202
2012-07-14 09:00:00,0.273
2012-07-14 09:30:00,0.099
2012-07-14 10:00:00,0.307
2012-07-14 10:30:00,0.155
2012-07-14 11:00:00,0.089
2012-07-14 11:30:00,0.29
2012-07-14 12:00:00,0.073
2012-07-14 12:30:00,0.173
2012-07-14 13:00:00,0.194
2012-07-14 13:30:00,0.103
2012-07-14 14:00:00,0.274
2012-07-14 14:30:00,0.07
2012-07-14 15:00:00,0.183
2012-07-14 15:30:00,0.244
2012-07-14 16:00:00,0.114
2012-07-14 16:30:00,0.24
2012-07-14 17:00:00,0.083
2012-07-14 17:30:00,0.182
2012-07-14 18:00:00,0.136
2012-07-14 18:30:00,0.233
2012-07-14 19:00:00,0.922
2012-07-14 19:30:00,1.1799999
2012-07-14 20:00:00,0.411
2012-07-14 20:30:00,0.094
2012-07-14 21:00:00,0.31
2012-07-14 21:30:00,0.341
2012-07-14 22:00:00,0.289
2012-07-14 22:30:00,0.274
2012-07-14 23:00:00,0.292
2012-07-14 23:30:00,0.307
2012-07-15 00:00:00,0.292
2012-07-15 00:30:00,0.378
2012-07-15 01:00:00,0.338
2012-07-15 01:30:00,0.308
2012-07-15 02:00:00,0.287
2012-07-15 02:30:00,0.244
2012-07-15 03:00:00,0.337
2012-07-15 03:30:00,0.295
2012-07-15 04:00:00,0.295
2012-07-15 04:30:00,0.377
2012-07-15 05:00:00,0.342
2012-07-15 05:30:00,0.249
2012-07-15 06:00:00,0.283
2012-07-15 06:30:00,0.251
2012-07-15 07:00:00,0.603
2012-07-15 07:30:00,1.9119999
2012-07-15 08:00:00,1.017
2012-07-15 08:30:00,0.592
2012-07-15 09:00:00,0.319
2012-07-15 09:30:00,0.193
2012-07-15 10:00:00,0.225
2012-07-15 10:30:00,0.253
2012-07-15 11:00:00,0.311
2012-07-15 11:30:00,0.134
2012-07-15 12:00:00,0.162
2012-07-15 12:30:00,0.279
2012-07-15 13:00:00,0.304
2012-07-15 13:30:00,0.098
2012-07-15 14:00:00,0.19
2012-07-15 14:30:00,0.27
2012-07-15 15:00:00,0.26
2012-07-15 15:30:00,0.124
2012-07-15 16:00:00,2.016
2012-07-15 16:30:00,1.811
2012-07-15 17:00:00,0.577
2012-07-15 17:30:00,0.497
2012-07-15 18:00:00,0.689
2012-07-15 18:30:00,0.78
2012-07-15 19:00:00,1.526
2012-07-15 19:30:00,0.553
2012-07-15 20:00:00,0.526
2012-07-15 20:30:00,0.159
2012-07-15 21:00:00,0.248
2012-07-15 21:30:00,0.088
2012-07-15 22:00:00,0.276
2012-07-15 22:30:00,0.246
2012-07-15 23:00:00,0.116
2012-07-15 23:30:00,0.229
2012-07-16 00:00:00,0.136
2012-07-16 00:30:00,0.296
2012-07-16 01:00:00,0.141
2012-07-16 01:30:00,0.167
2012-07-16 02:00:00,0.239
2012-07-16 02:30:00,0.115
2012-07-16 03:00:00,0.274
2012-07-16 03:30:00,0.167
2012-07-16 04:00:00,0.133
2012-07-16 04:30:00,0.238
2012-07-16 05:00:00,0.126
2012-07-16 05:30:00,0.21
2012-07-16 06:00:00,0.44
2012-07-16 06:30:00,0.734
2012-07-16 07:00:00,0.305
2012-07-16 07:30:00,0.335
2012-07-16 08:00:00,0.112
2012-07-16 08:30:00,0.267
2012-07-16 09:00:00,0.1
2012-07-16 09:30:00,0.251
2012-07-16 10:00:00,0.08
2012-07-16 10:30:00,0.335
2012-07-16 11:00:00,0.305
2012-07-16 11:30:00,0.708
2012-07-16 12:00:00,0.313
2012-07-16 12:30:00,0.06
2012-07-16 13:00:00,0.206
2012-07-16 13:30:00,0.174
2012-07-16 14:00:00,0.163
2012-07-16 14:30:00,0.252
2012-07-16 15:00:00,0.221
2012-07-16 15:30:00,1.626
2012-07-16 16:00:00,1.658
2012-07-16 16:30:00,0.466
2012-07-16 17:00:00,0.933
2012-07-16 17:30:00,0.432
2012-07-16 18:00:00,0.439
2012-07-16 18:30:00,0.476
2012-07-16 19:00:00,0.395
2012-07-16 19:30:00,0.322
2012-07-16 20:00:00,0.307
2012-07-16 20:30:00,0.217
2012-07-16 21:00:00,0.293
2012-07-16 21:30:00,0.101
2012-07-16 22:00:00,0.278
2012-07-16 22:30:00,0.228
2012-07-16 23:00:00,0.159
2012-07-16 23:30:00,0.233
2012-07-17 00:00:00,0.132
2012-07-17 00:30:00,0.183
2012-07-17 01:00:00,0.257
2012-07-17 01:30:00,0.082
2012-07-17 02:00:00,0.239
2012-07-17 02:30:00,0.18
2012-07-17 03:00:00,0.111
2012-07-17 03:30:00,0.262
2012-07-17 04:00:00,0.122
2012-07-17 04:30:00,0.212
2012-07-17 05:00:00,0.249
2012-07-17 05:30:00,0.083
2012-07-17 06:00:00,0.266
2012-07-17 06:30:00,0.601
2012-07-17 07:00:00,0.274
2012-07-17 07:30:00,0.34
2012-07-17 08:00:00,0.185
2012-07-17 08:30:00,0.112
2012-07-17 09:00:00,0.258
2012-07-17 09:30:00,0.207
2012-07-17 10:00:00,0.814
2012-07-17 10:30:00,0.423
2012-07-17 11:00:00,0.266
2012-07-17 11:30:00,0.188
2012-07-17 12:00:00,0.264
2012-07-17 12:30:00,0.234
2012-07-17 13:00:00,0.14
2012-07-17 13:30:00,0.245
2012-07-17 14:00:00,0.283
2012-07-17 14:30:00,0.084
2012-07-17 15:00:00,0.786
2012-07-17 15:30:00,1.346
2012-07-17 16:00:00,0.586
2012-07-17 16:30:00,0.474
2012-07-17 17:00:00,0.357
2012-07-17 17:30:00,0.346
2012-07-17 18:00:00,0.615
2012-07-17 18:30:00,1.398
2012-07-17 19:00:00,0.607
2012-07-17 19:30:00,0.272
2012-07-17 20:00:00,0.305
2012-07-17 20:30:00,0.301
2012-07-17 21:00:00,0.366
2012-07-17 21:30:00,0.264
2012-07-17 22:00:00,0.268
2012-07-17 22:30:00,0.257
2012-07-17 23:00:00,0.314
2012-07-17 23:30:00,0.236
2012-07-18 00:00:00,0.185
2012-07-18 00:30:00,0.225
2012-07-18 01:00:00,0.278
2012-07-18 01:30:00,0.298
2012-07-18 02:00:00,0.228
2012-07-18 02:30:00,0.207
2012-07-18 03:00:00,0.231
2012-07-18 03:30:00,0.263
2012-07-18 04:00:00,0.321
2012-07-18 04:30:00,0.248
2012-07-18 05:00:00,0.286
2012-07-18 05:30:00,0.256
2012-07-18 06:00:00,0.763
2012-07-18 06:30:00,1.5930001
2012-07-18 07:00:00,0.512
2012-07-18 07:30:00,0.494
2012-07-18 08:00:00,0.308
2012-07-18 08:30:00,0.188
2012-07-18 09:00:00,0.227
2012-07-18 09:30:00,0.302
2012-07-18 10:00:00,0.288
2012-07-18 10:30:00,0.444
2012-07-18 11:00:00,0.737
2012-07-18 11:30:00,0.324
2012-07-18 12:00:00,0.245
2012-07-18 12:30:00,0.232
2012-07-18 13:00:00,0.27
2012-07-18 13:30:00,0.286
2012-07-18 14:00:00,0.334
2012-07-18 14:30:00,0.238
2012-07-18 15:00:00,0.204
2012-07-18 15:30:00,0.219
2012-07-18 16:00:00,1.127
2012-07-18 16:30:00,0.473
2012-07-18 17:00:00,0.369
2012-07-18 17:30:00,0.332
2012-07-18 18:00:00,0.243
2012-07-18 18:30:00,0.335
2012-07-18 19:00:00,0.576
2012-07-18 19:30:00,0.402
2012-07-18 20:00:00,0.279
2012-07-18 20:30:00,0.31
2012-07-18 21:00:00,0.241
2012-07-18 21:30:00,0.144
2012-07-18 22:00:00,0.258
2012-07-18 22:30:00,0.277
2012-07-18 23:00:00,0.325
2012-07-18 23:30:00,0.267
2012-07-19 00:00:00,0.145
2012-07-19 00:30:00,0.241
2012-07-19 01:00:00,0.327
2012-07-19 01:30:00,0.289
2012-07-19 02:00:00,0.212
2012-07-19 02:30:00,0.205
2012-07-19 03:00:00,0.218
2012-07-19 03:30:00,0.299
2012-07-19 04:00:00,0.229
2012-07-19 04:30:00,0.245
2012-07-19 05:00:00,0.247
2012-07-19 05:30:00,0.182
2012-07-19 06:00:00,0.306
2012-07-19 06:30:00,0.582
2012-07-19 07:00:00,0.46
2012-07-19 07:30:00,0.401
2012-07-19 08:00:00,0.362
2012-07-19 08:30:00,0.413
2012-07-19 09:00:00,0.363
2012-07-19 09:30:00,0.377
2012-07-19 10:00:00,0.39
2012-07-19 10:30:00,0.341
2012-07-19 11:00:00,0.262
2012-07-19 11:30:00,0.333
2012-07-19 12:00:00,0.301
2012-07-19 12:30:00,0.282
2012-07-19 13:00:00,0.189
2012-07-19 13:30:00,0.216
2012-07-19 14:00:00,0.253
2012-07-19 14:30:00,0.422
2012-07-19 15:00:00,0.445
2012-07-19 15:30:00,1.498
2012-07-19 16:00:00,0.284
2012-07-19 16:30:00,0.298
2012-07-19 17:00:00,0.525
2012-07-19 17:30:00,0.484
2012-07-19 18:00:00,0.305
2012-07-19 18:30:00,0.333
2012-07-19 19:00:00,0.142
2012-07-19 19:30:00,0.038
2012-07-19 20:00:00,0.074
2012-07-19 20:30:00,0.128
2012-07-19 21:00:00,0.115
2012-07-19 21:30:00,0.219
2012-07-19 22:00:00,0.048
2012-07-19 22:30:00,0.226
2012-07-19 23:00:00,0.481
2012-07-19 23:30:00,0.309
2012-07-20 00:00:00,0.315
2012-07-20 00:30:00,0.294
2012-07-20 01:00:00,0.456
2012-07-20 01:30:00,0.381
2012-07-20 02:00:00,0.331
2012-07-20 02:30:00,0.348
2012-07-20 03:00:00,0.352
2012-07-20 03:30:00,0.324
2012-07-20 04:00:00,0.28
2012-07-20 04:30:00,0.391
2012-07-20 05:00:00,0.382
2012-07-20 05:30:00,0.344
2012-07-20 06:00:00,0.525
2012-07-20 06:30:00,1.341
2012-07-20 07:00:00,0.748
2012-07-20 07:30:00,0.133
2012-07-20 08:00:00,0.279
2012-07-20 08:30:00,0.043
2012-07-20 09:00:00,0.215
2012-07-20 09:30:00,0.151
2012-07-20 10:00:00,0.262
2012-07-20 10:30:00,0.135
2012-07-20 11:00:00,0.14
2012-07-20 11:30:00,0.202
2012-07-20 12:00:00,0.136
2012-07-20 12:30:00,0.164
2012-07-20 13:00:00,0.132
2012-07-20 13:30:00,0.14
2012-07-20 14:00:00,0.45
2012-07-20 14:30:00,0.235
2012-07-20 15:00:00,0.357
2012-07-20 15:30:00,0.398
2012-07-20 16:00:00,1.36
2012-07-20 16:30:00,0.495
2012-07-20 17:00:00,0.405
2012-07-20 17:30:00,0.382
2012-07-20 18:00:00,0.576
2012-07-20 18:30:00,0.333
2012-07-20 19:00:00,0.158
2012-07-20 19:30:00,0.302
2012-07-20 20:00:00,0.119
2012-07-20 20:30:00,0.168
2012-07-20 21:00:00,0.143
2012-07-20 21:30:00,0.261
2012-07-20 22:00:00,0.162
2012-07-20 22:30:00,0.241
2012-07-20 23:00:00,0.263
2012-07-20 23:30:00,0.239
2012-07-21 00:00:00,0.347
2012-07-21 00:30:00,0.09
2012-07-21 01:00:00,0.202
2012-07-21 01:30:00,0.291
2012-07-21 02:00:00,0.108
2012-07-21 02:30:00,0.268
2012-07-21 03:00:00,0.2
2012-07-21 03:30:00,0.112
2012-07-21 04:00:00,0.287
2012-07-21 04:30:00,0.249
2012-07-21 05:00:00,0.171
2012-07-21 05:30:00,0.158
2012-07-21 06:00:00,0.89
2012-07-21 06:30:00,0.533
2012-07-21 07:00:00,0.211
2012-07-21 07:30:00,0.255
2012-07-21 08:00:00,0.227
2012-07-21 08:30:00,0.171
2012-07-21 09:00:00,0.298
2012-07-21 09:30:00,0.409
2012-07-21 10:00:00,0.898
2012-07-21 10:30:00,2.0050001
2012-07-21 11:00:00,0.502
2012-07-21 11:30:00,0.233
2012-07-21 12:00:00,0.248
2012-07-21 12:30:00,0.27
2012-07-21 13:00:00,0.261
2012-07-21 13:30:00,0.141
2012-07-21 14:00:00,0.173
2012-07-21 14:30:00,0.232
2012-07-21 15:00:00,0.269
2012-07-21 15:30:00,0.118
2012-07-21 16:00:00,0.233
2012-07-21 16:30:00,0.784
2012-07-21 17:00:00,1.499
2012-07-21 17:30:00,0.232
2012-07-21 18:00:00,0.505
2012-07-21 18:30:00,1.21
2012-07-21 19:00:00,0.279
2012-07-21 19:30:00,0.277
2012-07-21 20:00:00,0.41
2012-07-21 20:30:00,0.156
2012-07-21 21:00:00,0.257
2012-07-21 21:30:00,0.295
2012-07-21 22:00:00,0.098
2012-07-21 22:30:00,0.205
2012-07-21 23:00:00,0.364
2012-07-21 23:30:00,0.165
2012-07-22 00:00:00,0.244
2012-07-22 00:30:00,0.309
2012-07-22 01:00:00,0.317
2012-07-22 01:30:00,0.358
2012-07-22 02:00:00,0.203
2012-07-22 02:30:00,0.244
2012-07-22 03:00:00,0.227
2012-07-22 03:30:00,0.331
2012-07-22 04:00:00,0.268
2012-07-22 04:30:00,0.292
2012-07-22 05:00:00,0.27
2012-07-22 05:30:00,0.266
2012-07-22 06:00:00,0.301
2012-07-22 06:30:00,0.182
2012-07-22 07:00:00,1.01
2012-07-22 07:30:00,0.849
2012-07-22 08:00:00,0.35
2012-07-22 08:30:00,0.366
2012-07-22 09:00:00,0.305
2012-07-22 09:30:00,0.429
2012-07-22 10:00:00,1.077
2012-07-22 10:30:00,1.416
2012-07-22 11:00:00,1.928
2012-07-22 11:30:00,1.386
2012-07-22 12:00:00,0.202
2012-07-22 12:30:00,0.352
2012-07-22 13:00:00,0.151
2012-07-22 13:30:00,0.092
2012-07-22 14:00:00,0.089
2012-07-22 14:30:00,0.123
2012-07-22 15:00:00,0.139
2012-07-22 15:30:00,0.275
2012-07-22 16:00:00,0.545
2012-07-22 16:30:00,0.895
2012-07-22 17:00:00,0.653
2012-07-22 17:30:00,0.147
2012-07-22 18:00:00,0.13
2012-07-22 18:30:00,0.619
2012-07-22 19:00:00,0.475
2012-07-22 19:30:00,0.448
2012-07-22 20:00:00,0.281
2012-07-22 20:30:00,0.38
2012-07-22 21:00:00,0.449
2012-07-22 21:30:00,0.31
2012-07-22 22:00:00,0.176
2012-07-22 22:30:00,0.055
2012-07-22 23:00:00,0.335
2012-07-22 23:30:00,0.294
2012-07-23 00:00:00,0.271
2012-07-23 00:30:00,0.305
2012-07-23 01:00:00,0.3
2012-07-23 01:30:00,0.314
2012-07-23 02:00:00,0.364
2012-07-23 02:30:00,0.299
2012-07-23 03:00:00,0.314
2012-07-23 03:30:00,0.21
2012-07-23 04:00:00,0.235
2012-07-23 04:30:00,0.291
2012-07-23 05:00:00,0.364
2012-07-23 05:30:00,0.292
2012-07-23 06:00:00,0.3
2012-07-23 06:30:00,0.226
2012-07-23 07:00:00,0.265
2012-07-23 07:30:00,0.325
2012-07-23 08:00:00,0.548
2012-07-23 08:30:00,0.376
2012-07-23 09:00:00,0.507
2012-07-23 09:30:00,0.64
2012-07-23 10:00:00,1.54
2012-07-23 10:30:00,1.181
2012-07-23 11:00:00,0.442
2012-07-23 11:30:00,0.421
2012-07-23 12:00:00,0.379
2012-07-23 12:30:00,0.156
2012-07-23 13:00:00,0.131
2012-07-23 13:30:00,0.111
2012-07-23 14:00:00,0.073
2012-07-23 14:30:00,0.082
2012-07-23 15:00:00,0.091
2012-07-23 15:30:00,0.118
2012-07-23 16:00:00,0.105
2012-07-23 16:30:00,0.044
2012-07-23 17:00:00,0.136
2012-07-23 17:30:00,0.67
2012-07-23 18:00:00,2.0120001
2012-07-23 18:30:00,1.163
2012-07-23 19:00:00,0.195
2012-07-23 19:30:00,0.547
2012-07-23 20:00:00,0.309
2012-07-23 20:30:00,0.18
2012-07-23 21:00:00,0.096
2012-07-23 21:30:00,0.07
2012-07-23 22:00:00,0.148
2012-07-23 22:30:00,0.135
2012-07-23 23:00:00,0.053
2012-07-23 23:30:00,0.095
2012-07-24 00:00:00,0.197
2012-07-24 00:30:00,0.158
2012-07-24 01:00:00,0.158
2012-07-24 01:30:00,0.05
2012-07-24 02:00:00,0.137
2012-07-24 02:30:00,0.097
2012-07-24 03:00:00,0.094
2012-07-24 03:30:00,0.04
2012-07-24 04:00:00,0.126
2012-07-24 04:30:00,0.137
2012-07-24 05:00:00,0.066
2012-07-24 05:30:00,0.078
2012-07-24 06:00:00,0.106
2012-07-24 06:30:00,0.093
2012-07-24 07:00:00,0.289
2012-07-24 07:30:00,0.339
2012-07-24 08:00:00,0.239
2012-07-24 08:30:00,0.292
2012-07-24 09:00:00,0.179
2012-07-24 09:30:00,0.038
2012-07-24 10:00:00,0.113
2012-07-24 10:30:00,0.137
2012-07-24 11:00:00,0.071
2012-07-24 11:30:00,0.074
2012-07-24 12:00:00,0.051
2012-07-24 12:30:00,0.148
2012-07-24 13:00:00,0.085
2012-07-24 13:30:00,0.077
2012-07-24 14:00:00,0.038
2012-07-24 14:30:00,0.149
2012-07-24 15:00:00,0.094
2012-07-24 15:30:00,0.087
2012-07-24 16:00:00,0.06
2012-07-24 16:30:00,0.079
2012-07-24 17:00:00,0.394
2012-07-24 17:30:00,0.157
2012-07-24 18:00:00,1.0
2012-07-24 18:30:00,1.052
2012-07-24 19:00:00,0.562
2012-07-24 19:30:00,0.246
2012-07-24 20:00:00,0.126
2012-07-24 20:30:00,0.098
2012-07-24 21:00:00,0.158
2012-07-24 21:30:00,0.199
2012-07-24 22:00:00,0.151
2012-07-24 22:30:00,0.19
2012-07-24 23:00:00,0.154
2012-07-24 23:30:00,0.131
2012-07-25 00:00:00,0.163
2012-07-25 00:30:00,0.096
2012-07-25 01:00:00,0.184
2012-07-25 01:30:00,0.164
2012-07-25 02:00:00,0.093
2012-07-25 02:30:00,0.04
2012-07-25 03:00:00,0.095
2012-07-25 03:30:00,0.098
2012-07-25 04:00:00,0.163
2012-07-25 04:30:00,0.045
2012-07-25 05:00:00,0.04
2012-07-25 05:30:00,0.149
2012-07-25 06:00:00,0.096
2012-07-25 06:30:00,0.05
2012-07-25 07:00:00,0.454
2012-07-25 07:30:00,0.193
2012-07-25 08:00:00,0.302
2012-07-25 08:30:00,0.301
2012-07-25 09:00:00,0.326
2012-07-25 09:30:00,0.178
2012-07-25 10:00:00,0.084
2012-07-25 10:30:00,0.079
2012-07-25 11:00:00,0.068
2012-07-25 11:30:00,0.083
2012-07-25 12:00:00,0.124
2012-07-25 12:30:00,0.036
2012-07-25 13:00:00,0.111
2012-07-25 13:30:00,0.094
2012-07-25 14:00:00,0.126
2012-07-25 14:30:00,0.068
2012-07-25 15:00:00,0.08
2012-07-25 15:30:00,0.051
2012-07-25 16:00:00,0.163
2012-07-25 16:30:00,0.792
2012-07-25 17:00:00,0.611
2012-07-25 17:30:00,0.194
2012-07-25 18:00:00,0.248
2012-07-25 18:30:00,0.138
2012-07-25 19:00:00,0.13
2012-07-25 19:30:00,0.046
2012-07-25 20:00:00,0.113
2012-07-25 20:30:00,0.116
2012-07-25 21:00:00,1.1900001
2012-07-25 21:30:00,0.568
2012-07-25 22:00:00,0.137
2012-07-25 22:30:00,0.149
2012-07-25 23:00:00,0.202
2012-07-25 23:30:00,0.202
2012-07-26 00:00:00,0.059
2012-07-26 00:30:00,0.116
2012-07-26 01:00:00,0.106
2012-07-26 01:30:00,0.102
2012-07-26 02:00:00,0.089
2012-07-26 02:30:00,0.048
2012-07-26 03:00:00,0.176
2012-07-26 03:30:00,0.103
2012-07-26 04:00:00,0.061
2012-07-26 04:30:00,0.158
2012-07-26 05:00:00,0.105
2012-07-26 05:30:00,0.115
2012-07-26 06:00:00,0.047
2012-07-26 06:30:00,0.123
2012-07-26 07:00:00,0.533
2012-07-26 07:30:00,0.584
2012-07-26 08:00:00,0.257
2012-07-26 08:30:00,0.559
2012-07-26 09:00:00,1.2180001
2012-07-26 09:30:00,1.138
2012-07-26 10:00:00,0.813
2012-07-26 10:30:00,0.312
2012-07-26 11:00:00,0.244
2012-07-26 11:30:00,0.161
2012-07-26 12:00:00,0.109
2012-07-26 12:30:00,0.089
2012-07-26 13:00:00,0.142
2012-07-26 13:30:00,0.122
2012-07-26 14:00:00,0.031
2012-07-26 14:30:00,0.08
2012-07-26 15:00:00,0.127
2012-07-26 15:30:00,0.148
2012-07-26 16:00:00,0.04
2012-07-26 16:30:00,0.074
2012-07-26 17:00:00,0.079
2012-07-26 17:30:00,0.14
2012-07-26 18:00:00,0.103
2012-07-26 18:30:00,0.485
2012-07-26 19:00:00,0.294
2012-07-26 19:30:00,0.382
2012-07-26 20:00:00,0.494
2012-07-26 20:30:00,0.375
2012-07-26 21:00:00,0.127
2012-07-26 21:30:00,0.156
2012-07-26 22:00:00,0.151
2012-07-26 22:30:00,0.146
2012-07-26 23:00:00,0.079
2012-07-26 23:30:00,0.051
2012-07-27 00:00:00,0.136
2012-07-27 00:30:00,0.175
2012-07-27 01:00:00,0.043
2012-07-27 01:30:00,0.057
2012-07-27 02:00:00,0.142
2012-07-27 02:30:00,0.089
2012-07-27 03:00:00,0.078
2012-07-27 03:30:00,0.043
2012-07-27 04:00:00,0.165
2012-07-27 04:30:00,0.094
2012-07-27 05:00:00,0.04
2012-07-27 05:30:00,0.108
2012-07-27 06:00:00,0.095
2012-07-27 06:30:00,0.103
2012-07-27 07:00:00,0.177
2012-07-27 07:30:00,0.259
2012-07-27 08:00:00,0.246
2012-07-27 08:30:00,0.487
2012-07-27 09:00:00,1.026
2012-07-27 09:30:00,0.356
2012-07-27 10:00:00,0.765
2012-07-27 10:30:00,0.874
2012-07-27 11:00:00,0.181
2012-07-27 11:30:00,0.18
2012-07-27 12:00:00,0.185
2012-07-27 12:30:00,0.146
2012-07-27 13:00:00,0.09
2012-07-27 13:30:00,0.093
2012-07-27 14:00:00,0.034
2012-07-27 14:30:00,0.115
2012-07-27 15:00:00,0.091
2012-07-27 15:30:00,0.113
2012-07-27 16:00:00,0.033
2012-07-27 16:30:00,0.089
2012-07-27 17:00:00,0.135
2012-07-27 17:30:00,0.935
2012-07-27 18:00:00,0.202
2012-07-27 18:30:00,0.179
2012-07-27 19:00:00,0.237
2012-07-27 19:30:00,0.581
2012-07-27 20:00:00,0.616
2012-07-27 20:30:00,0.419
2012-07-27 21:00:00,0.402
2012-07-27 21:30:00,0.305
2012-07-27 22:00:00,0.076
2012-07-27 22:30:00,0.177
2012-07-27 23:00:00,0.069
2012-07-27 23:30:00,0.096
2012-07-28 00:00:00,0.179
2012-07-28 00:30:00,0.108
2012-07-28 01:00:00,0.087
2012-07-28 01:30:00,0.199
2012-07-28 02:00:00,0.075
2012-07-28 02:30:00,0.097
2012-07-28 03:00:00,0.062
2012-07-28 03:30:00,0.041
2012-07-28 04:00:00,0.081
2012-07-28 04:30:00,0.215
2012-07-28 05:00:00,0.053
2012-07-28 05:30:00,0.04
2012-07-28 06:00:00,0.092
2012-07-28 06:30:00,0.1
2012-07-28 07:00:00,0.094
2012-07-28 07:30:00,0.417
2012-07-28 08:00:00,0.195
2012-07-28 08:30:00,0.507
2012-07-28 09:00:00,0.893
2012-07-28 09:30:00,1.506
2012-07-28 10:00:00,0.55
2012-07-28 10:30:00,0.196
2012-07-28 11:00:00,0.957
2012-07-28 11:30:00,0.464
2012-07-28 12:00:00,0.37
2012-07-28 12:30:00,0.057
2012-07-28 13:00:00,0.09
2012-07-28 13:30:00,0.077
2012-07-28 14:00:00,0.131
2012-07-28 14:30:00,0.118
2012-07-28 15:00:00,0.035
2012-07-28 15:30:00,0.362
2012-07-28 16:00:00,0.195
2012-07-28 16:30:00,0.16
2012-07-28 17:00:00,0.132
2012-07-28 17:30:00,0.049
2012-07-28 18:00:00,0.095
2012-07-28 18:30:00,0.081
2012-07-28 19:00:00,0.09
2012-07-28 19:30:00,0.049
2012-07-28 20:00:00,0.097
2012-07-28 20:30:00,0.131
2012-07-28 21:00:00,0.147
2012-07-28 21:30:00,0.125
2012-07-28 22:00:00,0.102
2012-07-28 22:30:00,0.07
2012-07-28 23:00:00,0.087
2012-07-28 23:30:00,0.066
2012-07-29 00:00:00,0.161
2012-07-29 00:30:00,0.081
2012-07-29 01:00:00,0.043
2012-07-29 01:30:00,0.128
2012-07-29 02:00:00,0.102
2012-07-29 02:30:00,0.094
2012-07-29 03:00:00,0.091
2012-07-29 03:30:00,0.044
2012-07-29 04:00:00,0.127
2012-07-29 04:30:00,0.556
2012-07-29 05:00:00,0.36
2012-07-29 05:30:00,0.509
2012-07-29 06:00:00,0.647
2012-07-29 06:30:00,0.373
2012-07-29 07:00:00,1.441
2012-07-29 07:30:00,1.006
2012-07-29 08:00:00,0.391
2012-07-29 08:30:00,0.482
2012-07-29 09:00:00,0.538
2012-07-29 09:30:00,0.397
2012-07-29 10:00:00,0.369
2012-07-29 10:30:00,0.439
2012-07-29 11:00:00,1.177
2012-07-29 11:30:00,1.102
2012-07-29 12:00:00,0.518
2012-07-29 12:30:00,0.422
2012-07-29 13:00:00,0.552
2012-07-29 13:30:00,0.335
2012-07-29 14:00:00,0.271
2012-07-29 14:30:00,0.273
2012-07-29 15:00:00,0.241
2012-07-29 15:30:00,0.348
2012-07-29 16:00:00,0.31
2012-07-29 16:30:00,0.236
2012-07-29 17:00:00,0.246
2012-07-29 17:30:00,0.203
2012-07-29 18:00:00,0.244
2012-07-29 18:30:00,0.319
2012-07-29 19:00:00,0.233
2012-07-29 19:30:00,0.348
2012-07-29 20:00:00,0.384
2012-07-29 20:30:00,0.431
2012-07-29 21:00:00,0.261
2012-07-29 21:30:00,0.194
2012-07-29 22:00:00,0.246
2012-07-29 22:30:00,0.28
2012-07-29 23:00:00,0.307
2012-07-29 23:30:00,0.144
2012-07-30 00:00:00,0.14
2012-07-30 00:30:00,0.273
2012-07-30 01:00:00,0.262
2012-07-30 01:30:00,0.263
2012-07-30 02:00:00,0.075
2012-07-30 02:30:00,0.203
2012-07-30 03:00:00,0.281
2012-07-30 03:30:00,0.24
2012-07-30 04:00:00,0.108
2012-07-30 04:30:00,0.187
2012-07-30 05:00:00,0.26
2012-07-30 05:30:00,0.205
2012-07-30 06:00:00,0.157
2012-07-30 06:30:00,0.183
2012-07-30 07:00:00,0.245
2012-07-30 07:30:00,0.146
2012-07-30 08:00:00,0.501
2012-07-30 08:30:00,0.553
2012-07-30 09:00:00,0.5
2012-07-30 09:30:00,0.418
2012-07-30 10:00:00,1.345
2012-07-30 10:30:00,0.531
2012-07-30 11:00:00,0.328
2012-07-30 11:30:00,0.277
2012-07-30 12:00:00,0.292
2012-07-30 12:30:00,0.25
2012-07-30 13:00:00,0.225
2012-07-30 13:30:00,0.253
2012-07-30 14:00:00,0.291
2012-07-30 14:30:00,0.278
2012-07-30 15:00:00,0.324
2012-07-30 15:30:00,0.222
2012-07-30 16:00:00,0.569
2012-07-30 16:30:00,0.364
2012-07-30 17:00:00,0.399
2012-07-30 17:30:00,0.289
2012-07-30 18:00:00,0.473
2012-07-30 18:30:00,0.636
2012-07-30 19:00:00,0.74
2012-07-30 19:30:00,0.452
2012-07-30 20:00:00,0.426
2012-07-30 20:30:00,0.521
2012-07-30 21:00:00,0.162
2012-07-30 21:30:00,0.182
2012-07-30 22:00:00,0.166
2012-07-30 22:30:00,0.162
2012-07-30 23:00:00,0.154
2012-07-30 23:30:00,0.121
2012-07-31 00:00:00,0.141
2012-07-31 00:30:00,0.099
2012-07-31 01:00:00,0.116
2012-07-31 01:30:00,0.042
2012-07-31 02:00:00,0.128
2012-07-31 02:30:00,0.257
2012-07-31 03:00:00,0.289
2012-07-31 03:30:00,0.16
2012-07-31 04:00:00,0.155
2012-07-31 04:30:00,0.198
2012-07-31 05:00:00,0.295
2012-07-31 05:30:00,0.171
2012-07-31 06:00:00,0.188
2012-07-31 06:30:00,0.195
2012-07-31 07:00:00,0.298
2012-07-31 07:30:00,0.591
2012-07-31 08:00:00,0.425
2012-07-31 08:30:00,0.477
2012-07-31 09:00:00,1.969
2012-07-31 09:30:00,0.687
2012-07-31 10:00:00,1.72
2012-07-31 10:30:00,1.074
2012-07-31 11:00:00,0.823
2012-07-31 11:30:00,0.476
2012-07-31 12:00:00,0.472
2012-07-31 12:30:00,0.533
2012-07-31 13:00:00,0.411
2012-07-31 13:30:00,0.415
2012-07-31 14:00:00,0.386
2012-07-31 14:30:00,0.302
2012-07-31 15:00:00,0.315
2012-07-31 15:30:00,0.387
2012-07-31 16:00:00,0.351
2012-07-31 16:30:00,0.358
2012-07-31 17:00:00,0.377
2012-07-31 17:30:00,1.293
2012-07-31 18:00:00,0.958
2012-07-31 18:30:00,0.371
2012-07-31 19:00:00,0.593
2012-07-31 19:30:00,1.006
2012-07-31 20:00:00,0.796
2012-07-31 20:30:00,0.389
2012-07-31 21:00:00,0.253
2012-07-31 21:30:00,0.262
2012-07-31 22:00:00,0.164
2012-07-31 22:30:00,0.066
2012-07-31 23:00:00,0.082
2012-07-31 23:30:00,0.123
2012-08-01 00:00:00,0.097
2012-08-01 00:30:00,0.068
2012-08-01 01:00:00,0.079
2012-08-01 01:30:00,0.06
2012-08-01 02:00:00,0.15
2012-08-01 02:30:00,0.068
2012-08-01 03:00:00,0.085
2012-08-01 03:30:00,0.061
2012-08-01 04:00:00,0.137
2012-08-01 04:30:00,0.11
2012-08-01 05:00:00,0.164
2012-08-01 05:30:00,0.275
2012-08-01 06:00:00,0.351
2012-08-01 06:30:00,0.305
2012-08-01 07:00:00,0.718
2012-08-01 07:30:00,0.762
2012-08-01 08:00:00,0.32
2012-08-01 08:30:00,0.441
2012-08-01 09:00:00,0.833
2012-08-01 09:30:00,0.74
2012-08-01 10:00:00,0.374
2012-08-01 10:30:00,0.347
2012-08-01 11:00:00,0.225
2012-08-01 11:30:00,0.377
2012-08-01 12:00:00,0.323
2012-08-01 12:30:00,0.406
2012-08-01 13:00:00,0.305
2012-08-01 13:30:00,0.277
2012-08-01 14:00:00,0.288
2012-08-01 14:30:00,0.289
2012-08-01 15:00:00,0.196
2012-08-01 15:30:00,0.201
2012-08-01 16:00:00,0.271
2012-08-01 16:30:00,0.291
2012-08-01 17:00:00,0.347
2012-08-01 17:30:00,0.233
2012-08-01 18:00:00,0.897
2012-08-01 18:30:00,1.452
2012-08-01 19:00:00,1.8430001
2012-08-01 19:30:00,0.722
2012-08-01 20:00:00,0.291
2012-08-01 20:30:00,0.256
2012-08-01 21:00:00,0.18
2012-08-01 21:30:00,0.193
2012-08-01 22:00:00,0.156
2012-08-01 22:30:00,0.316
2012-08-01 23:00:00,0.215
2012-08-01 23:30:00,0.166
2012-08-02 00:00:00,0.115
2012-08-02 00:30:00,0.043
2012-08-02 01:00:00,0.105
2012-08-02 01:30:00,0.098
2012-08-02 02:00:00,0.128
2012-08-02 02:30:00,0.041
2012-08-02 03:00:00,0.1
2012-08-02 03:30:00,0.093
2012-08-02 04:00:00,0.141
2012-08-02 04:30:00,0.056
2012-08-02 05:00:00,0.09
2012-08-02 05:30:00,0.062
2012-08-02 06:00:00,0.147
2012-08-02 06:30:00,0.089
2012-08-02 07:00:00,0.347
2012-08-02 07:30:00,0.335
2012-08-02 08:00:00,0.964
2012-08-02 08:30:00,0.566
2012-08-02 09:00:00,0.468
2012-08-02 09:30:00,0.793
2012-08-02 10:00:00,2.0969999
2012-08-02 10:30:00,1.5
2012-08-02 11:00:00,0.224
2012-08-02 11:30:00,0.225
2012-08-02 12:00:00,0.134
2012-08-02 12:30:00,0.034
2012-08-02 13:00:00,0.137
2012-08-02 13:30:00,0.13
2012-08-02 14:00:00,0.076
2012-08-02 14:30:00,0.079
2012-08-02 15:00:00,0.034
2012-08-02 15:30:00,0.13
2012-08-02 16:00:00,0.788
2012-08-02 16:30:00,0.97
2012-08-02 17:00:00,0.419
2012-08-02 17:30:00,0.515
2012-08-02 18:00:00,0.638
2012-08-02 18:30:00,0.36
2012-08-02 19:00:00,0.313
2012-08-02 19:30:00,0.339
2012-08-02 20:00:00,0.476
2012-08-02 20:30:00,0.207
2012-08-02 21:00:00,0.111
2012-08-02 21:30:00,0.096
2012-08-02 22:00:00,0.1
2012-08-02 22:30:00,0.36
2012-08-02 23:00:00,0.056
2012-08-02 23:30:00,0.079
2012-08-03 00:00:00,0.129
2012-08-03 00:30:00,0.088
2012-08-03 01:00:00,0.08
2012-08-03 01:30:00,0.048
2012-08-03 02:00:00,0.141
2012-08-03 02:30:00,0.198
2012-08-03 03:00:00,0.184
2012-08-03 03:30:00,0.243
2012-08-03 04:00:00,0.219
2012-08-03 04:30:00,0.088
2012-08-03 05:00:00,0.257
2012-08-03 05:30:00,0.192
2012-08-03 06:00:00,0.158
2012-08-03 06:30:00,0.186
2012-08-03 07:00:00,0.258
2012-08-03 07:30:00,0.152
2012-08-03 08:00:00,0.258
2012-08-03 08:30:00,0.185
2012-08-03 09:00:00,0.149
2012-08-03 09:30:00,0.167
2012-08-03 10:00:00,0.164
2012-08-03 10:30:00,0.06
2012-08-03 11:00:00,0.141
2012-08-03 11:30:00,0.67
2012-08-03 12:00:00,1.136
2012-08-03 12:30:00,0.267
2012-08-03 13:00:00,1.138
2012-08-03 13:30:00,0.978
2012-08-03 14:00:00,1.689
2012-08-03 14:30:00,1.473
2012-08-03 15:00:00,0.311
2012-08-03 15:30:00,0.198
2012-08-03 16:00:00,0.404
2012-08-03 16:30:00,1.278
2012-08-03 17:00:00,0.709
2012-08-03 17:30:00,0.29
2012-08-03 18:00:00,0.454
2012-08-03 18:30:00,1.602
2012-08-03 19:00:00,0.817
2012-08-03 19:30:00,1.3200001
2012-08-03 20:00:00,0.479
2012-08-03 20:30:00,0.364
2012-08-03 21:00:00,0.343
2012-08-03 21:30:00,0.262
2012-08-03 22:00:00,0.287
2012-08-03 22:30:00,0.203
2012-08-03 23:00:00,0.158
2012-08-03 23:30:00,0.147
2012-08-04 00:00:00,0.2
2012-08-04 00:30:00,0.19
2012-08-04 01:00:00,0.104
2012-08-04 01:30:00,0.201
2012-08-04 02:00:00,0.172
2012-08-04 02:30:00,0.105
2012-08-04 03:00:00,0.199
2012-08-04 03:30:00,0.157
2012-08-04 04:00:00,0.143
2012-08-04 04:30:00,0.114
2012-08-04 05:00:00,0.2
2012-08-04 05:30:00,0.17
2012-08-04 06:00:00,0.748
2012-08-04 06:30:00,0.562
2012-08-04 07:00:00,0.527
2012-08-04 07:30:00,1.056
2012-08-04 08:00:00,1.202
2012-08-04 08:30:00,0.779
2012-08-04 09:00:00,0.432
2012-08-04 09:30:00,0.316
2012-08-04 10:00:00,0.392
2012-08-04 10:30:00,0.293
2012-08-04 11:00:00,0.275
2012-08-04 11:30:00,0.282
2012-08-04 12:00:00,0.42
2012-08-04 12:30:00,0.884
2012-08-04 13:00:00,0.622
2012-08-04 13:30:00,0.94
2012-08-04 14:00:00,0.884
2012-08-04 14:30:00,0.4
2012-08-04 15:00:00,0.38
2012-08-04 15:30:00,0.396
2012-08-04 16:00:00,0.342
2012-08-04 16:30:00,0.149
2012-08-04 17:00:00,0.191
2012-08-04 17:30:00,1.199
2012-08-04 18:00:00,0.702
2012-08-04 18:30:00,0.398
2012-08-04 19:00:00,1.352
2012-08-04 19:30:00,0.775
2012-08-04 20:00:00,0.726
2012-08-04 20:30:00,0.324
2012-08-04 21:00:00,0.268
2012-08-04 21:30:00,0.933
2012-08-04 22:00:00,0.243
2012-08-04 22:30:00,0.187
2012-08-04 23:00:00,0.215
2012-08-04 23:30:00,0.231
2012-08-05 00:00:00,0.111
2012-08-05 00:30:00,0.166
2012-08-05 01:00:00,0.098
2012-08-05 01:30:00,0.078
2012-08-05 02:00:00,0.085
2012-08-05 02:30:00,0.098
2012-08-05 03:00:00,0.106
2012-08-05 03:30:00,0.04
2012-08-05 04:00:00,0.122
2012-08-05 04:30:00,0.079
2012-08-05 05:00:00,0.076
2012-08-05 05:30:00,0.13
2012-08-05 06:00:00,0.477
2012-08-05 06:30:00,1.7029999
2012-08-05 07:00:00,2.7
2012-08-05 07:30:00,2.0450001
2012-08-05 08:00:00,1.253
2012-08-05 08:30:00,0.704
2012-08-05 09:00:00,0.51
2012-08-05 09:30:00,0.414
2012-08-05 10:00:00,0.376
2012-08-05 10:30:00,1.146
2012-08-05 11:00:00,0.835
2012-08-05 11:30:00,0.415
2012-08-05 12:00:00,0.437
2012-08-05 12:30:00,0.502
2012-08-05 13:00:00,0.689
2012-08-05 13:30:00,0.138
2012-08-05 14:00:00,0.106
2012-08-05 14:30:00,0.155
2012-08-05 15:00:00,0.096
2012-08-05 15:30:00,0.117
2012-08-05 16:00:00,0.142
2012-08-05 16:30:00,0.439
2012-08-05 17:00:00,0.257
2012-08-05 17:30:00,0.252
2012-08-05 18:00:00,0.197
2012-08-05 18:30:00,0.267
2012-08-05 19:00:00,0.622
2012-08-05 19:30:00,1.142
2012-08-05 20:00:00,0.361
2012-08-05 20:30:00,0.32
2012-08-05 21:00:00,0.217
2012-08-05 21:30:00,0.226
2012-08-05 22:00:00,0.505
2012-08-05 22:30:00,0.183
2012-08-05 23:00:00,0.146
2012-08-05 23:30:00,0.198
2012-08-06 00:00:00,0.202
2012-08-06 00:30:00,0.109
2012-08-06 01:00:00,0.163
2012-08-06 01:30:00,0.163
2012-08-06 02:00:00,0.177
2012-08-06 02:30:00,0.085
2012-08-06 03:00:00,0.06
2012-08-06 03:30:00,0.159
2012-08-06 04:00:00,0.089
2012-08-06 04:30:00,0.048
2012-08-06 05:00:00,0.12
2012-08-06 05:30:00,0.13
2012-08-06 06:00:00,0.315
2012-08-06 06:30:00,1.58
2012-08-06 07:00:00,3.0050001
2012-08-06 07:30:00,1.809
2012-08-06 08:00:00,0.819
2012-08-06 08:30:00,0.973
2012-08-06 09:00:00,1.23
2012-08-06 09:30:00,0.663
2012-08-06 10:00:00,0.402
2012-08-06 10:30:00,0.359
2012-08-06 11:00:00,0.291
2012-08-06 11:30:00,0.359
2012-08-06 12:00:00,0.356
2012-08-06 12:30:00,0.37
2012-08-06 13:00:00,0.294
2012-08-06 13:30:00,0.322
2012-08-06 14:00:00,0.257
2012-08-06 14:30:00,1.839
2012-08-06 15:00:00,0.943
2012-08-06 15:30:00,0.474
2012-08-06 16:00:00,0.237
2012-08-06 16:30:00,0.1
2012-08-06 17:00:00,1.574
2012-08-06 17:30:00,1.071
2012-08-06 18:00:00,0.743
2012-08-06 18:30:00,0.952
2012-08-06 19:00:00,2.448
2012-08-06 19:30:00,1.024
2012-08-06 20:00:00,0.386
2012-08-06 20:30:00,0.291
2012-08-06 21:00:00,0.213
2012-08-06 21:30:00,0.349
2012-08-06 22:00:00,0.578
2012-08-06 22:30:00,0.139
2012-08-06 23:00:00,0.077
2012-08-06 23:30:00,0.1
2012-08-07 00:00:00,0.133
2012-08-07 00:30:00,0.098
2012-08-07 01:00:00,0.075
2012-08-07 01:30:00,0.079
2012-08-07 02:00:00,0.132
2012-08-07 02:30:00,0.078
2012-08-07 03:00:00,0.074
2012-08-07 03:30:00,0.102
2012-08-07 04:00:00,0.128
2012-08-07 04:30:00,0.05
2012-08-07 05:00:00,0.065
2012-08-07 05:30:00,0.135
2012-08-07 06:00:00,0.136
2012-08-07 06:30:00,0.821
2012-08-07 07:00:00,2.6830001
2012-08-07 07:30:00,1.4579999
2012-08-07 08:00:00,0.925
2012-08-07 08:30:00,0.828
2012-08-07 09:00:00,0.783
2012-08-07 09:30:00,1.1109999
2012-08-07 10:00:00,1.4069999
2012-08-07 10:30:00,0.203
2012-08-07 11:00:00,0.182
2012-08-07 11:30:00,0.156
2012-08-07 12:00:00,0.107
2012-08-07 12:30:00,0.286
2012-08-07 13:00:00,1.609
2012-08-07 13:30:00,1.261
2012-08-07 14:00:00,1.576
2012-08-07 14:30:00,0.385
2012-08-07 15:00:00,0.931
2012-08-07 15:30:00,0.828
2012-08-07 16:00:00,2.4590001
2012-08-07 16:30:00,0.678
2012-08-07 17:00:00,0.369
2012-08-07 17:30:00,0.987
2012-08-07 18:00:00,1.1
2012-08-07 18:30:00,0.366
2012-08-07 19:00:00,0.575
2012-08-07 19:30:00,0.522
2012-08-07 20:00:00,1.97
2012-08-07 20:30:00,0.539
2012-08-07 21:00:00,0.487
2012-08-07 21:30:00,0.362
2012-08-07 22:00:00,0.48
2012-08-07 22:30:00,0.256
2012-08-07 23:00:00,0.174
2012-08-07 23:30:00,0.137
2012-08-08 00:00:00,0.109
2012-08-08 00:30:00,0.149
2012-08-08 01:00:00,0.166
2012-08-08 01:30:00,0.173
2012-08-08 02:00:00,0.156
2012-08-08 02:30:00,0.113
2012-08-08 03:00:00,0.092
2012-08-08 03:30:00,0.166
2012-08-08 04:00:00,0.153
2012-08-08 04:30:00,0.076
2012-08-08 05:00:00,0.119
2012-08-08 05:30:00,0.176
2012-08-08 06:00:00,0.722
2012-08-08 06:30:00,1.471
2012-08-08 07:00:00,2.3329999
2012-08-08 07:30:00,2.0810001
2012-08-08 08:00:00,1.245
2012-08-08 08:30:00,1.508
2012-08-08 09:00:00,1.857
2012-08-08 09:30:00,0.694
2012-08-08 10:00:00,0.326
2012-08-08 10:30:00,0.185
2012-08-08 11:00:00,0.09
2012-08-08 11:30:00,0.091
2012-08-08 12:00:00,0.11
2012-08-08 12:30:00,0.123
2012-08-08 13:00:00,0.069
2012-08-08 13:30:00,0.041
2012-08-08 14:00:00,0.133
2012-08-08 14:30:00,0.126
2012-08-08 15:00:00,0.277
2012-08-08 15:30:00,1.3940001
2012-08-08 16:00:00,1.215
2012-08-08 16:30:00,0.275
2012-08-08 17:00:00,0.28
2012-08-08 17:30:00,0.263
2012-08-08 18:00:00,0.294
2012-08-08 18:30:00,0.496
2012-08-08 19:00:00,1.513
2012-08-08 19:30:00,0.659
2012-08-08 20:00:00,0.323
2012-08-08 20:30:00,0.218
2012-08-08 21:00:00,0.201
2012-08-08 21:30:00,0.206
2012-08-08 22:00:00,0.18
2012-08-08 22:30:00,0.508
2012-08-08 23:00:00,0.689
2012-08-08 23:30:00,0.32
2012-08-09 00:00:00,0.116
2012-08-09 00:30:00,0.076
2012-08-09 01:00:00,0.083
2012-08-09 01:30:00,0.133
2012-08-09 02:00:00,0.117
2012-08-09 02:30:00,0.038
2012-08-09 03:00:00,0.087
2012-08-09 03:30:00,0.136
2012-08-09 04:00:00,0.079
2012-08-09 04:30:00,0.085
2012-08-09 05:00:00,0.082
2012-08-09 05:30:00,0.098
2012-08-09 06:00:00,0.125
2012-08-09 06:30:00,0.145
2012-08-09 07:00:00,2.0880001
2012-08-09 07:30:00,2.543
2012-08-09 08:00:00,0.94
2012-08-09 08:30:00,0.75
2012-08-09 09:00:00,0.478
2012-08-09 09:30:00,0.749
2012-08-09 10:00:00,1.6109999
2012-08-09 10:30:00,1.645
2012-08-09 11:00:00,2.204
2012-08-09 11:30:00,1.552
2012-08-09 12:00:00,0.404
2012-08-09 12:30:00,1.179
2012-08-09 13:00:00,0.61
2012-08-09 13:30:00,0.155
2012-08-09 14:00:00,0.1
2012-08-09 14:30:00,1.151
2012-08-09 15:00:00,0.32
2012-08-09 15:30:00,0.105
2012-08-09 16:00:00,0.108
2012-08-09 16:30:00,0.036
2012-08-09 17:00:00,0.138
2012-08-09 17:30:00,0.092
2012-08-09 18:00:00,0.961
2012-08-09 18:30:00,0.263
2012-08-09 19:00:00,0.671
2012-08-09 19:30:00,0.983
2012-08-09 20:00:00,0.548
2012-08-09 20:30:00,0.373
2012-08-09 21:00:00,0.158
2012-08-09 21:30:00,0.066
2012-08-09 22:00:00,0.157
2012-08-09 22:30:00,0.154
2012-08-09 23:00:00,0.054
2012-08-09 23:30:00,0.083
2012-08-10 00:00:00,0.109
2012-08-10 00:30:00,0.097
2012-08-10 01:00:00,0.12
2012-08-10 01:30:00,0.038
2012-08-10 02:00:00,0.084
2012-08-10 02:30:00,0.093
2012-08-10 03:00:00,0.147
2012-08-10 03:30:00,0.052
2012-08-10 04:00:00,0.091
2012-08-10 04:30:00,0.058
2012-08-10 05:00:00,0.141
2012-08-10 05:30:00,0.088
2012-08-10 06:00:00,0.08
2012-08-10 06:30:00,0.1
2012-08-10 07:00:00,0.159
2012-08-10 07:30:00,0.939
2012-08-10 08:00:00,0.609
2012-08-10 08:30:00,0.177
2012-08-10 09:00:00,0.767
2012-08-10 09:30:00,0.29
2012-08-10 10:00:00,0.14
2012-08-10 10:30:00,0.093
2012-08-10 11:00:00,0.082
2012-08-10 11:30:00,0.072
2012-08-10 12:00:00,0.138
2012-08-10 12:30:00,0.091
2012-08-10 13:00:00,0.133
2012-08-10 13:30:00,0.042
2012-08-10 14:00:00,0.081
2012-08-10 14:30:00,0.073
2012-08-10 15:00:00,0.131
2012-08-10 15:30:00,0.06
2012-08-10 16:00:00,0.088
2012-08-10 16:30:00,0.046
2012-08-10 17:00:00,0.091
2012-08-10 17:30:00,0.151
2012-08-10 18:00:00,1.425
2012-08-10 18:30:00,0.759
2012-08-10 19:00:00,0.218
2012-08-10 19:30:00,0.193
2012-08-10 20:00:00,0.184
2012-08-10 20:30:00,0.128
2012-08-10 21:00:00,0.151
2012-08-10 21:30:00,0.11
2012-08-10 22:00:00,0.049
2012-08-10 22:30:00,0.105
2012-08-10 23:00:00,0.092
2012-08-10 23:30:00,0.141
2012-08-11 00:00:00,0.076
2012-08-11 00:30:00,0.039
2012-08-11 01:00:00,0.098
2012-08-11 01:30:00,0.097
2012-08-11 02:00:00,0.145
2012-08-11 02:30:00,0.128
2012-08-11 03:00:00,0.039
2012-08-11 03:30:00,0.058
2012-08-11 04:00:00,0.097
2012-08-11 04:30:00,0.169
2012-08-11 05:00:00,0.039
2012-08-11 05:30:00,0.038
2012-08-11 06:00:00,0.078
2012-08-11 06:30:00,0.789
2012-08-11 07:00:00,0.689
2012-08-11 07:30:00,0.325
2012-08-11 08:00:00,1.638
2012-08-11 08:30:00,0.509
2012-08-11 09:00:00,0.144
2012-08-11 09:30:00,0.224
2012-08-11 10:00:00,1.553
2012-08-11 10:30:00,1.849
2012-08-11 11:00:00,0.878
2012-08-11 11:30:00,0.283
2012-08-11 12:00:00,0.395
2012-08-11 12:30:00,0.194
2012-08-11 13:00:00,1.031
2012-08-11 13:30:00,0.211
2012-08-11 14:00:00,0.138
2012-08-11 14:30:00,0.119
2012-08-11 15:00:00,0.035
2012-08-11 15:30:00,0.101
2012-08-11 16:00:00,0.112
2012-08-11 16:30:00,0.099
2012-08-11 17:00:00,0.035
2012-08-11 17:30:00,0.138
2012-08-11 18:00:00,0.246
2012-08-11 18:30:00,0.709
2012-08-11 19:00:00,0.226
2012-08-11 19:30:00,0.281
2012-08-11 20:00:00,0.293
2012-08-11 20:30:00,0.302
2012-08-11 21:00:00,0.12
2012-08-11 21:30:00,0.123
2012-08-11 22:00:00,0.145
2012-08-11 22:30:00,0.115
2012-08-11 23:00:00,0.153
2012-08-11 23:30:00,0.122
2012-08-12 00:00:00,0.053
2012-08-12 00:30:00,0.137
2012-08-12 01:00:00,0.11
2012-08-12 01:30:00,0.112
2012-08-12 02:00:00,0.043
2012-08-12 02:30:00,0.13
2012-08-12 03:00:00,0.101
2012-08-12 03:30:00,0.098
2012-08-12 04:00:00,0.07
2012-08-12 04:30:00,0.087
2012-08-12 05:00:00,0.143
2012-08-12 05:30:00,0.088
2012-08-12 06:00:00,0.329
2012-08-12 06:30:00,0.434
2012-08-12 07:00:00,0.333
2012-08-12 07:30:00,0.236
2012-08-12 08:00:00,2.372
2012-08-12 08:30:00,0.782
2012-08-12 09:00:00,0.191
2012-08-12 09:30:00,0.121
2012-08-12 10:00:00,0.033
2012-08-12 10:30:00,0.122
2012-08-12 11:00:00,0.14
2012-08-12 11:30:00,0.05
2012-08-12 12:00:00,0.106
2012-08-12 12:30:00,0.096
2012-08-12 13:00:00,0.157
2012-08-12 13:30:00,0.093
2012-08-12 14:00:00,0.131
2012-08-12 14:30:00,0.036
2012-08-12 15:00:00,0.08
2012-08-12 15:30:00,0.097
2012-08-12 16:00:00,0.106
2012-08-12 16:30:00,0.036
2012-08-12 17:00:00,0.149
2012-08-12 17:30:00,0.094
2012-08-12 18:00:00,0.069
2012-08-12 18:30:00,0.989
2012-08-12 19:00:00,0.701
2012-08-12 19:30:00,0.212
2012-08-12 20:00:00,0.194
2012-08-12 20:30:00,0.302
2012-08-12 21:00:00,0.154
2012-08-12 21:30:00,0.096
2012-08-12 22:00:00,0.312
2012-08-12 22:30:00,0.321
2012-08-12 23:00:00,0.163
2012-08-12 23:30:00,0.126
2012-08-13 00:00:00,0.243
2012-08-13 00:30:00,0.128
2012-08-13 01:00:00,0.193
2012-08-13 01:30:00,0.115
2012-08-13 02:00:00,0.108
2012-08-13 02:30:00,0.038
2012-08-13 03:00:00,0.153
2012-08-13 03:30:00,0.106
2012-08-13 04:00:00,0.096
2012-08-13 04:30:00,0.182
2012-08-13 05:00:00,0.096
2012-08-13 05:30:00,0.049
2012-08-13 06:00:00,0.053
2012-08-13 06:30:00,0.151
2012-08-13 07:00:00,0.052
2012-08-13 07:30:00,0.11
2012-08-13 08:00:00,0.235
2012-08-13 08:30:00,0.322
2012-08-13 09:00:00,0.376
2012-08-13 09:30:00,0.539
2012-08-13 10:00:00,0.811
2012-08-13 10:30:00,1.2130001
2012-08-13 11:00:00,0.43
2012-08-13 11:30:00,0.345
2012-08-13 12:00:00,0.143
2012-08-13 12:30:00,0.157
2012-08-13 13:00:00,0.084
2012-08-13 13:30:00,0.081
2012-08-13 14:00:00,0.074
2012-08-13 14:30:00,0.08
2012-08-13 15:00:00,0.135
2012-08-13 15:30:00,0.033
2012-08-13 16:00:00,0.077
2012-08-13 16:30:00,0.079
2012-08-13 17:00:00,0.138
2012-08-13 17:30:00,0.048
2012-08-13 18:00:00,0.096
2012-08-13 18:30:00,0.083
2012-08-13 19:00:00,0.094
2012-08-13 19:30:00,0.132
2012-08-13 20:00:00,0.08
2012-08-13 20:30:00,0.079
2012-08-13 21:00:00,0.036
2012-08-13 21:30:00,0.134
2012-08-13 22:00:00,0.086
2012-08-13 22:30:00,0.035
2012-08-13 23:00:00,0.092
2012-08-13 23:30:00,0.077
2012-08-14 00:00:00,0.122
2012-08-14 00:30:00,0.075
2012-08-14 01:00:00,0.031
2012-08-14 01:30:00,0.109
2012-08-14 02:00:00,0.089
2012-08-14 02:30:00,0.052
2012-08-14 03:00:00,0.076
2012-08-14 03:30:00,0.055
2012-08-14 04:00:00,0.137
2012-08-14 04:30:00,0.074
2012-08-14 05:00:00,0.109
2012-08-14 05:30:00,0.031
2012-08-14 06:00:00,0.088
2012-08-14 06:30:00,0.133
2012-08-14 07:00:00,0.061
2012-08-14 07:30:00,0.031
2012-08-14 08:00:00,0.15
2012-08-14 08:30:00,0.088
2012-08-14 09:00:00,0.058
2012-08-14 09:30:00,0.031
2012-08-14 10:00:00,0.112
2012-08-14 10:30:00,0.089
2012-08-14 11:00:00,0.081
2012-08-14 11:30:00,0.086
2012-08-14 12:00:00,0.031
2012-08-14 12:30:00,0.083
2012-08-14 13:00:00,0.145
2012-08-14 13:30:00,0.043
2012-08-14 14:00:00,0.032
2012-08-14 14:30:00,0.124
2012-08-14 15:00:00,0.089
2012-08-14 15:30:00,0.04
2012-08-14 16:00:00,0.083
2012-08-14 16:30:00,0.071
2012-08-14 17:00:00,0.152
2012-08-14 17:30:00,0.06
2012-08-14 18:00:00,0.031
2012-08-14 18:30:00,0.05
2012-08-14 19:00:00,0.162
2012-08-14 19:30:00,0.077
2012-08-14 20:00:00,0.031
2012-08-14 20:30:00,0.104
2012-08-14 21:00:00,0.09
2012-08-14 21:30:00,0.086
2012-08-14 22:00:00,0.091
2012-08-14 22:30:00,0.066
2012-08-14 23:00:00,0.074
2012-08-14 23:30:00,0.088
2012-08-15 00:00:00,0.054
2012-08-15 00:30:00,0.114
2012-08-15 01:00:00,0.072
2012-08-15 01:30:00,0.088
2012-08-15 02:00:00,0.091
2012-08-15 02:30:00,0.151
2012-08-15 03:00:00,0.035
2012-08-15 03:30:00,0.031
2012-08-15 04:00:00,0.144
2012-08-15 04:30:00,0.087
2012-08-15 05:00:00,0.04
2012-08-15 05:30:00,0.08
2012-08-15 06:00:00,0.069
2012-08-15 06:30:00,0.088
2012-08-15 07:00:00,0.123
2012-08-15 07:30:00,0.031
2012-08-15 08:00:00,0.047
2012-08-15 08:30:00,0.162
2012-08-15 09:00:00,0.081
2012-08-15 09:30:00,0.031
2012-08-15 10:00:00,0.031
2012-08-15 10:30:00,0.172
2012-08-15 11:00:00,0.087
2012-08-15 11:30:00,0.047
2012-08-15 12:00:00,0.031
2012-08-15 12:30:00,0.128
2012-08-15 13:00:00,0.088
2012-08-15 13:30:00,0.064
2012-08-15 14:00:00,0.099
2012-08-15 14:30:00,0.044
2012-08-15 15:00:00,0.09
2012-08-15 15:30:00,0.079
2012-08-15 16:00:00,0.123
2012-08-15 16:30:00,0.031
2012-08-15 17:00:00,0.086
2012-08-15 17:30:00,0.087
2012-08-15 18:00:00,0.102
2012-08-15 18:30:00,0.032
2012-08-15 19:00:00,0.074
2012-08-15 19:30:00,0.163
2012-08-15 20:00:00,0.117
2012-08-15 20:30:00,0.032
2012-08-15 21:00:00,0.062
2012-08-15 21:30:00,0.088
2012-08-15 22:00:00,0.066
2012-08-15 22:30:00,0.032
2012-08-15 23:00:00,0.103
2012-08-15 23:30:00,0.09
2012-08-16 00:00:00,0.087
2012-08-16 00:30:00,0.034
2012-08-16 01:00:00,0.108
2012-08-16 01:30:00,0.067
2012-08-16 02:00:00,0.088
2012-08-16 02:30:00,0.054
2012-08-16 03:00:00,0.098
2012-08-16 03:30:00,0.044
2012-08-16 04:00:00,0.089
2012-08-16 04:30:00,0.194
2012-08-16 05:00:00,0.031
2012-08-16 05:30:00,0.032
2012-08-16 06:00:00,0.077
2012-08-16 06:30:00,0.087
2012-08-16 07:00:00,0.046
2012-08-16 07:30:00,0.097
2012-08-16 08:00:00,0.053
2012-08-16 08:30:00,0.089
2012-08-16 09:00:00,0.131
2012-08-16 09:30:00,0.031
2012-08-16 10:00:00,0.032
2012-08-16 10:30:00,0.084
2012-08-16 11:00:00,0.165
2012-08-16 11:30:00,0.04
2012-08-16 12:00:00,0.031
2012-08-16 12:30:00,0.061
2012-08-16 13:00:00,0.158
2012-08-16 13:30:00,0.066
2012-08-16 14:00:00,0.031
2012-08-16 14:30:00,0.098
2012-08-16 15:00:00,0.09
2012-08-16 15:30:00,0.084
2012-08-16 16:00:00,0.1
2012-08-16 16:30:00,0.032
2012-08-16 17:00:00,0.072
2012-08-16 17:30:00,0.088
2012-08-16 18:00:00,0.135
2012-08-16 18:30:00,0.031
2012-08-16 19:00:00,0.045
2012-08-16 19:30:00,0.089
2012-08-16 20:00:00,0.146
2012-08-16 20:30:00,0.031
2012-08-16 21:00:00,0.031
2012-08-16 21:30:00,0.159
2012-08-16 22:00:00,0.088
2012-08-16 22:30:00,0.049
2012-08-16 23:00:00,0.031
2012-08-16 23:30:00,0.15
2012-08-17 00:00:00,0.089
2012-08-17 00:30:00,0.073
2012-08-17 01:00:00,0.031
2012-08-17 01:30:00,0.031
2012-08-17 02:00:00,0.085
2012-08-17 02:30:00,0.174
2012-08-17 03:00:00,0.031
2012-08-17 03:30:00,0.031
2012-08-17 04:00:00,0.082
2012-08-17 04:30:00,0.088
2012-08-17 05:00:00,0.133
2012-08-17 05:30:00,0.031
2012-08-17 06:00:00,0.05
2012-08-17 06:30:00,0.089
2012-08-17 07:00:00,0.164
2012-08-17 07:30:00,0.031
2012-08-17 08:00:00,0.031
2012-08-17 08:30:00,0.082
2012-08-17 09:00:00,0.107
2012-08-17 09:30:00,0.108
2012-08-17 10:00:00,0.031
2012-08-17 10:30:00,0.051
2012-08-17 11:00:00,0.089
2012-08-17 11:30:00,0.136
2012-08-17 12:00:00,0.031
2012-08-17 12:30:00,0.031
2012-08-17 13:00:00,0.152
2012-08-17 13:30:00,0.086
2012-08-17 14:00:00,0.039
2012-08-17 14:30:00,0.031
2012-08-17 15:00:00,0.126
2012-08-17 15:30:00,0.088
2012-08-17 16:00:00,0.061
2012-08-17 16:30:00,0.031
2012-08-17 17:00:00,0.145
2012-08-17 17:30:00,0.088
2012-08-17 18:00:00,0.079
2012-08-17 18:30:00,0.03
2012-08-17 19:00:00,0.031
2012-08-17 19:30:00,0.176
2012-08-17 20:00:00,0.086
2012-08-17 20:30:00,0.04
2012-08-17 21:00:00,0.031
2012-08-17 21:30:00,0.064
2012-08-17 22:00:00,0.148
2012-08-17 22:30:00,0.058
2012-08-17 23:00:00,0.031
2012-08-17 23:30:00,0.088
2012-08-18 00:00:00,0.134
2012-08-18 00:30:00,0.074
2012-08-18 01:00:00,0.049
2012-08-18 01:30:00,0.056
2012-08-18 02:00:00,0.259
2012-08-18 02:30:00,0.088
2012-08-18 03:00:00,0.078
2012-08-18 03:30:00,0.031
2012-08-18 04:00:00,0.037
2012-08-18 04:30:00,0.09
2012-08-18 05:00:00,0.083
2012-08-18 05:30:00,0.031
2012-08-18 06:00:00,0.116
2012-08-18 06:30:00,0.082
2012-08-18 07:00:00,0.086
2012-08-18 07:30:00,0.047
2012-08-18 08:00:00,0.031
2012-08-18 08:30:00,0.134
2012-08-18 09:00:00,0.088
2012-08-18 09:30:00,0.061
2012-08-18 10:00:00,0.031
2012-08-18 10:30:00,0.135
2012-08-18 11:00:00,0.088
2012-08-18 11:30:00,0.076
2012-08-18 12:00:00,0.031
2012-08-18 12:30:00,0.031
2012-08-18 13:00:00,0.153
2012-08-18 13:30:00,0.086
2012-08-18 14:00:00,0.034
2012-08-18 14:30:00,0.03
2012-08-18 15:00:00,0.158
2012-08-18 15:30:00,0.086
2012-08-18 16:00:00,0.048
2012-08-18 16:30:00,0.031
2012-08-18 17:00:00,0.152
2012-08-18 17:30:00,0.087
2012-08-18 18:00:00,0.055
2012-08-18 18:30:00,0.03
2012-08-18 19:00:00,0.059
2012-08-18 19:30:00,0.143
2012-08-18 20:00:00,0.066
2012-08-18 20:30:00,0.03
2012-08-18 21:00:00,0.102
2012-08-18 21:30:00,0.088
2012-08-18 22:00:00,0.078
2012-08-18 22:30:00,0.063
2012-08-18 23:00:00,0.115
2012-08-18 23:30:00,0.088
2012-08-19 00:00:00,0.086
2012-08-19 00:30:00,0.036
2012-08-19 01:00:00,0.031
2012-08-19 01:30:00,0.145
2012-08-19 02:00:00,0.087
2012-08-19 02:30:00,0.048
2012-08-19 03:00:00,0.03
2012-08-19 03:30:00,0.156
2012-08-19 04:00:00,0.087
2012-08-19 04:30:00,0.055
2012-08-19 05:00:00,0.031
2012-08-19 05:30:00,0.06
2012-08-19 06:00:00,0.149
2012-08-19 06:30:00,0.063
2012-08-19 07:00:00,0.03
2012-08-19 07:30:00,0.103
2012-08-19 08:00:00,0.089
2012-08-19 08:30:00,0.074
2012-08-19 09:00:00,0.031
2012-08-19 09:30:00,0.162
2012-08-19 10:00:00,0.089
2012-08-19 10:30:00,0.07
2012-08-19 11:00:00,0.031
2012-08-19 11:30:00,0.046
2012-08-19 12:00:00,0.089
2012-08-19 12:30:00,0.209
2012-08-19 13:00:00,0.031
2012-08-19 13:30:00,0.034
2012-08-19 14:00:00,0.09
2012-08-19 14:30:00,0.084
2012-08-19 15:00:00,0.031
2012-08-19 15:30:00,0.034
2012-08-19 16:00:00,0.18
2012-08-19 16:30:00,0.087
2012-08-19 17:00:00,0.04
2012-08-19 17:30:00,0.031
2012-08-19 18:00:00,0.08
2012-08-19 18:30:00,0.161
2012-08-19 19:00:00,0.048
2012-08-19 19:30:00,0.031
2012-08-19 20:00:00,0.074
2012-08-19 20:30:00,0.087
2012-08-19 21:00:00,0.114
2012-08-19 21:30:00,0.031
2012-08-19 22:00:00,0.086
2012-08-19 22:30:00,0.086
2012-08-19 23:00:00,0.116
2012-08-19 23:30:00,0.031
2012-08-20 00:00:00,0.077
2012-08-20 00:30:00,0.086
2012-08-20 01:00:00,0.116
2012-08-20 01:30:00,0.031
2012-08-20 02:00:00,0.068
2012-08-20 02:30:00,0.133
2012-08-20 03:00:00,0.133
2012-08-20 03:30:00,0.031
2012-08-20 04:00:00,0.06
2012-08-20 04:30:00,0.088
2012-08-20 05:00:00,0.063
2012-08-20 05:30:00,0.031
2012-08-20 06:00:00,0.15
2012-08-20 06:30:00,0.088
2012-08-20 07:00:00,0.074
2012-08-20 07:30:00,0.03
2012-08-20 08:00:00,0.039
2012-08-20 08:30:00,0.164
2012-08-20 09:00:00,0.085
2012-08-20 09:30:00,0.032
2012-08-20 10:00:00,0.03
2012-08-20 10:30:00,0.138
2012-08-20 11:00:00,0.086
2012-08-20 11:30:00,0.037
2012-08-20 12:00:00,0.094
2012-08-20 12:30:00,0.077
2012-08-20 13:00:00,0.086
2012-08-20 13:30:00,0.051
2012-08-20 14:00:00,0.089
2012-08-20 14:30:00,0.064
2012-08-20 15:00:00,0.088
2012-08-20 15:30:00,0.078
2012-08-20 16:00:00,0.068
2012-08-20 16:30:00,0.053
2012-08-20 17:00:00,0.088
2012-08-20 17:30:00,0.135
2012-08-20 18:00:00,0.031
2012-08-20 18:30:00,0.042
2012-08-20 19:00:00,0.172
2012-08-20 19:30:00,0.081
2012-08-20 20:00:00,0.031
2012-08-20 20:30:00,0.033
2012-08-20 21:00:00,0.089
2012-08-20 21:30:00,0.17
2012-08-20 22:00:00,0.037
2012-08-20 22:30:00,0.03
2012-08-20 23:00:00,0.081
2012-08-20 23:30:00,0.16
2012-08-21 00:00:00,0.047
2012-08-21 00:30:00,0.031
2012-08-21 01:00:00,0.069
2012-08-21 01:30:00,0.151
2012-08-21 02:00:00,0.099
2012-08-21 02:30:00,0.036
2012-08-21 03:00:00,0.132
2012-08-21 03:30:00,0.091
2012-08-21 04:00:00,0.087
2012-08-21 04:30:00,0.036
2012-08-21 05:00:00,0.089
2012-08-21 05:30:00,0.085
2012-08-21 06:00:00,0.086
2012-08-21 06:30:00,0.138
2012-08-21 07:00:00,0.031
2012-08-21 07:30:00,0.073
2012-08-21 08:00:00,0.086
2012-08-21 08:30:00,0.055
2012-08-21 09:00:00,0.03
2012-08-21 09:30:00,0.154
2012-08-21 10:00:00,0.088
2012-08-21 10:30:00,0.07
2012-08-21 11:00:00,0.031
2012-08-21 11:30:00,0.039
2012-08-21 12:00:00,0.161
2012-08-21 12:30:00,0.069
2012-08-21 13:00:00,0.031
2012-08-21 13:30:00,0.042
2012-08-21 14:00:00,0.155
2012-08-21 14:30:00,0.084
2012-08-21 15:00:00,0.031
2012-08-21 15:30:00,0.091
2012-08-21 16:00:00,0.084
2012-08-21 16:30:00,0.087
2012-08-21 17:00:00,0.047
2012-08-21 17:30:00,0.09
2012-08-21 18:00:00,0.063
2012-08-21 18:30:00,0.088
2012-08-21 19:00:00,0.151
2012-08-21 19:30:00,0.03
2012-08-21 20:00:00,0.05
2012-08-21 20:30:00,0.088
2012-08-21 21:00:00,0.073
2012-08-21 21:30:00,0.156
2012-08-21 22:00:00,0.035
2012-08-21 22:30:00,0.089
2012-08-21 23:00:00,0.086
2012-08-21 23:30:00,0.036
2012-08-22 00:00:00,0.032
2012-08-22 00:30:00,0.186
2012-08-22 01:00:00,0.088
2012-08-22 01:30:00,0.051
2012-08-22 02:00:00,0.03
2012-08-22 02:30:00,0.055
2012-08-22 03:00:00,0.089
2012-08-22 03:30:00,0.159
2012-08-22 04:00:00,0.031
2012-08-22 04:30:00,0.042
2012-08-22 05:00:00,0.089
2012-08-22 05:30:00,0.08
2012-08-22 06:00:00,0.031
2012-08-22 06:30:00,0.113
2012-08-22 07:00:00,0.073
2012-08-22 07:30:00,0.087
2012-08-22 08:00:00,0.045
2012-08-22 08:30:00,0.094
2012-08-22 09:00:00,0.053
2012-08-22 09:30:00,0.087
2012-08-22 10:00:00,0.07
2012-08-22 10:30:00,0.1
2012-08-22 11:00:00,0.031
2012-08-22 11:30:00,0.083
2012-08-22 12:00:00,0.155
2012-08-22 12:30:00,0.041
2012-08-22 13:00:00,0.031
2012-08-22 13:30:00,0.055
2012-08-22 14:00:00,0.158
2012-08-22 14:30:00,0.067
2012-08-22 15:00:00,0.031
2012-08-22 15:30:00,0.032
2012-08-22 16:00:00,0.157
2012-08-22 16:30:00,0.086
2012-08-22 17:00:00,0.035
2012-08-22 17:30:00,0.105
2012-08-22 18:00:00,0.067
2012-08-22 18:30:00,0.087
2012-08-22 19:00:00,0.055
2012-08-22 19:30:00,0.099
2012-08-22 20:00:00,0.045
2012-08-22 20:30:00,0.088
2012-08-22 21:00:00,0.079
2012-08-22 21:30:00,0.116
2012-08-22 22:00:00,0.031
2012-08-22 22:30:00,0.077
2012-08-22 23:00:00,0.087
2012-08-22 23:30:00,0.117
2012-08-23 00:00:00,0.031
2012-08-23 00:30:00,0.045
2012-08-23 01:00:00,0.088
2012-08-23 01:30:00,0.142
2012-08-23 02:00:00,0.031
2012-08-23 02:30:00,0.031
2012-08-23 03:00:00,0.083
2012-08-23 03:30:00,0.151
2012-08-23 04:00:00,0.047
2012-08-23 04:30:00,0.032
2012-08-23 05:00:00,0.107
2012-08-23 05:30:00,0.089
2012-08-23 06:00:00,0.078
2012-08-23 06:30:00,0.031
2012-08-23 07:00:00,0.096
2012-08-23 07:30:00,0.065
2012-08-23 08:00:00,0.087
2012-08-23 08:30:00,0.153
2012-08-23 09:00:00,0.031
2012-08-23 09:30:00,0.03
2012-08-23 10:00:00,0.082
2012-08-23 10:30:00,0.087
2012-08-23 11:00:00,0.102
2012-08-23 11:30:00,0.031
2012-08-23 12:00:00,0.052
2012-08-23 12:30:00,0.148
2012-08-23 13:00:00,0.074
2012-08-23 13:30:00,0.031
2012-08-23 14:00:00,0.03
2012-08-23 14:30:00,0.162
2012-08-23 15:00:00,0.086
2012-08-23 15:30:00,0.053
2012-08-23 16:00:00,0.031
2012-08-23 16:30:00,0.115
2012-08-23 17:00:00,0.09
2012-08-23 17:30:00,0.056
2012-08-23 18:00:00,0.031
2012-08-23 18:30:00,0.13
2012-08-23 19:00:00,0.089
2012-08-23 19:30:00,0.085
2012-08-23 20:00:00,0.031
2012-08-23 20:30:00,0.058
2012-08-23 21:00:00,0.136
2012-08-23 21:30:00,0.088
2012-08-23 22:00:00,0.054
2012-08-23 22:30:00,0.031
2012-08-23 23:00:00,0.039
2012-08-23 23:30:00,0.154
2012-08-24 00:00:00,0.087
2012-08-24 00:30:00,0.032
2012-08-24 01:00:00,0.094
2012-08-24 01:30:00,0.057
2012-08-24 02:00:00,0.088
2012-08-24 02:30:00,0.094
2012-08-24 03:00:00,0.111
2012-08-24 03:30:00,0.036
2012-08-24 04:00:00,0.094
2012-08-24 04:30:00,0.146
2012-08-24 05:00:00,0.049
2012-08-24 05:30:00,0.031
2012-08-24 06:00:00,0.115
2012-08-24 06:30:00,0.088
2012-08-24 07:00:00,0.076
2012-08-24 07:30:00,0.085
2012-08-24 08:00:00,0.031
2012-08-24 08:30:00,0.071
2012-08-24 09:00:00,0.157
2012-08-24 09:30:00,0.053
2012-08-24 10:00:00,0.031
2012-08-24 10:30:00,0.031
2012-08-24 11:00:00,0.162
2012-08-24 11:30:00,0.086
2012-08-24 12:00:00,0.032
2012-08-24 12:30:00,0.031
2012-08-24 13:00:00,0.153
2012-08-24 13:30:00,0.088
2012-08-24 14:00:00,0.072
2012-08-24 14:30:00,0.031
2012-08-24 15:00:00,0.098
2012-08-24 15:30:00,0.074
2012-08-24 16:00:00,0.087
2012-08-24 16:30:00,0.112
2012-08-24 17:00:00,0.074
2012-08-24 17:30:00,0.04
2012-08-24 18:00:00,0.112
2012-08-24 18:30:00,0.147
2012-08-24 19:00:00,0.048
2012-08-24 19:30:00,0.031
2012-08-24 20:00:00,0.101
2012-08-24 20:30:00,0.089
2012-08-24 21:00:00,0.077
2012-08-24 21:30:00,0.079
2012-08-24 22:00:00,0.064
2012-08-24 22:30:00,0.067
2012-08-24 23:00:00,0.088
2012-08-24 23:30:00,0.063
2012-08-25 00:00:00,0.099
2012-08-25 00:30:00,0.031
2012-08-25 01:00:00,0.08
2012-08-25 01:30:00,0.206
2012-08-25 02:00:00,0.048
2012-08-25 02:30:00,0.031
2012-08-25 03:00:00,0.037
2012-08-25 03:30:00,0.09
2012-08-25 04:00:00,0.074
2012-08-25 04:30:00,0.111
2012-08-25 05:00:00,0.031
2012-08-25 05:30:00,0.071
2012-08-25 06:00:00,0.088
2012-08-25 06:30:00,0.162
2012-08-25 07:00:00,0.031
2012-08-25 07:30:00,0.031
2012-08-25 08:00:00,0.086
2012-08-25 08:30:00,0.087
2012-08-25 09:00:00,0.044
2012-08-25 09:30:00,0.12
2012-08-25 10:00:00,0.039
2012-08-25 10:30:00,0.089
2012-08-25 11:00:00,0.08
2012-08-25 11:30:00,0.094
2012-08-25 12:00:00,0.031
2012-08-25 12:30:00,0.061
2012-08-25 13:00:00,0.088
2012-08-25 13:30:00,0.143
2012-08-25 14:00:00,0.031
2012-08-25 14:30:00,0.031
2012-08-25 15:00:00,0.082
2012-08-25 15:30:00,0.173
2012-08-25 16:00:00,0.043
2012-08-25 16:30:00,0.031
2012-08-25 17:00:00,0.041
2012-08-25 17:30:00,0.089
2012-08-25 18:00:00,0.164
2012-08-25 18:30:00,0.031
2012-08-25 19:00:00,0.031
2012-08-25 19:30:00,0.058
2012-08-25 20:00:00,0.164
2012-08-25 20:30:00,0.064
2012-08-25 21:00:00,0.031
2012-08-25 21:30:00,0.031
2012-08-25 22:00:00,0.145
2012-08-25 22:30:00,0.087
2012-08-25 23:00:00,0.057
2012-08-25 23:30:00,0.135
2012-08-26 00:00:00,0.051
2012-08-26 00:30:00,0.088
2012-08-26 01:00:00,0.088
2012-08-26 01:30:00,0.07
2012-08-26 02:00:00,0.116
2012-08-26 02:30:00,0.031
2012-08-26 03:00:00,0.074
2012-08-26 03:30:00,0.087
2012-08-26 04:00:00,0.116
2012-08-26 04:30:00,0.031
2012-08-26 05:00:00,0.031
2012-08-26 05:30:00,0.164
2012-08-26 06:00:00,0.076
2012-08-26 06:30:00,0.031
2012-08-26 07:00:00,0.031
2012-08-26 07:30:00,0.131
2012-08-26 08:00:00,0.088
2012-08-26 08:30:00,0.057
2012-08-26 09:00:00,0.03
2012-08-26 09:30:00,0.094
2012-08-26 10:00:00,0.076
2012-08-26 10:30:00,0.087
2012-08-26 11:00:00,0.127
2012-08-26 11:30:00,0.031
2012-08-26 12:00:00,0.031
2012-08-26 12:30:00,0.085
2012-08-26 13:00:00,0.168
2012-08-26 13:30:00,0.037
2012-08-26 14:00:00,0.031
2012-08-26 14:30:00,0.041
2012-08-26 15:00:00,0.189
2012-08-26 15:30:00,0.086
2012-08-26 16:00:00,0.033
2012-08-26 16:30:00,0.031
2012-08-26 17:00:00,0.044
2012-08-26 17:30:00,0.151
2012-08-26 18:00:00,0.082
2012-08-26 18:30:00,0.03
2012-08-26 19:00:00,0.031
2012-08-26 19:30:00,0.117
2012-08-26 20:00:00,0.088
2012-08-26 20:30:00,0.08
2012-08-26 21:00:00,0.103
2012-08-26 21:30:00,0.031
2012-08-26 22:00:00,0.049
2012-08-26 22:30:00,0.088
2012-08-26 23:00:00,0.158
2012-08-26 23:30:00,0.031
2012-08-27 00:00:00,0.031
2012-08-27 00:30:00,0.09
2012-08-27 01:00:00,0.199
2012-08-27 01:30:00,0.101
2012-08-27 02:00:00,0.064
2012-08-27 02:30:00,0.063
2012-08-27 03:00:00,0.165
2012-08-27 03:30:00,0.121
2012-08-27 04:00:00,0.093
2012-08-27 04:30:00,0.118
2012-08-27 05:00:00,0.099
2012-08-27 05:30:00,0.096
2012-08-27 06:00:00,0.102
2012-08-27 06:30:00,0.071
2012-08-27 07:00:00,0.13
2012-08-27 07:30:00,0.036
2012-08-27 08:00:00,0.081
2012-08-27 08:30:00,0.093
2012-08-27 09:00:00,0.181
2012-08-27 09:30:00,0.037
2012-08-27 10:00:00,0.037
2012-08-27 10:30:00,0.058
2012-08-27 11:00:00,0.094
2012-08-27 11:30:00,0.149
2012-08-27 12:00:00,0.037
2012-08-27 12:30:00,0.037
2012-08-27 13:00:00,0.063
2012-08-27 13:30:00,0.165
2012-08-27 14:00:00,0.103
2012-08-27 14:30:00,0.037
2012-08-27 15:00:00,0.037
2012-08-27 15:30:00,0.062
2012-08-27 16:00:00,0.183
2012-08-27 16:30:00,0.071
2012-08-27 17:00:00,0.037
2012-08-27 17:30:00,0.036
2012-08-27 18:00:00,0.072
2012-08-27 18:30:00,0.17
2012-08-27 19:00:00,0.065
2012-08-27 19:30:00,0.036
2012-08-27 20:00:00,0.037
2012-08-27 20:30:00,0.16
2012-08-27 21:00:00,0.093
2012-08-27 21:30:00,0.061
2012-08-27 22:00:00,0.037
2012-08-27 22:30:00,0.141
2012-08-27 23:00:00,0.083
2012-08-27 23:30:00,0.093
2012-08-28 00:00:00,0.053
2012-08-28 00:30:00,0.037
2012-08-28 01:00:00,0.117
2012-08-28 01:30:00,0.092
2012-08-28 02:00:00,0.093
2012-08-28 02:30:00,0.047
2012-08-28 03:00:00,0.097
2012-08-28 03:30:00,0.061
2012-08-28 04:00:00,0.095
2012-08-28 04:30:00,0.088
2012-08-28 05:00:00,0.105
2012-08-28 05:30:00,0.038
2012-08-28 06:00:00,0.056
2012-08-28 06:30:00,0.094
2012-08-28 07:00:00,0.151
2012-08-28 07:30:00,0.036
2012-08-28 08:00:00,0.037
2012-08-28 08:30:00,0.057
2012-08-28 09:00:00,0.163
2012-08-28 09:30:00,0.076
2012-08-28 10:00:00,0.036
2012-08-28 10:30:00,0.136
2012-08-28 11:00:00,0.067
2012-08-28 11:30:00,0.093
2012-08-28 12:00:00,0.074
2012-08-28 12:30:00,0.037
2012-08-28 13:00:00,0.109
2012-08-28 13:30:00,0.068
2012-08-28 14:00:00,0.093
2012-08-28 14:30:00,0.068
2012-08-28 15:00:00,0.116
2012-08-28 15:30:00,0.036
2012-08-28 16:00:00,0.079
2012-08-28 16:30:00,0.093
2012-08-28 17:00:00,0.239
2012-08-28 17:30:00,0.037
2012-08-28 18:00:00,0.037
2012-08-28 18:30:00,0.085
2012-08-28 19:00:00,0.092
2012-08-28 19:30:00,0.048
2012-08-28 20:00:00,0.036
2012-08-28 20:30:00,0.042
2012-08-28 21:00:00,0.127
2012-08-28 21:30:00,0.118
2012-08-28 22:00:00,0.043
2012-08-28 22:30:00,0.037
2012-08-28 23:00:00,0.099
2012-08-28 23:30:00,0.094
2012-08-29 00:00:00,0.09
2012-08-29 00:30:00,0.145
2012-08-29 01:00:00,0.037
2012-08-29 01:30:00,0.057
2012-08-29 02:00:00,0.234
2012-08-29 02:30:00,0.094
2012-08-29 03:00:00,0.043
2012-08-29 03:30:00,0.036
2012-08-29 04:00:00,0.055
2012-08-29 04:30:00,0.095
2012-08-29 05:00:00,0.157
2012-08-29 05:30:00,0.063
2012-08-29 06:00:00,0.037
2012-08-29 06:30:00,0.058
2012-08-29 07:00:00,0.094
2012-08-29 07:30:00,0.244
2012-08-29 08:00:00,0.037
2012-08-29 08:30:00,0.037
2012-08-29 09:00:00,0.064
2012-08-29 09:30:00,0.094
2012-08-29 10:00:00,0.045
2012-08-29 10:30:00,0.036
2012-08-29 11:00:00,0.047
2012-08-29 11:30:00,0.179
2012-08-29 12:00:00,0.09
2012-08-29 12:30:00,0.037
2012-08-29 13:00:00,0.037
2012-08-29 13:30:00,0.052
2012-08-29 14:00:00,0.166
2012-08-29 14:30:00,0.091
2012-08-29 15:00:00,0.038
2012-08-29 15:30:00,0.037
2012-08-29 16:00:00,0.112
2012-08-29 16:30:00,0.093
2012-08-29 17:00:00,0.091
2012-08-29 17:30:00,0.108
2012-08-29 18:00:00,0.037
2012-08-29 18:30:00,0.041
2012-08-29 19:00:00,0.153
2012-08-29 19:30:00,0.092
2012-08-29 20:00:00,0.041
2012-08-29 20:30:00,0.037
2012-08-29 21:00:00,0.11
2012-08-29 21:30:00,0.093
2012-08-29 22:00:00,0.092
2012-08-29 22:30:00,0.189
2012-08-29 23:00:00,0.037
2012-08-29 23:30:00,0.037
2012-08-30 00:00:00,0.091
2012-08-30 00:30:00,0.092
2012-08-30 01:00:00,0.044
2012-08-30 01:30:00,0.037
2012-08-30 02:00:00,0.102
2012-08-30 02:30:00,0.092
2012-08-30 03:00:00,0.075
2012-08-30 03:30:00,0.106
2012-08-30 04:00:00,0.037
2012-08-30 04:30:00,0.069
2012-08-30 05:00:00,0.094
2012-08-30 05:30:00,0.293
2012-08-30 06:00:00,0.037
2012-08-30 06:30:00,0.037
2012-08-30 07:00:00,0.055
2012-08-30 07:30:00,0.093
2012-08-30 08:00:00,0.085
2012-08-30 08:30:00,0.037
2012-08-30 09:00:00,0.036
2012-08-30 09:30:00,0.041
2012-08-30 10:00:00,0.093
2012-08-30 10:30:00,0.181
2012-08-30 11:00:00,0.043
2012-08-30 11:30:00,0.037
2012-08-30 12:00:00,0.036
2012-08-30 12:30:00,0.088
2012-08-30 13:00:00,0.162
2012-08-30 13:30:00,0.054
2012-08-30 14:00:00,0.037
2012-08-30 14:30:00,0.092
2012-08-30 15:00:00,0.075
2012-08-30 15:30:00,0.093
2012-08-30 16:00:00,0.1
2012-08-30 16:30:00,0.072
2012-08-30 17:00:00,0.037
2012-08-30 17:30:00,0.077
2012-08-30 18:00:00,0.164
2012-08-30 18:30:00,0.112
2012-08-30 19:00:00,0.037
2012-08-30 19:30:00,0.036
2012-08-30 20:00:00,0.061
2012-08-30 20:30:00,0.093
2012-08-30 21:00:00,0.173
2012-08-30 21:30:00,0.037
2012-08-30 22:00:00,0.037
2012-08-30 22:30:00,0.037
2012-08-30 23:00:00,0.203
2012-08-30 23:30:00,0.092
2012-08-31 00:00:00,0.041
2012-08-31 00:30:00,0.037
2012-08-31 01:00:00,0.049
2012-08-31 01:30:00,0.097
2012-08-31 02:00:00,0.252
2012-08-31 02:30:00,0.054
2012-08-31 03:00:00,0.045
2012-08-31 03:30:00,0.062
2012-08-31 04:00:00,0.098
2012-08-31 04:30:00,0.071
2012-08-31 05:00:00,0.047
2012-08-31 05:30:00,0.133
2012-08-31 06:00:00,0.173
2012-08-31 06:30:00,0.053
2012-08-31 07:00:00,0.044
2012-08-31 07:30:00,0.081
2012-08-31 08:00:00,0.063
2012-08-31 08:30:00,0.116
2012-08-31 09:00:00,0.072
2012-08-31 09:30:00,0.067
2012-08-31 10:00:00,0.044
2012-08-31 10:30:00,0.144
2012-08-31 11:00:00,0.064
2012-08-31 11:30:00,0.045
2012-08-31 12:00:00,0.073
2012-08-31 12:30:00,0.158
2012-08-31 13:00:00,0.042
2012-08-31 13:30:00,0.065
2012-08-31 14:00:00,0.077
2012-08-31 14:30:00,0.043
2012-08-31 15:00:00,0.123
2012-08-31 15:30:00,0.086
2012-08-31 16:00:00,0.038
2012-08-31 16:30:00,0.125
2012-08-31 17:00:00,0.086
2012-08-31 17:30:00,0.054
2012-08-31 18:00:00,0.042
2012-08-31 18:30:00,0.145
2012-08-31 19:00:00,0.068
2012-08-31 19:30:00,0.041
2012-08-31 20:00:00,0.072
2012-08-31 20:30:00,0.147
2012-08-31 21:00:00,0.04
2012-08-31 21:30:00,0.057
2012-08-31 22:00:00,0.116
2012-08-31 22:30:00,0.107
2012-08-31 23:00:00,0.057
2012-08-31 23:30:00,0.088
2012-09-01 00:00:00,0.055
2012-09-01 00:30:00,0.172
2012-09-01 01:00:00,0.05
2012-09-01 01:30:00,0.087
2012-09-01 02:00:00,0.087
2012-09-01 02:30:00,0.038
2012-09-01 03:00:00,0.138
2012-09-01 03:30:00,0.07
2012-09-01 04:00:00,0.093
2012-09-01 04:30:00,0.057
2012-09-01 05:00:00,0.1
2012-09-01 05:30:00,0.06
2012-09-01 06:00:00,0.1
2012-09-01 06:30:00,0.127
2012-09-01 07:00:00,0.09
2012-09-01 07:30:00,0.071
2012-09-01 08:00:00,0.09
2012-09-01 08:30:00,0.052
2012-09-01 09:00:00,0.038
2012-09-01 09:30:00,0.124
2012-09-01 10:00:00,0.089
2012-09-01 10:30:00,0.05
2012-09-01 11:00:00,0.038
2012-09-01 11:30:00,0.181
2012-09-01 12:00:00,0.089
2012-09-01 12:30:00,0.037
2012-09-01 13:00:00,0.041
2012-09-01 13:30:00,0.076
2012-09-01 14:00:00,0.162
2012-09-01 14:30:00,0.037
2012-09-01 15:00:00,0.037
2012-09-01 15:30:00,0.058
2012-09-01 16:00:00,0.212
2012-09-01 16:30:00,0.051
2012-09-01 17:00:00,0.037
2012-09-01 17:30:00,0.039
2012-09-01 18:00:00,0.082
2012-09-01 18:30:00,0.092
2012-09-01 19:00:00,0.117
2012-09-01 19:30:00,0.037
2012-09-01 20:00:00,0.037
2012-09-01 20:30:00,0.145
2012-09-01 21:00:00,0.094
2012-09-01 21:30:00,0.061
2012-09-01 22:00:00,0.037
2012-09-01 22:30:00,0.122
2012-09-01 23:00:00,0.065
2012-09-01 23:30:00,0.093
2012-09-02 00:00:00,0.062
2012-09-02 00:30:00,0.131
2012-09-02 01:00:00,0.037
2012-09-02 01:30:00,0.074
2012-09-02 02:00:00,0.094
2012-09-02 02:30:00,0.098
2012-09-02 03:00:00,0.068
2012-09-02 03:30:00,0.047
2012-09-02 04:00:00,0.079
2012-09-02 04:30:00,0.229
2012-09-02 05:00:00,0.038
2012-09-02 05:30:00,0.046
2012-09-02 06:00:00,0.061
2012-09-02 06:30:00,0.091
2012-09-02 07:00:00,0.053
2012-09-02 07:30:00,0.108
2012-09-02 08:00:00,0.055
2012-09-02 08:30:00,0.099
2012-09-02 09:00:00,0.061
2012-09-02 09:30:00,0.119
2012-09-02 10:00:00,0.042
2012-09-02 10:30:00,0.089
2012-09-02 11:00:00,0.078
2012-09-02 11:30:00,0.14
2012-09-02 12:00:00,0.037
2012-09-02 12:30:00,0.067
2012-09-02 13:00:00,0.093
2012-09-02 13:30:00,0.058
2012-09-02 14:00:00,0.104
2012-09-02 14:30:00,0.037
2012-09-02 15:00:00,0.07
2012-09-02 15:30:00,0.092
2012-09-02 16:00:00,0.146
2012-09-02 16:30:00,0.037
2012-09-02 17:00:00,0.037
2012-09-02 17:30:00,0.052
2012-09-02 18:00:00,0.149
2012-09-02 18:30:00,0.08
2012-09-02 19:00:00,0.036
2012-09-02 19:30:00,0.117
2012-09-02 20:00:00,0.037
2012-09-02 20:30:00,0.09
2012-09-02 21:00:00,0.162
2012-09-02 21:30:00,0.04
2012-09-02 22:00:00,0.037
2012-09-02 22:30:00,0.037
2012-09-02 23:00:00,0.152
2012-09-02 23:30:00,0.093
2012-09-03 00:00:00,0.06
2012-09-03 00:30:00,0.099
2012-09-03 01:00:00,0.037
2012-09-03 01:30:00,0.059
2012-09-03 02:00:00,0.155
2012-09-03 02:30:00,0.08
2012-09-03 03:00:00,0.037
2012-09-03 03:30:00,0.037
2012-09-03 04:00:00,0.102
2012-09-03 04:30:00,0.094
2012-09-03 05:00:00,0.091
2012-09-03 05:30:00,0.129
2012-09-03 06:00:00,0.038
2012-09-03 06:30:00,0.037
2012-09-03 07:00:00,0.076
2012-09-03 07:30:00,0.166
2012-09-03 08:00:00,0.063
2012-09-03 08:30:00,0.036
2012-09-03 09:00:00,0.103
2012-09-03 09:30:00,0.056
2012-09-03 10:00:00,0.092
2012-09-03 10:30:00,0.085
2012-09-03 11:00:00,0.094
2012-09-03 11:30:00,0.036
2012-09-03 12:00:00,0.037
2012-09-03 12:30:00,0.206
2012-09-03 13:00:00,0.091
2012-09-03 13:30:00,0.043
2012-09-03 14:00:00,0.037
2012-09-03 14:30:00,0.037
2012-09-03 15:00:00,0.164
2012-09-03 15:30:00,0.092
2012-09-03 16:00:00,0.057
2012-09-03 16:30:00,0.037
2012-09-03 17:00:00,0.102
2012-09-03 17:30:00,0.101
2012-09-03 18:00:00,0.092
2012-09-03 18:30:00,0.068
2012-09-03 19:00:00,0.036
2012-09-03 19:30:00,0.119
2012-09-03 20:00:00,0.062
2012-09-03 20:30:00,0.093
2012-09-03 21:00:00,0.077
2012-09-03 21:30:00,0.124
2012-09-03 22:00:00,0.036
2012-09-03 22:30:00,0.052
2012-09-03 23:00:00,0.093
2012-09-03 23:30:00,0.184
2012-09-04 00:00:00,0.037
2012-09-04 00:30:00,0.037
2012-09-04 01:00:00,0.083
2012-09-04 01:30:00,0.099
2012-09-04 02:00:00,0.178
2012-09-04 02:30:00,0.053
2012-09-04 03:00:00,0.037
2012-09-04 03:30:00,0.036
2012-09-04 04:00:00,0.152
2012-09-04 04:30:00,0.092
2012-09-04 05:00:00,0.058
2012-09-04 05:30:00,0.106
2012-09-04 06:00:00,0.037
2012-09-04 06:30:00,0.068
2012-09-04 07:00:00,0.093
2012-09-04 07:30:00,0.142
2012-09-04 08:00:00,0.037
2012-09-04 08:30:00,0.036
2012-09-04 09:00:00,0.108
2012-09-04 09:30:00,0.093
2012-09-04 10:00:00,0.089
2012-09-04 10:30:00,0.126
2012-09-04 11:00:00,0.037
2012-09-04 11:30:00,0.037
2012-09-04 12:00:00,0.089
2012-09-04 12:30:00,0.107
2012-09-04 13:00:00,0.109
2012-09-04 13:30:00,0.037
2012-09-04 14:00:00,0.037
2012-09-04 14:30:00,0.077
2012-09-04 15:00:00,0.177
2012-09-04 15:30:00,0.064
2012-09-04 16:00:00,0.038
2012-09-04 16:30:00,0.036
2012-09-04 17:00:00,0.145
2012-09-04 17:30:00,0.093
2012-09-04 18:00:00,0.07
2012-09-04 18:30:00,0.114
2012-09-04 19:00:00,0.076
2012-09-04 19:30:00,0.067
2012-09-04 20:00:00,0.093
2012-09-04 20:30:00,0.069
2012-09-04 21:00:00,0.037
2012-09-04 21:30:00,0.119
2012-09-04 22:00:00,0.065
2012-09-04 22:30:00,0.093
2012-09-04 23:00:00,0.077
2012-09-04 23:30:00,0.092
2012-09-05 00:00:00,0.037
2012-09-05 00:30:00,0.055
2012-09-05 01:00:00,0.16
2012-09-05 01:30:00,0.055
2012-09-05 02:00:00,0.038
2012-09-05 02:30:00,0.104
2012-09-05 03:00:00,0.079
2012-09-05 03:30:00,0.09
2012-09-05 04:00:00,0.078
2012-09-05 04:30:00,0.07
2012-09-05 05:00:00,0.038
2012-09-05 05:30:00,0.094
2012-09-05 06:00:00,0.191
2012-09-05 06:30:00,0.052
2012-09-05 07:00:00,0.037
2012-09-05 07:30:00,0.037
2012-09-05 08:00:00,0.068
2012-09-05 08:30:00,0.185
2012-09-05 09:00:00,0.071
2012-09-05 09:30:00,0.037
2012-09-05 10:00:00,0.036
2012-09-05 10:30:00,0.124
2012-09-05 11:00:00,0.093
2012-09-05 11:30:00,0.088
2012-09-05 12:00:00,0.036
2012-09-05 12:30:00,0.089
2012-09-05 13:00:00,0.037
2012-09-05 13:30:00,0.091
2012-09-05 14:00:00,0.149
2012-09-05 14:30:00,0.037
2012-09-05 15:00:00,0.037
2012-09-05 15:30:00,0.13
2012-09-05 16:00:00,0.092
2012-09-05 16:30:00,0.092
2012-09-05 17:00:00,0.048
2012-09-05 17:30:00,0.122
2012-09-05 18:00:00,0.037
2012-09-05 18:30:00,0.081
2012-09-05 19:00:00,0.092
2012-09-05 19:30:00,0.119
2012-09-05 20:00:00,0.037
2012-09-05 20:30:00,0.037
2012-09-05 21:00:00,0.121
2012-09-05 21:30:00,0.093
2012-09-05 22:00:00,0.071
2012-09-05 22:30:00,0.146
2012-09-05 23:00:00,0.037
2012-09-05 23:30:00,0.052
2012-09-06 00:00:00,0.093
2012-09-06 00:30:00,0.089
2012-09-06 01:00:00,0.124
2012-09-06 01:30:00,0.038
2012-09-06 02:00:00,0.036
2012-09-06 02:30:00,0.088
2012-09-06 03:00:00,0.161
2012-09-06 03:30:00,0.047
2012-09-06 04:00:00,0.037
2012-09-06 04:30:00,0.128
2012-09-06 05:00:00,0.07
2012-09-06 05:30:00,0.093
2012-09-06 06:00:00,0.066
2012-09-06 06:30:00,0.039
2012-09-06 07:00:00,0.116
2012-09-06 07:30:00,0.075
2012-09-06 08:00:00,0.092
2012-09-06 08:30:00,0.057
2012-09-06 09:00:00,0.096
2012-09-06 09:30:00,0.04
2012-09-06 10:00:00,0.083
2012-09-06 10:30:00,0.23
2012-09-06 11:00:00,0.037
2012-09-06 11:30:00,0.036
2012-09-06 12:00:00,0.056
2012-09-06 12:30:00,0.092
2012-09-06 13:00:00,0.074
2012-09-06 13:30:00,0.112
2012-09-06 14:00:00,0.066
2012-09-06 14:30:00,0.046
2012-09-06 15:00:00,0.095
2012-09-06 15:30:00,0.057
2012-09-06 16:00:00,0.114
2012-09-06 16:30:00,0.037
2012-09-06 17:00:00,0.07
2012-09-06 17:30:00,0.093
2012-09-06 18:00:00,0.148
2012-09-06 18:30:00,0.037
2012-09-06 19:00:00,0.037
2012-09-06 19:30:00,0.051
2012-09-06 20:00:00,0.168
2012-09-06 20:30:00,0.088
2012-09-06 21:00:00,0.037
2012-09-06 21:30:00,0.037
2012-09-06 22:00:00,0.196
2012-09-06 22:30:00,0.088
2012-09-06 23:00:00,0.093
2012-09-06 23:30:00,0.055
2012-09-07 00:00:00,0.037
2012-09-07 00:30:00,0.037
2012-09-07 01:00:00,0.075
2012-09-07 01:30:00,0.145
2012-09-07 02:00:00,0.097
2012-09-07 02:30:00,0.093
2012-09-07 03:00:00,0.04
2012-09-07 03:30:00,0.106
2012-09-07 04:00:00,0.039
2012-09-07 04:30:00,0.093
2012-09-07 05:00:00,0.17
2012-09-07 05:30:00,0.055
2012-09-07 06:00:00,0.037
2012-09-07 06:30:00,0.037
2012-09-07 07:00:00,0.122
2012-09-07 07:30:00,0.092
2012-09-07 08:00:00,0.069
2012-09-07 08:30:00,0.111
2012-09-07 09:00:00,0.037
2012-09-07 09:30:00,0.062
2012-09-07 10:00:00,0.092
2012-09-07 10:30:00,0.152
2012-09-07 11:00:00,0.037
2012-09-07 11:30:00,0.037
2012-09-07 12:00:00,0.046
2012-09-07 12:30:00,0.209
2012-09-07 13:00:00,0.086
2012-09-07 13:30:00,0.037
2012-09-07 14:00:00,0.037
2012-09-07 14:30:00,0.037
2012-09-07 15:00:00,0.092
2012-09-07 15:30:00,0.168
2012-09-07 16:00:00,0.045
2012-09-07 16:30:00,0.037
2012-09-07 17:00:00,0.248
2012-09-07 17:30:00,0.438
2012-09-07 18:00:00,0.402
2012-09-07 18:30:00,0.401
2012-09-07 19:00:00,0.497
2012-09-07 19:30:00,0.542
2012-09-07 20:00:00,0.456
2012-09-07 20:30:00,0.424
2012-09-07 21:00:00,0.387
2012-09-07 21:30:00,0.456
2012-09-07 22:00:00,0.44
2012-09-07 22:30:00,0.41
2012-09-07 23:00:00,0.384
2012-09-07 23:30:00,0.424
2012-09-08 00:00:00,0.317
2012-09-08 00:30:00,0.205
2012-09-08 01:00:00,0.167
2012-09-08 01:30:00,0.141
2012-09-08 02:00:00,0.213
2012-09-08 02:30:00,0.199
2012-09-08 03:00:00,0.181
2012-09-08 03:30:00,0.139
2012-09-08 04:00:00,0.199
2012-09-08 04:30:00,0.195
2012-09-08 05:00:00,0.202
2012-09-08 05:30:00,0.158
2012-09-08 06:00:00,0.142
2012-09-08 06:30:00,0.253
2012-09-08 07:00:00,0.238
2012-09-08 07:30:00,0.393
2012-09-08 08:00:00,0.215
2012-09-08 08:30:00,0.19
2012-09-08 09:00:00,0.232
2012-09-08 09:30:00,0.431
2012-09-08 10:00:00,0.393
2012-09-08 10:30:00,0.253
2012-09-08 11:00:00,0.325
2012-09-08 11:30:00,0.344
2012-09-08 12:00:00,0.359
2012-09-08 12:30:00,0.188
2012-09-08 13:00:00,0.209
2012-09-08 13:30:00,0.235
2012-09-08 14:00:00,0.319
2012-09-08 14:30:00,0.187
2012-09-08 15:00:00,0.212
2012-09-08 15:30:00,0.212
2012-09-08 16:00:00,0.257
2012-09-08 16:30:00,0.261
2012-09-08 17:00:00,0.168
2012-09-08 17:30:00,0.281
2012-09-08 18:00:00,0.494
2012-09-08 18:30:00,0.407
2012-09-08 19:00:00,0.394
2012-09-08 19:30:00,0.386
2012-09-08 20:00:00,0.4
2012-09-08 20:30:00,0.366
2012-09-08 21:00:00,0.347
2012-09-08 21:30:00,0.419
2012-09-08 22:00:00,0.418
2012-09-08 22:30:00,0.465
2012-09-08 23:00:00,0.387
2012-09-08 23:30:00,0.521
2012-09-09 00:00:00,0.457
2012-09-09 00:30:00,0.303
2012-09-09 01:00:00,0.225
2012-09-09 01:30:00,0.279
2012-09-09 02:00:00,0.28
2012-09-09 02:30:00,0.304
2012-09-09 03:00:00,0.237
2012-09-09 03:30:00,0.292
2012-09-09 04:00:00,0.299
2012-09-09 04:30:00,0.233
2012-09-09 05:00:00,0.239
2012-09-09 05:30:00,0.299
2012-09-09 06:00:00,0.292
2012-09-09 06:30:00,0.233
2012-09-09 07:00:00,0.229
2012-09-09 07:30:00,0.332
2012-09-09 08:00:00,0.296
2012-09-09 08:30:00,0.269
2012-09-09 09:00:00,0.339
2012-09-09 09:30:00,0.339
2012-09-09 10:00:00,0.301
2012-09-09 10:30:00,0.397
2012-09-09 11:00:00,0.194
2012-09-09 11:30:00,0.345
2012-09-09 12:00:00,0.193
2012-09-09 12:30:00,0.155
2012-09-09 13:00:00,0.147
2012-09-09 13:30:00,0.159
2012-09-09 14:00:00,0.176
2012-09-09 14:30:00,0.117
2012-09-09 15:00:00,0.17
2012-09-09 15:30:00,0.248
2012-09-09 16:00:00,0.178
2012-09-09 16:30:00,0.19
2012-09-09 17:00:00,0.25
2012-09-09 17:30:00,0.356
2012-09-09 18:00:00,0.243
2012-09-09 18:30:00,0.207
2012-09-09 19:00:00,0.271
2012-09-09 19:30:00,0.332
2012-09-09 20:00:00,0.48
2012-09-09 20:30:00,0.633
2012-09-09 21:00:00,0.683
2012-09-09 21:30:00,0.647
2012-09-09 22:00:00,0.521
2012-09-09 22:30:00,0.492
2012-09-09 23:00:00,0.536
2012-09-09 23:30:00,0.603
2012-09-10 00:00:00,0.207
2012-09-10 00:30:00,0.097
2012-09-10 01:00:00,0.115
2012-09-10 01:30:00,0.162
2012-09-10 02:00:00,0.188
2012-09-10 02:30:00,0.102
2012-09-10 03:00:00,0.097
2012-09-10 03:30:00,0.158
2012-09-10 04:00:00,0.23
2012-09-10 04:30:00,0.107
2012-09-10 05:00:00,0.107
2012-09-10 05:30:00,0.144
2012-09-10 06:00:00,0.163
2012-09-10 06:30:00,0.172
2012-09-10 07:00:00,0.271
2012-09-10 07:30:00,0.397
2012-09-10 08:00:00,0.815
2012-09-10 08:30:00,0.2
2012-09-10 09:00:00,0.139
2012-09-10 09:30:00,0.115
2012-09-10 10:00:00,0.127
2012-09-10 10:30:00,0.149
2012-09-10 11:00:00,0.071
2012-09-10 11:30:00,0.119
2012-09-10 12:00:00,0.174
2012-09-10 12:30:00,0.08
2012-09-10 13:00:00,0.119
2012-09-10 13:30:00,0.107
2012-09-10 14:00:00,0.129
2012-09-10 14:30:00,0.157
2012-09-10 15:00:00,0.073
2012-09-10 15:30:00,0.091
2012-09-10 16:00:00,0.186
2012-09-10 16:30:00,0.108
2012-09-10 17:00:00,0.072
2012-09-10 17:30:00,0.136
2012-09-10 18:00:00,0.13
2012-09-10 18:30:00,0.114
2012-09-10 19:00:00,0.122
2012-09-10 19:30:00,0.094
2012-09-10 20:00:00,0.122
2012-09-10 20:30:00,0.128
2012-09-10 21:00:00,0.141
2012-09-10 21:30:00,0.072
2012-09-10 22:00:00,0.102
2012-09-10 22:30:00,0.196
2012-09-10 23:00:00,0.093
2012-09-10 23:30:00,0.072
2012-09-11 00:00:00,0.137
2012-09-11 00:30:00,0.142
2012-09-11 01:00:00,0.11
2012-09-11 01:30:00,0.152
2012-09-11 02:00:00,0.072
2012-09-11 02:30:00,0.134
2012-09-11 03:00:00,0.128
2012-09-11 03:30:00,0.224
2012-09-11 04:00:00,0.074
2012-09-11 04:30:00,0.117
2012-09-11 05:00:00,0.143
2012-09-11 05:30:00,0.2
2012-09-11 06:00:00,0.083
2012-09-11 06:30:00,0.084
2012-09-11 07:00:00,0.124
2012-09-11 07:30:00,0.185
2012-09-11 08:00:00,0.083
2012-09-11 08:30:00,0.081
2012-09-11 09:00:00,0.093
2012-09-11 09:30:00,0.212
2012-09-11 10:00:00,0.111
2012-09-11 10:30:00,0.078
2012-09-11 11:00:00,0.22
2012-09-11 11:30:00,0.127
2012-09-11 12:00:00,0.138
2012-09-11 12:30:00,0.102
2012-09-11 13:00:00,0.072
2012-09-11 13:30:00,0.089
2012-09-11 14:00:00,0.14
2012-09-11 14:30:00,0.204
2012-09-11 15:00:00,0.083
2012-09-11 15:30:00,0.084
2012-09-11 16:00:00,0.103
2012-09-11 16:30:00,0.199
2012-09-11 17:00:00,0.116
2012-09-11 17:30:00,0.084
2012-09-11 18:00:00,0.084
2012-09-11 18:30:00,0.189
2012-09-11 19:00:00,0.152
2012-09-11 19:30:00,0.086
2012-09-11 20:00:00,0.166
2012-09-11 20:30:00,0.107
2012-09-11 21:00:00,0.151
2012-09-11 21:30:00,0.122
2012-09-11 22:00:00,0.095
2012-09-11 22:30:00,0.174
2012-09-11 23:00:00,0.133
2012-09-11 23:30:00,0.142
2012-09-12 00:00:00,0.114
2012-09-12 00:30:00,0.175
2012-09-12 01:00:00,0.097
2012-09-12 01:30:00,0.155
2012-09-12 02:00:00,0.13
2012-09-12 02:30:00,0.099
2012-09-12 03:00:00,0.176
2012-09-12 03:30:00,0.134
2012-09-12 04:00:00,0.157
2012-09-12 04:30:00,0.133
2012-09-12 05:00:00,0.098
2012-09-12 05:30:00,0.16
2012-09-12 06:00:00,0.138
2012-09-12 06:30:00,0.153
2012-09-12 07:00:00,0.116
2012-09-12 07:30:00,0.218
2012-09-12 08:00:00,0.081
2012-09-12 08:30:00,0.133
2012-09-12 09:00:00,0.15
2012-09-12 09:30:00,0.086
2012-09-12 10:00:00,0.084
2012-09-12 10:30:00,0.106
2012-09-12 11:00:00,0.216
2012-09-12 11:30:00,0.136
2012-09-12 12:00:00,0.088
2012-09-12 12:30:00,0.083
2012-09-12 13:00:00,0.124
2012-09-12 13:30:00,0.204
2012-09-12 14:00:00,0.12
2012-09-12 14:30:00,0.086
2012-09-12 15:00:00,0.091
2012-09-12 15:30:00,0.115
2012-09-12 16:00:00,0.192
2012-09-12 16:30:00,0.108
2012-09-12 17:00:00,0.084
2012-09-12 17:30:00,0.141
2012-09-12 18:00:00,0.142
2012-09-12 18:30:00,0.138
2012-09-12 19:00:00,0.094
2012-09-12 19:30:00,0.176
2012-09-12 20:00:00,0.089
2012-09-12 20:30:00,0.152
2012-09-12 21:00:00,0.11
2012-09-12 21:30:00,0.093
2012-09-12 22:00:00,0.156
2012-09-12 22:30:00,0.15
2012-09-12 23:00:00,0.149
2012-09-12 23:30:00,0.106
2012-09-13 00:00:00,0.171
2012-09-13 00:30:00,0.101
2012-09-13 01:00:00,0.158
2012-09-13 01:30:00,0.15
2012-09-13 02:00:00,0.166
2012-09-13 02:30:00,0.12
2012-09-13 03:00:00,0.104
2012-09-13 03:30:00,0.156
2012-09-13 04:00:00,0.164
2012-09-13 04:30:00,0.164
2012-09-13 05:00:00,0.101
2012-09-13 05:30:00,0.12
2012-09-13 06:00:00,0.164
2012-09-13 06:30:00,0.15
2012-09-13 07:00:00,0.179
2012-09-13 07:30:00,0.086
2012-09-13 08:00:00,0.1
2012-09-13 08:30:00,0.138
2012-09-13 09:00:00,0.218
2012-09-13 09:30:00,0.093
2012-09-13 10:00:00,0.082
2012-09-13 10:30:00,0.106
2012-09-13 11:00:00,0.151
2012-09-13 11:30:00,0.239
2012-09-13 12:00:00,0.093
2012-09-13 12:30:00,0.083
2012-09-13 13:00:00,0.106
2012-09-13 13:30:00,0.14
2012-09-13 14:00:00,0.138
2012-09-13 14:30:00,0.15
2012-09-13 15:00:00,0.08
2012-09-13 15:30:00,0.106
2012-09-13 16:00:00,0.149
2012-09-13 16:30:00,0.174
2012-09-13 17:00:00,0.096
2012-09-13 17:30:00,0.082
2012-09-13 18:00:00,0.12
2012-09-13 18:30:00,0.236
2012-09-13 19:00:00,0.131
2012-09-13 19:30:00,0.084
2012-09-13 20:00:00,0.094
2012-09-13 20:30:00,0.115
2012-09-13 21:00:00,0.21
2012-09-13 21:30:00,0.115
2012-09-13 22:00:00,0.084
2012-09-13 22:30:00,0.096
2012-09-13 23:00:00,0.228
2012-09-13 23:30:00,0.147
2012-09-14 00:00:00,0.104
2012-09-14 00:30:00,0.097
2012-09-14 01:00:00,0.082
2012-09-14 01:30:00,0.154
2012-09-14 02:00:00,0.199
2012-09-14 02:30:00,0.093
2012-09-14 03:00:00,0.096
2012-09-14 03:30:00,0.172
2012-09-14 04:00:00,0.157
2012-09-14 04:30:00,0.151
2012-09-14 05:00:00,0.138
2012-09-14 05:30:00,0.112
2012-09-14 06:00:00,0.16
2012-09-14 06:30:00,0.094
2012-09-14 07:00:00,0.149
2012-09-14 07:30:00,0.132
2012-09-14 08:00:00,0.164
2012-09-14 08:30:00,0.084
2012-09-14 09:00:00,0.112
2012-09-14 09:30:00,0.138
2012-09-14 10:00:00,0.109
2012-09-14 10:30:00,0.142
2012-09-14 11:00:00,0.081
2012-09-14 11:30:00,0.129
2012-09-14 12:00:00,0.137
2012-09-14 12:30:00,0.204
2012-09-14 13:00:00,0.072
2012-09-14 13:30:00,0.091
2012-09-14 14:00:00,0.137
2012-09-14 14:30:00,0.128
2012-09-14 15:00:00,0.082
2012-09-14 15:30:00,0.184
2012-09-14 16:00:00,0.12
2012-09-14 16:30:00,0.142
2012-09-14 17:00:00,0.102
2012-09-14 17:30:00,0.085
2012-09-14 18:00:00,0.089
2012-09-14 18:30:00,0.208
2012-09-14 19:00:00,0.149
2012-09-14 19:30:00,0.082
2012-09-14 20:00:00,0.094
2012-09-14 20:30:00,0.099
2012-09-14 21:00:00,0.224
2012-09-14 21:30:00,0.127
2012-09-14 22:00:00,0.096
2012-09-14 22:30:00,0.082
2012-09-14 23:00:00,0.117
2012-09-14 23:30:00,0.234
2012-09-15 00:00:00,0.125
2012-09-15 00:30:00,0.087
2012-09-15 01:00:00,0.097
2012-09-15 01:30:00,0.134
2012-09-15 02:00:00,0.203
2012-09-15 02:30:00,0.125
2012-09-15 03:00:00,0.096
2012-09-15 03:30:00,0.095
2012-09-15 04:00:00,0.235
2012-09-15 04:30:00,0.151
2012-09-15 05:00:00,0.112
2012-09-15 05:30:00,0.097
2012-09-15 06:00:00,0.098
2012-09-15 06:30:00,0.15
2012-09-15 07:00:00,0.217
2012-09-15 07:30:00,0.096
2012-09-15 08:00:00,0.082
2012-09-15 08:30:00,0.126
2012-09-15 09:00:00,0.138
2012-09-15 09:30:00,0.147
2012-09-15 10:00:00,0.095
2012-09-15 10:30:00,0.132
2012-09-15 11:00:00,0.081
2012-09-15 11:30:00,0.138
2012-09-15 12:00:00,0.19
2012-09-15 12:30:00,0.087
2012-09-15 13:00:00,0.082
2012-09-15 13:30:00,0.155
2012-09-15 14:00:00,0.137
2012-09-15 14:30:00,0.134
2012-09-15 15:00:00,0.081
2012-09-15 15:30:00,0.13
2012-09-15 16:00:00,0.102
2012-09-15 16:30:00,0.139
2012-09-15 17:00:00,0.115
2012-09-15 17:30:00,0.149
2012-09-15 18:00:00,0.082
2012-09-15 18:30:00,0.121
2012-09-15 19:00:00,0.14
2012-09-15 19:30:00,0.281
2012-09-15 20:00:00,0.085
2012-09-15 20:30:00,0.083
2012-09-15 21:00:00,0.14
2012-09-15 21:30:00,0.137
2012-09-15 22:00:00,0.093
2012-09-15 22:30:00,0.084
2012-09-15 23:00:00,0.101
2012-09-15 23:30:00,0.15
2012-09-16 00:00:00,0.195
2012-09-16 00:30:00,0.095
2012-09-16 01:00:00,0.085
2012-09-16 01:30:00,0.126
2012-09-16 02:00:00,0.148
2012-09-16 02:30:00,0.17
2012-09-16 03:00:00,0.103
2012-09-16 03:30:00,0.083
2012-09-16 04:00:00,0.148
2012-09-16 04:30:00,0.14
2012-09-16 05:00:00,0.17
2012-09-16 05:30:00,0.084
2012-09-16 06:00:00,0.085
2012-09-16 06:30:00,0.15
2012-09-16 07:00:00,0.191
2012-09-16 07:30:00,0.095
2012-09-16 08:00:00,0.08
2012-09-16 08:30:00,0.108
2012-09-16 09:00:00,0.221
2012-09-16 09:30:00,0.128
2012-09-16 10:00:00,0.088
2012-09-16 10:30:00,0.087
2012-09-16 11:00:00,0.111
2012-09-16 11:30:00,0.198
2012-09-16 12:00:00,0.12
2012-09-16 12:30:00,0.082
2012-09-16 13:00:00,0.081
2012-09-16 13:30:00,0.178
2012-09-16 14:00:00,0.138
2012-09-16 14:30:00,0.103
2012-09-16 15:00:00,0.168
2012-09-16 15:30:00,0.084
2012-09-16 16:00:00,0.134
2012-09-16 16:30:00,0.138
2012-09-16 17:00:00,0.092
2012-09-16 17:30:00,0.165
2012-09-16 18:00:00,0.096
2012-09-16 18:30:00,0.137
2012-09-16 19:00:00,0.138
2012-09-16 19:30:00,0.084
2012-09-16 20:00:00,0.145
2012-09-16 20:30:00,0.114
2012-09-16 21:00:00,0.145
2012-09-16 21:30:00,0.116
2012-09-16 22:00:00,0.181
2012-09-16 22:30:00,0.082
2012-09-16 23:00:00,0.124
2012-09-16 23:30:00,0.149
2012-09-17 00:00:00,0.099
2012-09-17 00:30:00,0.189
2012-09-17 01:00:00,0.098
2012-09-17 01:30:00,0.142
2012-09-17 02:00:00,0.136
2012-09-17 02:30:00,0.095
2012-09-17 03:00:00,0.084
2012-09-17 03:30:00,0.184
2012-09-17 04:00:00,0.145
2012-09-17 04:30:00,0.16
2012-09-17 05:00:00,0.089
2012-09-17 05:30:00,0.096
2012-09-17 06:00:00,0.197
2012-09-17 06:30:00,0.155
2012-09-17 07:00:00,0.102
2012-09-17 07:30:00,0.093
2012-09-17 08:00:00,0.195
2012-09-17 08:30:00,0.139
2012-09-17 09:00:00,0.125
2012-09-17 09:30:00,0.082
2012-09-17 10:00:00,0.084
2012-09-17 10:30:00,0.118
2012-09-17 11:00:00,0.194
2012-09-17 11:30:00,0.125
2012-09-17 12:00:00,0.082
2012-09-17 12:30:00,0.147
2012-09-17 13:00:00,0.111
2012-09-17 13:30:00,0.138
2012-09-17 14:00:00,0.111
2012-09-17 14:30:00,0.146
2012-09-17 15:00:00,0.091
2012-09-17 15:30:00,0.127
2012-09-17 16:00:00,0.137
2012-09-17 16:30:00,0.166
2012-09-17 17:00:00,0.254
2012-09-17 17:30:00,0.255
2012-09-17 18:00:00,0.119
2012-09-17 18:30:00,0.126
2012-09-17 19:00:00,0.141
2012-09-17 19:30:00,0.117
2012-09-17 20:00:00,0.147
2012-09-17 20:30:00,0.236
2012-09-17 21:00:00,0.076
2012-09-17 21:30:00,0.09
2012-09-17 22:00:00,0.103
2012-09-17 22:30:00,0.137
2012-09-17 23:00:00,0.124
2012-09-17 23:30:00,0.146
2012-09-18 00:00:00,0.09
2012-09-18 00:30:00,0.115
2012-09-18 01:00:00,0.15
2012-09-18 01:30:00,0.16
2012-09-18 02:00:00,0.09
2012-09-18 02:30:00,0.091
2012-09-18 03:00:00,0.135
2012-09-18 03:30:00,0.184
2012-09-18 04:00:00,0.102
2012-09-18 04:30:00,0.093
2012-09-18 05:00:00,0.106
2012-09-18 05:30:00,0.193
2012-09-18 06:00:00,0.139
2012-09-18 06:30:00,0.092
2012-09-18 07:00:00,0.094
2012-09-18 07:30:00,0.201
2012-09-18 08:00:00,0.125
2012-09-18 08:30:00,0.131
2012-09-18 09:00:00,0.078
2012-09-18 09:30:00,0.087
2012-09-18 10:00:00,0.135
2012-09-18 10:30:00,0.145
2012-09-18 11:00:00,0.125
2012-09-18 11:30:00,0.08
2012-09-18 12:00:00,0.199
2012-09-18 12:30:00,0.098
2012-09-18 13:00:00,0.138
2012-09-18 13:30:00,0.116
2012-09-18 14:00:00,0.085
2012-09-18 14:30:00,0.086
2012-09-18 15:00:00,0.164
2012-09-18 15:30:00,0.145
2012-09-18 16:00:00,0.115
2012-09-18 16:30:00,0.079
2012-09-18 17:00:00,0.139
2012-09-18 17:30:00,0.118
2012-09-18 18:00:00,0.145
2012-09-18 18:30:00,0.133
2012-09-18 19:00:00,0.132
2012-09-18 19:30:00,0.094
2012-09-18 20:00:00,0.12
2012-09-18 20:30:00,0.198
2012-09-18 21:00:00,0.134
2012-09-18 21:30:00,0.095
2012-09-18 22:00:00,0.096
2012-09-18 22:30:00,0.185
2012-09-18 23:00:00,0.158
2012-09-18 23:30:00,0.136
2012-09-19 00:00:00,0.095
2012-09-19 00:30:00,0.097
2012-09-19 01:00:00,0.191
2012-09-19 01:30:00,0.15
2012-09-19 02:00:00,0.168
2012-09-19 02:30:00,0.103
2012-09-19 03:00:00,0.155
2012-09-19 03:30:00,0.131
2012-09-19 04:00:00,0.156
2012-09-19 04:30:00,0.163
2012-09-19 05:00:00,0.16
2012-09-19 05:30:00,0.098
2012-09-19 06:00:00,0.116
2012-09-19 06:30:00,0.244
2012-09-19 07:00:00,0.162
2012-09-19 07:30:00,0.107
2012-09-19 08:00:00,0.086
2012-09-19 08:30:00,0.081
2012-09-19 09:00:00,0.226
2012-09-19 09:30:00,0.134
2012-09-19 10:00:00,0.112
2012-09-19 10:30:00,0.09
2012-09-19 11:00:00,0.09
2012-09-19 11:30:00,0.117
2012-09-19 12:00:00,0.217
2012-09-19 12:30:00,0.126
2012-09-19 13:00:00,0.087
2012-09-19 13:30:00,0.088
2012-09-19 14:00:00,0.175
2012-09-19 14:30:00,0.146
2012-09-19 15:00:00,0.135
2012-09-19 15:30:00,0.078
2012-09-19 16:00:00,0.085
2012-09-19 16:30:00,0.16
2012-09-19 17:00:00,0.142
2012-09-19 17:30:00,0.134
2012-09-19 18:00:00,0.092
2012-09-19 18:30:00,0.086
2012-09-19 19:00:00,0.165
2012-09-19 19:30:00,0.147
2012-09-19 20:00:00,0.147
2012-09-19 20:30:00,0.094
2012-09-19 21:00:00,0.145
2012-09-19 21:30:00,0.094
2012-09-19 22:00:00,0.155
2012-09-19 22:30:00,0.132
2012-09-19 23:00:00,0.149
2012-09-19 23:30:00,0.096
2012-09-20 00:00:00,0.112
2012-09-20 00:30:00,0.158
2012-09-20 01:00:00,0.2
2012-09-20 01:30:00,0.102
2012-09-20 02:00:00,0.091
2012-09-20 02:30:00,0.098
2012-09-20 03:00:00,0.234
2012-09-20 03:30:00,0.151
2012-09-20 04:00:00,0.102
2012-09-20 04:30:00,0.102
2012-09-20 05:00:00,0.099
2012-09-20 05:30:00,0.195
2012-09-20 06:00:00,0.156
2012-09-20 06:30:00,0.108
2012-09-20 07:00:00,0.103
2012-09-20 07:30:00,0.158
2012-09-20 08:00:00,0.124
2012-09-20 08:30:00,0.144
2012-09-20 09:00:00,0.116
2012-09-20 09:30:00,0.234
2012-09-20 10:00:00,0.086
2012-09-20 10:30:00,0.101
2012-09-20 11:00:00,0.144
2012-09-20 11:30:00,0.112
2012-09-20 12:00:00,0.086
2012-09-20 12:30:00,0.087
2012-09-20 13:00:00,0.096
2012-09-20 13:30:00,0.204
2012-09-20 14:00:00,0.125
2012-09-20 14:30:00,0.094
2012-09-20 15:00:00,0.086
2012-09-20 15:30:00,0.166
2012-09-20 16:00:00,0.137
2012-09-20 16:30:00,0.138
2012-09-20 17:00:00,0.101
2012-09-20 17:30:00,0.089
2012-09-20 18:00:00,0.152
2012-09-20 18:30:00,0.14
2012-09-20 19:00:00,0.141
2012-09-20 19:30:00,0.091
2012-09-20 20:00:00,0.148
2012-09-20 20:30:00,0.095
2012-09-20 21:00:00,0.146
2012-09-20 21:30:00,0.143
2012-09-20 22:00:00,0.201
2012-09-20 22:30:00,0.088
2012-09-20 23:00:00,0.09
2012-09-20 23:30:00,0.144
2012-09-21 00:00:00,0.144
2012-09-21 00:30:00,0.11
2012-09-21 01:00:00,0.091
2012-09-21 01:30:00,0.153
2012-09-21 02:00:00,0.136
2012-09-21 02:30:00,0.153
2012-09-21 03:00:00,0.114
2012-09-21 03:30:00,0.156
2012-09-21 04:00:00,0.1
2012-09-21 04:30:00,0.137
2012-09-21 05:00:00,0.157
2012-09-21 05:30:00,0.118
2012-09-21 06:00:00,0.166
2012-09-21 06:30:00,0.095
2012-09-21 07:00:00,0.131
2012-09-21 07:30:00,0.152
2012-09-21 08:00:00,0.115
2012-09-21 08:30:00,0.18
2012-09-21 09:00:00,0.089
2012-09-21 09:30:00,0.108
2012-09-21 10:00:00,0.138
2012-09-21 10:30:00,0.123
2012-09-21 11:00:00,0.09
2012-09-21 11:30:00,0.211
2012-09-21 12:00:00,0.104
2012-09-21 12:30:00,0.145
2012-09-21 13:00:00,0.138
2012-09-21 13:30:00,0.119
2012-09-21 14:00:00,0.147
2012-09-21 14:30:00,0.159
2012-09-21 15:00:00,0.351
2012-09-21 15:30:00,0.207
2012-09-21 16:00:00,0.128
2012-09-21 16:30:00,0.124
2012-09-21 17:00:00,0.161
2012-09-21 17:30:00,0.259
2012-09-21 18:00:00,0.147
2012-09-21 18:30:00,0.137
2012-09-21 19:00:00,0.13
2012-09-21 19:30:00,0.218
2012-09-21 20:00:00,0.23
2012-09-21 20:30:00,0.205
2012-09-21 21:00:00,0.48
2012-09-21 21:30:00,0.542
2012-09-21 22:00:00,0.401
2012-09-21 22:30:00,0.246
2012-09-21 23:00:00,0.14
2012-09-21 23:30:00,0.146
2012-09-22 00:00:00,0.174
2012-09-22 00:30:00,0.118
2012-09-22 01:00:00,0.211
2012-09-22 01:30:00,0.156
2012-09-22 02:00:00,0.17
2012-09-22 02:30:00,0.126
2012-09-22 03:00:00,0.112
2012-09-22 03:30:00,0.185
2012-09-22 04:00:00,0.329
2012-09-22 04:30:00,0.192
2012-09-22 05:00:00,0.093
2012-09-22 05:30:00,0.128
2012-09-22 06:00:00,0.164
2012-09-22 06:30:00,0.126
2012-09-22 07:00:00,0.191
2012-09-22 07:30:00,0.347
2012-09-22 08:00:00,0.463
2012-09-22 08:30:00,0.387
2012-09-22 09:00:00,0.423
2012-09-22 09:30:00,0.698
2012-09-22 10:00:00,0.204
2012-09-22 10:30:00,0.135
2012-09-22 11:00:00,0.147
2012-09-22 11:30:00,0.464
2012-09-22 12:00:00,0.406
2012-09-22 12:30:00,0.296
2012-09-22 13:00:00,0.517
2012-09-22 13:30:00,0.446
2012-09-22 14:00:00,0.353
2012-09-22 14:30:00,0.359
2012-09-22 15:00:00,0.184
2012-09-22 15:30:00,0.232
2012-09-22 16:00:00,0.204
2012-09-22 16:30:00,0.354
2012-09-22 17:00:00,0.598
2012-09-22 17:30:00,0.659
2012-09-22 18:00:00,0.726
2012-09-22 18:30:00,0.685
2012-09-22 19:00:00,0.676
2012-09-22 19:30:00,0.497
2012-09-22 20:00:00,0.143
2012-09-22 20:30:00,0.139
2012-09-22 21:00:00,0.215
2012-09-22 21:30:00,0.232
2012-09-22 22:00:00,0.207
2012-09-22 22:30:00,0.375
2012-09-22 23:00:00,0.334
2012-09-22 23:30:00,0.421
2012-09-23 00:00:00,0.3
2012-09-23 00:30:00,0.208
2012-09-23 01:00:00,0.157
2012-09-23 01:30:00,0.164
2012-09-23 02:00:00,0.307
2012-09-23 02:30:00,0.256
2012-09-23 03:00:00,0.146
2012-09-23 03:30:00,0.149
2012-09-23 04:00:00,0.166
2012-09-23 04:30:00,0.179
2012-09-23 05:00:00,0.125
2012-09-23 05:30:00,0.12
2012-09-23 06:00:00,0.232
2012-09-23 06:30:00,0.379
2012-09-23 07:00:00,0.187
2012-09-23 07:30:00,0.223
2012-09-23 08:00:00,0.538
2012-09-23 08:30:00,0.582
2012-09-23 09:00:00,0.71
2012-09-23 09:30:00,0.598
2012-09-23 10:00:00,0.466
2012-09-23 10:30:00,0.748
2012-09-23 11:00:00,0.832
2012-09-23 11:30:00,0.458
2012-09-23 12:00:00,0.658
2012-09-23 12:30:00,0.094
2012-09-23 13:00:00,0.169
2012-09-23 13:30:00,0.191
2012-09-23 14:00:00,0.2
2012-09-23 14:30:00,0.622
2012-09-23 15:00:00,0.603
2012-09-23 15:30:00,0.424
2012-09-23 16:00:00,0.561
2012-09-23 16:30:00,0.556
2012-09-23 17:00:00,0.449
2012-09-23 17:30:00,0.578
2012-09-23 18:00:00,0.994
2012-09-23 18:30:00,1.126
2012-09-23 19:00:00,1.507
2012-09-23 19:30:00,0.9
2012-09-23 20:00:00,0.959
2012-09-23 20:30:00,0.55
2012-09-23 21:00:00,0.507
2012-09-23 21:30:00,0.598
2012-09-23 22:00:00,0.683
2012-09-23 22:30:00,0.696
2012-09-23 23:00:00,0.759
2012-09-23 23:30:00,0.774
2012-09-24 00:00:00,0.323
2012-09-24 00:30:00,0.446
2012-09-24 01:00:00,0.376
2012-09-24 01:30:00,0.406
2012-09-24 02:00:00,0.146
2012-09-24 02:30:00,0.162
2012-09-24 03:00:00,0.162
2012-09-24 03:30:00,0.224
2012-09-24 04:00:00,0.111
2012-09-24 04:30:00,0.162
2012-09-24 05:00:00,0.355
2012-09-24 05:30:00,0.167
2012-09-24 06:00:00,0.222
2012-09-24 06:30:00,0.113
2012-09-24 07:00:00,0.112
2012-09-24 07:30:00,0.441
2012-09-24 08:00:00,0.462
2012-09-24 08:30:00,0.588
2012-09-24 09:00:00,0.507
2012-09-24 09:30:00,0.925
2012-09-24 10:00:00,0.391
2012-09-24 10:30:00,0.339
2012-09-24 11:00:00,0.256
2012-09-24 11:30:00,0.193
2012-09-24 12:00:00,0.188
2012-09-24 12:30:00,0.279
2012-09-24 13:00:00,0.313
2012-09-24 13:30:00,0.167
2012-09-24 14:00:00,0.268
2012-09-24 14:30:00,0.223
2012-09-24 15:00:00,0.133
2012-09-24 15:30:00,0.17
2012-09-24 16:00:00,0.32
2012-09-24 16:30:00,0.372
2012-09-24 17:00:00,0.36
2012-09-24 17:30:00,0.556
2012-09-24 18:00:00,0.414
2012-09-24 18:30:00,0.714
2012-09-24 19:00:00,0.815
2012-09-24 19:30:00,0.678
2012-09-24 20:00:00,0.723
2012-09-24 20:30:00,1.414
2012-09-24 21:00:00,0.942
2012-09-24 21:30:00,0.618
2012-09-24 22:00:00,0.288
2012-09-24 22:30:00,0.23
2012-09-24 23:00:00,0.233
2012-09-24 23:30:00,0.262
2012-09-25 00:00:00,0.272
2012-09-25 00:30:00,0.18
2012-09-25 01:00:00,0.196
2012-09-25 01:30:00,0.301
2012-09-25 02:00:00,0.213
2012-09-25 02:30:00,0.184
2012-09-25 03:00:00,0.278
2012-09-25 03:30:00,0.154
2012-09-25 04:00:00,0.179
2012-09-25 04:30:00,0.118
2012-09-25 05:00:00,0.15
2012-09-25 05:30:00,0.16
2012-09-25 06:00:00,0.179
2012-09-25 06:30:00,0.113
2012-09-25 07:00:00,0.224
2012-09-25 07:30:00,0.499
2012-09-25 08:00:00,0.606
2012-09-25 08:30:00,0.459
2012-09-25 09:00:00,0.239
2012-09-25 09:30:00,0.519
2012-09-25 10:00:00,0.285
2012-09-25 10:30:00,0.208
2012-09-25 11:00:00,0.259
2012-09-25 11:30:00,0.134
2012-09-25 12:00:00,0.3
2012-09-25 12:30:00,0.419
2012-09-25 13:00:00,0.52
2012-09-25 13:30:00,0.479
2012-09-25 14:00:00,0.377
2012-09-25 14:30:00,0.499
2012-09-25 15:00:00,0.337
2012-09-25 15:30:00,0.348
2012-09-25 16:00:00,0.257
2012-09-25 16:30:00,1.206
2012-09-25 17:00:00,0.968
2012-09-25 17:30:00,0.218
2012-09-25 18:00:00,0.258
2012-09-25 18:30:00,0.33
2012-09-25 19:00:00,0.519
2012-09-25 19:30:00,0.477
2012-09-25 20:00:00,0.474
2012-09-25 20:30:00,0.333
2012-09-25 21:00:00,0.431
2012-09-25 21:30:00,0.376
2012-09-25 22:00:00,0.366
2012-09-25 22:30:00,0.4
2012-09-25 23:00:00,0.348
2012-09-25 23:30:00,0.123
2012-09-26 00:00:00,0.15
2012-09-26 00:30:00,0.085
2012-09-26 01:00:00,0.222
2012-09-26 01:30:00,0.13
2012-09-26 02:00:00,0.085
2012-09-26 02:30:00,0.159
2012-09-26 03:00:00,0.142
2012-09-26 03:30:00,0.152
2012-09-26 04:00:00,0.191
2012-09-26 04:30:00,0.109
2012-09-26 05:00:00,0.151
2012-09-26 05:30:00,0.186
2012-09-26 06:00:00,0.199
2012-09-26 06:30:00,0.105
2012-09-26 07:00:00,0.569
2012-09-26 07:30:00,0.7
2012-09-26 08:00:00,0.57
2012-09-26 08:30:00,0.271
2012-09-26 09:00:00,0.414
2012-09-26 09:30:00,0.329
2012-09-26 10:00:00,0.33
2012-09-26 10:30:00,0.22
2012-09-26 11:00:00,0.399
2012-09-26 11:30:00,0.337
2012-09-26 12:00:00,0.756
2012-09-26 12:30:00,0.502
2012-09-26 13:00:00,0.739
2012-09-26 13:30:00,1.502
2012-09-26 14:00:00,1.165
2012-09-26 14:30:00,0.761
2012-09-26 15:00:00,0.983
2012-09-26 15:30:00,0.183
2012-09-26 16:00:00,0.368
2012-09-26 16:30:00,0.327
2012-09-26 17:00:00,0.362
2012-09-26 17:30:00,0.364
2012-09-26 18:00:00,0.17
2012-09-26 18:30:00,0.265
2012-09-26 19:00:00,0.419
2012-09-26 19:30:00,0.532
2012-09-26 20:00:00,0.383
2012-09-26 20:30:00,0.321
2012-09-26 21:00:00,0.437
2012-09-26 21:30:00,0.447
2012-09-26 22:00:00,0.114
2012-09-26 22:30:00,0.152
2012-09-26 23:00:00,0.173
2012-09-26 23:30:00,0.169
2012-09-27 00:00:00,0.218
2012-09-27 00:30:00,0.112
2012-09-27 01:00:00,0.161
2012-09-27 01:30:00,0.187
2012-09-27 02:00:00,0.298
2012-09-27 02:30:00,0.261
2012-09-27 03:00:00,0.25
2012-09-27 03:30:00,0.46
2012-09-27 04:00:00,0.209
2012-09-27 04:30:00,0.127
2012-09-27 05:00:00,0.152
2012-09-27 05:30:00,0.117
2012-09-27 06:00:00,0.209
2012-09-27 06:30:00,0.154
2012-09-27 07:00:00,0.112
2012-09-27 07:30:00,0.256
2012-09-27 08:00:00,0.349
2012-09-27 08:30:00,0.485
2012-09-27 09:00:00,0.36
2012-09-27 09:30:00,0.324
2012-09-27 10:00:00,0.371
2012-09-27 10:30:00,0.452
2012-09-27 11:00:00,0.278
2012-09-27 11:30:00,0.102
2012-09-27 12:00:00,0.077
2012-09-27 12:30:00,0.167
2012-09-27 13:00:00,0.151
2012-09-27 13:30:00,0.142
2012-09-27 14:00:00,0.177
2012-09-27 14:30:00,0.12
2012-09-27 15:00:00,0.148
2012-09-27 15:30:00,0.346
2012-09-27 16:00:00,0.337
2012-09-27 16:30:00,0.331
2012-09-27 17:00:00,0.445
2012-09-27 17:30:00,0.37
2012-09-27 18:00:00,0.584
2012-09-27 18:30:00,0.625
2012-09-27 19:00:00,0.688
2012-09-27 19:30:00,0.632
2012-09-27 20:00:00,0.629
2012-09-27 20:30:00,0.578
2012-09-27 21:00:00,0.563
2012-09-27 21:30:00,0.44
2012-09-27 22:00:00,0.396
2012-09-27 22:30:00,0.442
2012-09-27 23:00:00,0.206
2012-09-27 23:30:00,0.115
2012-09-28 00:00:00,0.194
2012-09-28 00:30:00,0.11
2012-09-28 01:00:00,0.146
2012-09-28 01:30:00,0.107
2012-09-28 02:00:00,0.226
2012-09-28 02:30:00,0.394
2012-09-28 03:00:00,0.279
2012-09-28 03:30:00,0.125
2012-09-28 04:00:00,0.43
2012-09-28 04:30:00,0.383
2012-09-28 05:00:00,0.332
2012-09-28 05:30:00,0.256
2012-09-28 06:00:00,0.119
2012-09-28 06:30:00,0.186
2012-09-28 07:00:00,0.239
2012-09-28 07:30:00,0.345
2012-09-28 08:00:00,0.386
2012-09-28 08:30:00,0.177
2012-09-28 09:00:00,0.325
2012-09-28 09:30:00,0.585
2012-09-28 10:00:00,0.103
2012-09-28 10:30:00,0.067
2012-09-28 11:00:00,0.311
2012-09-28 11:30:00,0.347
2012-09-28 12:00:00,0.269
2012-09-28 12:30:00,0.174
2012-09-28 13:00:00,0.101
2012-09-28 13:30:00,0.159
2012-09-28 14:00:00,0.12
2012-09-28 14:30:00,0.215
2012-09-28 15:00:00,0.275
2012-09-28 15:30:00,0.336
2012-09-28 16:00:00,0.366
2012-09-28 16:30:00,0.333
2012-09-28 17:00:00,0.359
2012-09-28 17:30:00,0.291
2012-09-28 18:00:00,0.191
2012-09-28 18:30:00,0.222
2012-09-28 19:00:00,0.239
2012-09-28 19:30:00,0.356
2012-09-28 20:00:00,0.734
2012-09-28 20:30:00,0.629
2012-09-28 21:00:00,0.572
2012-09-28 21:30:00,0.466
2012-09-28 22:00:00,0.195
2012-09-28 22:30:00,0.152
2012-09-28 23:00:00,0.118
2012-09-28 23:30:00,0.169
2012-09-29 00:00:00,0.149
2012-09-29 00:30:00,0.305
2012-09-29 01:00:00,0.208
2012-09-29 01:30:00,0.221
2012-09-29 02:00:00,0.135
2012-09-29 02:30:00,0.176
2012-09-29 03:00:00,0.201
2012-09-29 03:30:00,0.197
2012-09-29 04:00:00,0.152
2012-09-29 04:30:00,0.144
2012-09-29 05:00:00,0.177
2012-09-29 05:30:00,0.228
2012-09-29 06:00:00,0.182
2012-09-29 06:30:00,0.263
2012-09-29 07:00:00,0.3
2012-09-29 07:30:00,0.179
2012-09-29 08:00:00,0.182
2012-09-29 08:30:00,0.303
2012-09-29 09:00:00,0.308
2012-09-29 09:30:00,0.96
2012-09-29 10:00:00,0.623
2012-09-29 10:30:00,0.906
2012-09-29 11:00:00,0.715
2012-09-29 11:30:00,1.2309999
2012-09-29 12:00:00,0.838
2012-09-29 12:30:00,0.675
2012-09-29 13:00:00,0.773
2012-09-29 13:30:00,0.578
2012-09-29 14:00:00,0.533
2012-09-29 14:30:00,0.623
2012-09-29 15:00:00,0.939
2012-09-29 15:30:00,0.688
2012-09-29 16:00:00,0.467
2012-09-29 16:30:00,0.522
2012-09-29 17:00:00,0.574
2012-09-29 17:30:00,0.566
2012-09-29 18:00:00,0.67
2012-09-29 18:30:00,0.42
2012-09-29 19:00:00,0.45
2012-09-29 19:30:00,1.311
2012-09-29 20:00:00,0.86
2012-09-29 20:30:00,1.288
2012-09-29 21:00:00,0.773
2012-09-29 21:30:00,0.726
2012-09-29 22:00:00,0.426
2012-09-29 22:30:00,0.153
2012-09-29 23:00:00,0.185
2012-09-29 23:30:00,0.083
2012-09-30 00:00:00,0.139
2012-09-30 00:30:00,0.155
2012-09-30 01:00:00,0.181
2012-09-30 01:30:00,0.093
2012-09-30 02:00:00,0.134
2012-09-30 02:30:00,0.293
2012-09-30 03:00:00,0.361
2012-09-30 03:30:00,0.399
2012-09-30 04:00:00,0.372
2012-09-30 04:30:00,0.344
2012-09-30 05:00:00,0.16
2012-09-30 05:30:00,0.147
2012-09-30 06:00:00,0.226
2012-09-30 06:30:00,0.117
2012-09-30 07:00:00,0.135
2012-09-30 07:30:00,0.15
2012-09-30 08:00:00,0.47
2012-09-30 08:30:00,0.502
2012-09-30 09:00:00,0.384
2012-09-30 09:30:00,0.68
2012-09-30 10:00:00,1.178
2012-09-30 10:30:00,0.43
2012-09-30 11:00:00,0.366
2012-09-30 11:30:00,0.509
2012-09-30 12:00:00,0.435
2012-09-30 12:30:00,0.345
2012-09-30 13:00:00,0.327
2012-09-30 13:30:00,0.419
2012-09-30 14:00:00,0.463
2012-09-30 14:30:00,1.147
2012-09-30 15:00:00,0.811
2012-09-30 15:30:00,0.513
2012-09-30 16:00:00,0.912
2012-09-30 16:30:00,0.213
2012-09-30 17:00:00,0.167
2012-09-30 17:30:00,0.128
2012-09-30 18:00:00,0.169
2012-09-30 18:30:00,0.127
2012-09-30 19:00:00,0.17
2012-09-30 19:30:00,0.635
2012-09-30 20:00:00,0.481
2012-09-30 20:30:00,0.499
2012-09-30 21:00:00,0.413
2012-09-30 21:30:00,0.421
2012-09-30 22:00:00,0.448
2012-09-30 22:30:00,0.186
2012-09-30 23:00:00,0.132
2012-09-30 23:30:00,0.141
2012-10-01 00:00:00,0.132
2012-10-01 00:30:00,0.11
2012-10-01 01:00:00,0.187
2012-10-01 01:30:00,0.142
2012-10-01 02:00:00,0.094
2012-10-01 02:30:00,0.149
2012-10-01 03:00:00,0.155
2012-10-01 03:30:00,0.158
2012-10-01 04:00:00,0.116
2012-10-01 04:30:00,0.147
2012-10-01 05:00:00,0.151
2012-10-01 05:30:00,0.211
2012-10-01 06:00:00,0.255
2012-10-01 06:30:00,0.376
2012-10-01 07:00:00,0.374
2012-10-01 07:30:00,0.25
2012-10-01 08:00:00,0.366
2012-10-01 08:30:00,0.38
2012-10-01 09:00:00,0.726
2012-10-01 09:30:00,1.313
2012-10-01 10:00:00,1.194
2012-10-01 10:30:00,1.056
2012-10-01 11:00:00,1.914
2012-10-01 11:30:00,1.058
2012-10-01 12:00:00,1.068
2012-10-01 12:30:00,0.879
2012-10-01 13:00:00,0.738
2012-10-01 13:30:00,0.301
2012-10-01 14:00:00,0.23
2012-10-01 14:30:00,0.185
2012-10-01 15:00:00,0.295
2012-10-01 15:30:00,0.295
2012-10-01 16:00:00,0.496
2012-10-01 16:30:00,0.333
2012-10-01 17:00:00,0.284
2012-10-01 17:30:00,0.381
2012-10-01 18:00:00,0.401
2012-10-01 18:30:00,0.391
2012-10-01 19:00:00,0.446
2012-10-01 19:30:00,0.405
2012-10-01 20:00:00,0.345
2012-10-01 20:30:00,0.672
2012-10-01 21:00:00,0.682
2012-10-01 21:30:00,0.718
2012-10-01 22:00:00,0.722
2012-10-01 22:30:00,0.606
2012-10-01 23:00:00,0.678
2012-10-01 23:30:00,0.556
2012-10-02 00:00:00,0.604
2012-10-02 00:30:00,0.297
2012-10-02 01:00:00,0.218
2012-10-02 01:30:00,0.163
2012-10-02 02:00:00,0.214
2012-10-02 02:30:00,0.176
2012-10-02 03:00:00,0.298
2012-10-02 03:30:00,0.227
2012-10-02 04:00:00,0.212
2012-10-02 04:30:00,0.22
2012-10-02 05:00:00,0.201
2012-10-02 05:30:00,0.211
2012-10-02 06:00:00,0.283
2012-10-02 06:30:00,0.372
2012-10-02 07:00:00,0.248
2012-10-02 07:30:00,0.483
2012-10-02 08:00:00,0.66
2012-10-02 08:30:00,0.781
2012-10-02 09:00:00,0.7
2012-10-02 09:30:00,0.194
2012-10-02 10:00:00,0.262
2012-10-02 10:30:00,0.238
2012-10-02 11:00:00,0.239
2012-10-02 11:30:00,0.259
2012-10-02 12:00:00,0.201
2012-10-02 12:30:00,0.158
2012-10-02 13:00:00,0.155
2012-10-02 13:30:00,0.065
2012-10-02 14:00:00,0.127
2012-10-02 14:30:00,0.077
2012-10-02 15:00:00,0.176
2012-10-02 15:30:00,0.14
2012-10-02 16:00:00,0.845
2012-10-02 16:30:00,0.401
2012-10-02 17:00:00,0.226
2012-10-02 17:30:00,0.142
2012-10-02 18:00:00,0.195
2012-10-02 18:30:00,0.415
2012-10-02 19:00:00,0.536
2012-10-02 19:30:00,0.475
2012-10-02 20:00:00,0.454
2012-10-02 20:30:00,0.401
2012-10-02 21:00:00,0.4
2012-10-02 21:30:00,0.455
2012-10-02 22:00:00,0.327
2012-10-02 22:30:00,0.132
2012-10-02 23:00:00,0.158
2012-10-02 23:30:00,0.206
2012-10-03 00:00:00,0.145
2012-10-03 00:30:00,0.161
2012-10-03 01:00:00,0.112
2012-10-03 01:30:00,0.226
2012-10-03 02:00:00,0.378
2012-10-03 02:30:00,0.302
2012-10-03 03:00:00,0.151
2012-10-03 03:30:00,0.183
2012-10-03 04:00:00,0.105
2012-10-03 04:30:00,0.155
2012-10-03 05:00:00,0.219
2012-10-03 05:30:00,0.176
2012-10-03 06:00:00,0.155
2012-10-03 06:30:00,0.171
2012-10-03 07:00:00,0.194
2012-10-03 07:30:00,0.472
2012-10-03 08:00:00,0.249
2012-10-03 08:30:00,0.181
2012-10-03 09:00:00,0.238
2012-10-03 09:30:00,0.289
2012-10-03 10:00:00,0.99
2012-10-03 10:30:00,0.773
2012-10-03 11:00:00,0.625
2012-10-03 11:30:00,0.576
2012-10-03 12:00:00,1.299
2012-10-03 12:30:00,1.351
2012-10-03 13:00:00,0.732
2012-10-03 13:30:00,0.869
2012-10-03 14:00:00,0.226
2012-10-03 14:30:00,0.278
2012-10-03 15:00:00,0.657
2012-10-03 15:30:00,1.483
2012-10-03 16:00:00,0.462
2012-10-03 16:30:00,0.575
2012-10-03 17:00:00,0.652
2012-10-03 17:30:00,0.327
2012-10-03 18:00:00,0.365
2012-10-03 18:30:00,0.571
2012-10-03 19:00:00,0.634
2012-10-03 19:30:00,0.587
2012-10-03 20:00:00,0.566
2012-10-03 20:30:00,0.576
2012-10-03 21:00:00,0.299
2012-10-03 21:30:00,0.368
2012-10-03 22:00:00,0.223
2012-10-03 22:30:00,0.089
2012-10-03 23:00:00,0.141
2012-10-03 23:30:00,0.09
2012-10-04 00:00:00,0.2
2012-10-04 00:30:00,0.159
2012-10-04 01:00:00,0.182
2012-10-04 01:30:00,0.26
2012-10-04 02:00:00,0.277
2012-10-04 02:30:00,0.322
2012-10-04 03:00:00,0.297
2012-10-04 03:30:00,0.202
2012-10-04 04:00:00,0.13
2012-10-04 04:30:00,0.096
2012-10-04 05:00:00,0.151
2012-10-04 05:30:00,0.113
2012-10-04 06:00:00,0.209
2012-10-04 06:30:00,0.169
2012-10-04 07:00:00,0.512
2012-10-04 07:30:00,0.601
2012-10-04 08:00:00,0.357
2012-10-04 08:30:00,0.268
2012-10-04 09:00:00,0.18
2012-10-04 09:30:00,0.308
2012-10-04 10:00:00,0.281
2012-10-04 10:30:00,0.201
2012-10-04 11:00:00,0.211
2012-10-04 11:30:00,0.447
2012-10-04 12:00:00,0.323
2012-10-04 12:30:00,1.222
2012-10-04 13:00:00,0.774
2012-10-04 13:30:00,0.663
2012-10-04 14:00:00,0.439
2012-10-04 14:30:00,0.48
2012-10-04 15:00:00,0.376
2012-10-04 15:30:00,0.132
2012-10-04 16:00:00,0.173
2012-10-04 16:30:00,0.098
2012-10-04 17:00:00,0.383
2012-10-04 17:30:00,0.986
2012-10-04 18:00:00,0.487
2012-10-04 18:30:00,0.408
2012-10-04 19:00:00,0.317
2012-10-04 19:30:00,0.389
2012-10-04 20:00:00,0.334
2012-10-04 20:30:00,0.306
2012-10-04 21:00:00,0.399
2012-10-04 21:30:00,0.616
2012-10-04 22:00:00,0.594
2012-10-04 22:30:00,0.683
2012-10-04 23:00:00,0.539
2012-10-04 23:30:00,0.518
2012-10-05 00:00:00,0.345
2012-10-05 00:30:00,0.19
2012-10-05 01:00:00,0.239
2012-10-05 01:30:00,0.15
2012-10-05 02:00:00,0.175
2012-10-05 02:30:00,0.188
2012-10-05 03:00:00,0.138
2012-10-05 03:30:00,0.18
2012-10-05 04:00:00,0.17
2012-10-05 04:30:00,0.165
2012-10-05 05:00:00,0.149
2012-10-05 05:30:00,0.141
2012-10-05 06:00:00,0.196
2012-10-05 06:30:00,0.261
2012-10-05 07:00:00,0.425
2012-10-05 07:30:00,0.407
2012-10-05 08:00:00,0.305
2012-10-05 08:30:00,0.304
2012-10-05 09:00:00,1.005
2012-10-05 09:30:00,0.942
2012-10-05 10:00:00,0.398
2012-10-05 10:30:00,0.895
2012-10-05 11:00:00,0.377
2012-10-05 11:30:00,0.403
2012-10-05 12:00:00,0.368
2012-10-05 12:30:00,0.352
2012-10-05 13:00:00,0.539
2012-10-05 13:30:00,0.541
2012-10-05 14:00:00,0.87
2012-10-05 14:30:00,0.443
2012-10-05 15:00:00,0.578
2012-10-05 15:30:00,0.586
2012-10-05 16:00:00,0.696
2012-10-05 16:30:00,0.583
2012-10-05 17:00:00,1.573
2012-10-05 17:30:00,1.341
2012-10-05 18:00:00,0.965
2012-10-05 18:30:00,0.775
2012-10-05 19:00:00,0.565
2012-10-05 19:30:00,1.069
2012-10-05 20:00:00,1.1900001
2012-10-05 20:30:00,0.724
2012-10-05 21:00:00,0.473
2012-10-05 21:30:00,0.404
2012-10-05 22:00:00,0.379
2012-10-05 22:30:00,0.606
2012-10-05 23:00:00,0.635
2012-10-05 23:30:00,0.601
2012-10-06 00:00:00,0.198
2012-10-06 00:30:00,0.281
2012-10-06 01:00:00,0.276
2012-10-06 01:30:00,0.216
2012-10-06 02:00:00,0.227
2012-10-06 02:30:00,0.189
2012-10-06 03:00:00,0.224
2012-10-06 03:30:00,0.278
2012-10-06 04:00:00,0.316
2012-10-06 04:30:00,0.373
2012-10-06 05:00:00,0.3
2012-10-06 05:30:00,0.228
2012-10-06 06:00:00,0.249
2012-10-06 06:30:00,0.237
2012-10-06 07:00:00,0.324
2012-10-06 07:30:00,0.181
2012-10-06 08:00:00,0.351
2012-10-06 08:30:00,0.404
2012-10-06 09:00:00,0.41
2012-10-06 09:30:00,0.532
2012-10-06 10:00:00,0.47
2012-10-06 10:30:00,0.997
2012-10-06 11:00:00,0.675
2012-10-06 11:30:00,0.496
2012-10-06 12:00:00,0.449
2012-10-06 12:30:00,0.442
2012-10-06 13:00:00,0.695
2012-10-06 13:30:00,0.606
2012-10-06 14:00:00,0.402
2012-10-06 14:30:00,0.78
2012-10-06 15:00:00,1.554
2012-10-06 15:30:00,0.608
2012-10-06 16:00:00,0.456
2012-10-06 16:30:00,0.372
2012-10-06 17:00:00,0.414
2012-10-06 17:30:00,0.409
2012-10-06 18:00:00,0.403
2012-10-06 18:30:00,0.857
2012-10-06 19:00:00,0.942
2012-10-06 19:30:00,1.598
2012-10-06 20:00:00,1.1569999
2012-10-06 20:30:00,0.907
2012-10-06 21:00:00,1.373
2012-10-06 21:30:00,1.186
2012-10-06 22:00:00,1.263
2012-10-06 22:30:00,1.277
2012-10-06 23:00:00,1.164
2012-10-06 23:30:00,1.224
2012-10-07 00:00:00,1.235
2012-10-07 00:30:00,0.854
2012-10-07 01:00:00,0.416
2012-10-07 01:30:00,0.419
2012-10-07 02:00:00,0.409
2012-10-07 02:30:00,0.456
2012-10-07 03:00:00,0.48
2012-10-07 03:30:00,0.362
2012-10-07 04:00:00,0.229
2012-10-07 04:30:00,0.269
2012-10-07 05:00:00,0.235
2012-10-07 05:30:00,0.325
2012-10-07 06:00:00,0.256
2012-10-07 06:30:00,0.385
2012-10-07 07:00:00,0.346
2012-10-07 07:30:00,0.362
2012-10-07 08:00:00,0.322
2012-10-07 08:30:00,0.713
2012-10-07 09:00:00,0.46
2012-10-07 09:30:00,0.566
2012-10-07 10:00:00,0.491
2012-10-07 10:30:00,1.143
2012-10-07 11:00:00,0.991
2012-10-07 11:30:00,1.01
2012-10-07 12:00:00,0.466
2012-10-07 12:30:00,0.589
2012-10-07 13:00:00,0.702
2012-10-07 13:30:00,0.616
2012-10-07 14:00:00,0.588
2012-10-07 14:30:00,0.526
2012-10-07 15:00:00,0.564
2012-10-07 15:30:00,1.768
2012-10-07 16:00:00,0.559
2012-10-07 16:30:00,0.264
2012-10-07 17:00:00,0.344
2012-10-07 17:30:00,0.297
2012-10-07 18:00:00,0.27
2012-10-07 18:30:00,0.231
2012-10-07 19:00:00,0.245
2012-10-07 19:30:00,0.287
2012-10-07 20:00:00,0.263
2012-10-07 20:30:00,0.201
2012-10-07 21:00:00,0.317
2012-10-07 21:30:00,0.577
2012-10-07 22:00:00,0.453
2012-10-07 22:30:00,0.783
2012-10-07 23:00:00,0.817
2012-10-07 23:30:00,0.847
2012-10-08 00:00:00,0.717
2012-10-08 00:30:00,0.641
2012-10-08 01:00:00,0.541
2012-10-08 01:30:00,0.48
2012-10-08 02:00:00,0.199
2012-10-08 02:30:00,0.121
2012-10-08 03:00:00,0.21
2012-10-08 03:30:00,0.218
2012-10-08 04:00:00,0.209
2012-10-08 04:30:00,0.124
2012-10-08 05:00:00,0.201
2012-10-08 05:30:00,0.177
2012-10-08 06:00:00,0.203
2012-10-08 06:30:00,0.175
2012-10-08 07:00:00,0.362
2012-10-08 07:30:00,1.001
2012-10-08 08:00:00,1.1210001
2012-10-08 08:30:00,0.847
2012-10-08 09:00:00,0.975
2012-10-08 09:30:00,1.151
2012-10-08 10:00:00,1.27
2012-10-08 10:30:00,1.0369999
2012-10-08 11:00:00,1.2920001
2012-10-08 11:30:00,1.043
2012-10-08 12:00:00,1.036
2012-10-08 12:30:00,0.979
2012-10-08 13:00:00,0.845
2012-10-08 13:30:00,0.619
2012-10-08 14:00:00,0.437
2012-10-08 14:30:00,0.457
2012-10-08 15:00:00,0.655
2012-10-08 15:30:00,0.667
2012-10-08 16:00:00,0.738
2012-10-08 16:30:00,0.838
2012-10-08 17:00:00,0.793
2012-10-08 17:30:00,0.878
2012-10-08 18:00:00,0.929
2012-10-08 18:30:00,1.846
2012-10-08 19:00:00,0.838
2012-10-08 19:30:00,0.742
2012-10-08 20:00:00,0.871
2012-10-08 20:30:00,0.967
2012-10-08 21:00:00,1.058
2012-10-08 21:30:00,1.331
2012-10-08 22:00:00,1.883
2012-10-08 22:30:00,1.1849999
2012-10-08 23:00:00,0.792
2012-10-08 23:30:00,2.2420001
2012-10-09 00:00:00,1.271
2012-10-09 00:30:00,0.765
2012-10-09 01:00:00,0.606
2012-10-09 01:30:00,0.658
2012-10-09 02:00:00,0.372
2012-10-09 02:30:00,0.143
2012-10-09 03:00:00,0.213
2012-10-09 03:30:00,0.303
2012-10-09 04:00:00,0.191
2012-10-09 04:30:00,0.479
2012-10-09 05:00:00,0.22
2012-10-09 05:30:00,0.393
2012-10-09 06:00:00,0.274
2012-10-09 06:30:00,0.321
2012-10-09 07:00:00,0.441
2012-10-09 07:30:00,0.541
2012-10-09 08:00:00,0.513
2012-10-09 08:30:00,0.716
2012-10-09 09:00:00,0.7
2012-10-09 09:30:00,0.883
2012-10-09 10:00:00,0.853
2012-10-09 10:30:00,0.567
2012-10-09 11:00:00,0.49
2012-10-09 11:30:00,0.747
2012-10-09 12:00:00,0.413
2012-10-09 12:30:00,0.406
2012-10-09 13:00:00,0.379
2012-10-09 13:30:00,0.356
2012-10-09 14:00:00,0.621
2012-10-09 14:30:00,0.425
2012-10-09 15:00:00,0.685
2012-10-09 15:30:00,0.56
2012-10-09 16:00:00,0.896
2012-10-09 16:30:00,0.82
2012-10-09 17:00:00,0.71
2012-10-09 17:30:00,0.903
2012-10-09 18:00:00,1.044
2012-10-09 18:30:00,0.992
2012-10-09 19:00:00,0.975
2012-10-09 19:30:00,0.773
2012-10-09 20:00:00,0.739
2012-10-09 20:30:00,0.713
2012-10-09 21:00:00,0.662
2012-10-09 21:30:00,0.745
2012-10-09 22:00:00,0.667
2012-10-09 22:30:00,0.858
2012-10-09 23:00:00,0.91
2012-10-09 23:30:00,0.621
2012-10-10 00:00:00,0.664
2012-10-10 00:30:00,0.393
2012-10-10 01:00:00,0.236
2012-10-10 01:30:00,0.248
2012-10-10 02:00:00,0.217
2012-10-10 02:30:00,0.187
2012-10-10 03:00:00,0.128
2012-10-10 03:30:00,0.205
2012-10-10 04:00:00,0.197
2012-10-10 04:30:00,0.272
2012-10-10 05:00:00,0.421
2012-10-10 05:30:00,0.185
2012-10-10 06:00:00,0.126
2012-10-10 06:30:00,0.204
2012-10-10 07:00:00,0.358
2012-10-10 07:30:00,0.267
2012-10-10 08:00:00,0.547
2012-10-10 08:30:00,0.563
2012-10-10 09:00:00,0.649
2012-10-10 09:30:00,0.328
2012-10-10 10:00:00,0.468
2012-10-10 10:30:00,0.603
2012-10-10 11:00:00,1.021
2012-10-10 11:30:00,1.079
2012-10-10 12:00:00,1.075
2012-10-10 12:30:00,1.063
2012-10-10 13:00:00,0.922
2012-10-10 13:30:00,0.746
2012-10-10 14:00:00,0.664
2012-10-10 14:30:00,0.771
2012-10-10 15:00:00,0.757
2012-10-10 15:30:00,0.622
2012-10-10 16:00:00,0.503
2012-10-10 16:30:00,0.262
2012-10-10 17:00:00,0.324
2012-10-10 17:30:00,0.57
2012-10-10 18:00:00,0.807
2012-10-10 18:30:00,0.767
2012-10-10 19:00:00,1.1670001
2012-10-10 19:30:00,1.0420001
2012-10-10 20:00:00,1.03
2012-10-10 20:30:00,0.989
2012-10-10 21:00:00,0.945
2012-10-10 21:30:00,1.187
2012-10-10 22:00:00,1.102
2012-10-10 22:30:00,0.689
2012-10-10 23:00:00,0.324
2012-10-10 23:30:00,0.286
2012-10-11 00:00:00,0.375
2012-10-11 00:30:00,0.27
2012-10-11 01:00:00,0.326
2012-10-11 01:30:00,0.425
2012-10-11 02:00:00,0.382
2012-10-11 02:30:00,0.169
2012-10-11 03:00:00,0.414
2012-10-11 03:30:00,0.239
2012-10-11 04:00:00,0.199
2012-10-11 04:30:00,0.347
2012-10-11 05:00:00,0.331
2012-10-11 05:30:00,0.14
2012-10-11 06:00:00,0.165
2012-10-11 06:30:00,0.179
2012-10-11 07:00:00,0.333
2012-10-11 07:30:00,0.916
2012-10-11 08:00:00,0.807
2012-10-11 08:30:00,0.839
2012-10-11 09:00:00,1.102
2012-10-11 09:30:00,1.984
2012-10-11 10:00:00,0.876
2012-10-11 10:30:00,0.912
2012-10-11 11:00:00,0.847
2012-10-11 11:30:00,0.887
2012-10-11 12:00:00,0.813
2012-10-11 12:30:00,0.694
2012-10-11 13:00:00,0.751
2012-10-11 13:30:00,2.4349999
2012-10-11 14:00:00,1.276
2012-10-11 14:30:00,0.896
2012-10-11 15:00:00,0.825
2012-10-11 15:30:00,0.569
2012-10-11 16:00:00,0.369
2012-10-11 16:30:00,0.407
2012-10-11 17:00:00,0.362
2012-10-11 17:30:00,0.194
2012-10-11 18:00:00,0.209
2012-10-11 18:30:00,0.171
2012-10-11 19:00:00,0.198
2012-10-11 19:30:00,0.45
2012-10-11 20:00:00,0.698
2012-10-11 20:30:00,0.491
2012-10-11 21:00:00,0.6
2012-10-11 21:30:00,0.506
2012-10-11 22:00:00,0.654
2012-10-11 22:30:00,0.603
2012-10-11 23:00:00,0.521
2012-10-11 23:30:00,0.402
2012-10-12 00:00:00,0.415
2012-10-12 00:30:00,0.268
2012-10-12 01:00:00,0.218
2012-10-12 01:30:00,0.331
2012-10-12 02:00:00,0.362
2012-10-12 02:30:00,0.446
2012-10-12 03:00:00,0.341
2012-10-12 03:30:00,0.265
2012-10-12 04:00:00,0.21
2012-10-12 04:30:00,0.197
2012-10-12 05:00:00,0.169
2012-10-12 05:30:00,0.179
2012-10-12 06:00:00,0.166
2012-10-12 06:30:00,0.242
2012-10-12 07:00:00,0.276
2012-10-12 07:30:00,0.978
2012-10-12 08:00:00,0.851
2012-10-12 08:30:00,0.9
2012-10-12 09:00:00,0.855
2012-10-12 09:30:00,0.732
2012-10-12 10:00:00,0.941
2012-10-12 10:30:00,0.853
2012-10-12 11:00:00,1.036
2012-10-12 11:30:00,1.079
2012-10-12 12:00:00,1.351
2012-10-12 12:30:00,0.783
2012-10-12 13:00:00,0.907
2012-10-12 13:30:00,1.147
2012-10-12 14:00:00,1.0319999
2012-10-12 14:30:00,0.506
2012-10-12 15:00:00,0.425
2012-10-12 15:30:00,0.537
2012-10-12 16:00:00,0.389
2012-10-12 16:30:00,0.209
2012-10-12 17:00:00,0.283
2012-10-12 17:30:00,0.503
2012-10-12 18:00:00,0.775
2012-10-12 18:30:00,1.081
2012-10-12 19:00:00,1.214
2012-10-12 19:30:00,1.02
2012-10-12 20:00:00,0.327
2012-10-12 20:30:00,0.316
2012-10-12 21:00:00,0.278
2012-10-12 21:30:00,0.258
2012-10-12 22:00:00,0.316
2012-10-12 22:30:00,0.371
2012-10-12 23:00:00,0.932
2012-10-12 23:30:00,0.604
2012-10-13 00:00:00,0.414
2012-10-13 00:30:00,0.401
2012-10-13 01:00:00,0.443
2012-10-13 01:30:00,0.687
2012-10-13 02:00:00,0.87
2012-10-13 02:30:00,0.525
2012-10-13 03:00:00,0.697
2012-10-13 03:30:00,0.417
2012-10-13 04:00:00,0.24
2012-10-13 04:30:00,0.51
2012-10-13 05:00:00,0.215
2012-10-13 05:30:00,0.397
2012-10-13 06:00:00,0.205
2012-10-13 06:30:00,0.417
2012-10-13 07:00:00,0.228
2012-10-13 07:30:00,0.729
2012-10-13 08:00:00,0.981
2012-10-13 08:30:00,1.234
2012-10-13 09:00:00,1.812
2012-10-13 09:30:00,2.2950001
2012-10-13 10:00:00,1.258
2012-10-13 10:30:00,1.245
2012-10-13 11:00:00,1.0930001
2012-10-13 11:30:00,1.623
2012-10-13 12:00:00,2.036
2012-10-13 12:30:00,0.441
2012-10-13 13:00:00,0.263
2012-10-13 13:30:00,0.252
2012-10-13 14:00:00,0.151
2012-10-13 14:30:00,0.211
2012-10-13 15:00:00,0.596
2012-10-13 15:30:00,0.485
2012-10-13 16:00:00,0.374
2012-10-13 16:30:00,0.769
2012-10-13 17:00:00,0.673
2012-10-13 17:30:00,1.1289999
2012-10-13 18:00:00,0.861
2012-10-13 18:30:00,0.887
2012-10-13 19:00:00,1.12
2012-10-13 19:30:00,0.956
2012-10-13 20:00:00,1.091
2012-10-13 20:30:00,1.044
2012-10-13 21:00:00,0.955
2012-10-13 21:30:00,1.533
2012-10-13 22:00:00,1.455
2012-10-13 22:30:00,1.136
2012-10-13 23:00:00,0.776
2012-10-13 23:30:00,0.838
2012-10-14 00:00:00,0.373
2012-10-14 00:30:00,0.533
2012-10-14 01:00:00,0.472
2012-10-14 01:30:00,0.405
2012-10-14 02:00:00,0.551
2012-10-14 02:30:00,0.412
2012-10-14 03:00:00,0.38
2012-10-14 03:30:00,0.502
2012-10-14 04:00:00,0.431
2012-10-14 04:30:00,0.401
2012-10-14 05:00:00,0.615
2012-10-14 05:30:00,0.652
2012-10-14 06:00:00,0.395
2012-10-14 06:30:00,0.449
2012-10-14 07:00:00,0.467
2012-10-14 07:30:00,0.432
2012-10-14 08:00:00,0.607
2012-10-14 08:30:00,0.8
2012-10-14 09:00:00,1.726
2012-10-14 09:30:00,0.609
2012-10-14 10:00:00,0.444
2012-10-14 10:30:00,0.548
2012-10-14 11:00:00,0.545
2012-10-14 11:30:00,0.635
2012-10-14 12:00:00,0.812
2012-10-14 12:30:00,0.57
2012-10-14 13:00:00,0.416
2012-10-14 13:30:00,2.1889999
2012-10-14 14:00:00,1.197
2012-10-14 14:30:00,0.667
2012-10-14 15:00:00,0.584
2012-10-14 15:30:00,0.601
2012-10-14 16:00:00,0.533
2012-10-14 16:30:00,1.003
2012-10-14 17:00:00,1.041
2012-10-14 17:30:00,0.94
2012-10-14 18:00:00,0.862
2012-10-14 18:30:00,0.879
2012-10-14 19:00:00,1.038
2012-10-14 19:30:00,1.306
2012-10-14 20:00:00,1.271
2012-10-14 20:30:00,0.995
2012-10-14 21:00:00,0.821
2012-10-14 21:30:00,0.845
2012-10-14 22:00:00,0.962
2012-10-14 22:30:00,0.912
2012-10-14 23:00:00,0.965
2012-10-14 23:30:00,0.659
2012-10-15 00:00:00,0.601
2012-10-15 00:30:00,0.651
2012-10-15 01:00:00,0.622
2012-10-15 01:30:00,0.572
2012-10-15 02:00:00,0.487
2012-10-15 02:30:00,0.707
2012-10-15 03:00:00,0.361
2012-10-15 03:30:00,0.254
2012-10-15 04:00:00,0.447
2012-10-15 04:30:00,0.351
2012-10-15 05:00:00,0.308
2012-10-15 05:30:00,0.691
2012-10-15 06:00:00,1.623
2012-10-15 06:30:00,0.903
2012-10-15 07:00:00,0.306
2012-10-15 07:30:00,0.519
2012-10-15 08:00:00,0.813
2012-10-15 08:30:00,0.756
2012-10-15 09:00:00,0.862
2012-10-15 09:30:00,1.263
2012-10-15 10:00:00,1.577
2012-10-15 10:30:00,1.2309999
2012-10-15 11:00:00,1.756
2012-10-15 11:30:00,1.821
2012-10-15 12:00:00,1.503
2012-10-15 12:30:00,1.273
2012-10-15 13:00:00,0.964
2012-10-15 13:30:00,0.768
2012-10-15 14:00:00,0.697
2012-10-15 14:30:00,1.1440001
2012-10-15 15:00:00,1.243
2012-10-15 15:30:00,1.09
2012-10-15 16:00:00,1.161
2012-10-15 16:30:00,0.819
2012-10-15 17:00:00,0.753
2012-10-15 17:30:00,0.718
2012-10-15 18:00:00,0.741
2012-10-15 18:30:00,0.727
2012-10-15 19:00:00,0.708
2012-10-15 19:30:00,0.707
2012-10-15 20:00:00,0.755
2012-10-15 20:30:00,0.734
2012-10-15 21:00:00,0.621
2012-10-15 21:30:00,0.234
2012-10-15 22:00:00,0.556
2012-10-15 22:30:00,0.393
2012-10-15 23:00:00,0.383
2012-10-15 23:30:00,0.173
2012-10-16 00:00:00,0.135
2012-10-16 00:30:00,0.174
2012-10-16 01:00:00,0.315
2012-10-16 01:30:00,0.124
2012-10-16 02:00:00,0.434
2012-10-16 02:30:00,0.399
2012-10-16 03:00:00,0.47
2012-10-16 03:30:00,0.368
2012-10-16 04:00:00,0.225
2012-10-16 04:30:00,0.263
2012-10-16 05:00:00,0.199
2012-10-16 05:30:00,0.322
2012-10-16 06:00:00,0.159
2012-10-16 06:30:00,0.318
2012-10-16 07:00:00,0.262
2012-10-16 07:30:00,0.841
2012-10-16 08:00:00,0.897
2012-10-16 08:30:00,0.984
2012-10-16 09:00:00,1.068
2012-10-16 09:30:00,1.0470001
2012-10-16 10:00:00,0.856
2012-10-16 10:30:00,0.811
2012-10-16 11:00:00,0.88
2012-10-16 11:30:00,0.786
2012-10-16 12:00:00,1.6160001
2012-10-16 12:30:00,1.903
2012-10-16 13:00:00,1.391
2012-10-16 13:30:00,0.831
2012-10-16 14:00:00,0.885
2012-10-16 14:30:00,0.592
2012-10-16 15:00:00,0.439
2012-10-16 15:30:00,0.587
2012-10-16 16:00:00,0.815
2012-10-16 16:30:00,0.304
2012-10-16 17:00:00,1.1619999
2012-10-16 17:30:00,2.151
2012-10-16 18:00:00,1.397
2012-10-16 18:30:00,1.294
2012-10-16 19:00:00,1.427
2012-10-16 19:30:00,0.98
2012-10-16 20:00:00,0.844
2012-10-16 20:30:00,0.889
2012-10-16 21:00:00,0.792
2012-10-16 21:30:00,0.798
2012-10-16 22:00:00,0.851
2012-10-16 22:30:00,0.949
2012-10-16 23:00:00,0.854
2012-10-16 23:30:00,0.648
2012-10-17 00:00:00,0.659
2012-10-17 00:30:00,0.648
2012-10-17 01:00:00,0.639
2012-10-17 01:30:00,0.711
2012-10-17 02:00:00,0.583
2012-10-17 02:30:00,0.165
2012-10-17 03:00:00,0.758
2012-10-17 03:30:00,0.706
2012-10-17 04:00:00,0.593
2012-10-17 04:30:00,0.407
2012-10-17 05:00:00,0.474
2012-10-17 05:30:00,0.33
2012-10-17 06:00:00,0.383
2012-10-17 06:30:00,0.399
2012-10-17 07:00:00,0.476
2012-10-17 07:30:00,0.85
2012-10-17 08:00:00,1.061
2012-10-17 08:30:00,0.881
2012-10-17 09:00:00,1.018
2012-10-17 09:30:00,0.943
2012-10-17 10:00:00,0.701
2012-10-17 10:30:00,1.006
2012-10-17 11:00:00,0.951
2012-10-17 11:30:00,0.889
2012-10-17 12:00:00,0.959
2012-10-17 12:30:00,0.942
2012-10-17 13:00:00,0.866
2012-10-17 13:30:00,0.784
2012-10-17 14:00:00,1.5039999
2012-10-17 14:30:00,1.2079999
2012-10-17 15:00:00,1.194
2012-10-17 15:30:00,0.601
2012-10-17 16:00:00,0.581
2012-10-17 16:30:00,0.274
2012-10-17 17:00:00,0.801
2012-10-17 17:30:00,0.399
2012-10-17 18:00:00,0.64
2012-10-17 18:30:00,1.156
2012-10-17 19:00:00,1.133
2012-10-17 19:30:00,0.841
2012-10-17 20:00:00,0.892
2012-10-17 20:30:00,0.807
2012-10-17 21:00:00,0.799
2012-10-17 21:30:00,0.597
2012-10-17 22:00:00,0.517
2012-10-17 22:30:00,0.542
2012-10-17 23:00:00,0.278
2012-10-17 23:30:00,0.262
2012-10-18 00:00:00,0.242
2012-10-18 00:30:00,0.29
2012-10-18 01:00:00,0.239
2012-10-18 01:30:00,0.205
2012-10-18 02:00:00,0.174
2012-10-18 02:30:00,0.198
2012-10-18 03:00:00,0.362
2012-10-18 03:30:00,0.324
2012-10-18 04:00:00,0.369
2012-10-18 04:30:00,0.284
2012-10-18 05:00:00,0.24
2012-10-18 05:30:00,0.137
2012-10-18 06:00:00,0.161
2012-10-18 06:30:00,0.158
2012-10-18 07:00:00,0.23
2012-10-18 07:30:00,0.925
2012-10-18 08:00:00,1.045
2012-10-18 08:30:00,0.894
2012-10-18 09:00:00,0.984
2012-10-18 09:30:00,0.983
2012-10-18 10:00:00,1.199
2012-10-18 10:30:00,0.848
2012-10-18 11:00:00,0.995
2012-10-18 11:30:00,0.883
2012-10-18 12:00:00,0.968
2012-10-18 12:30:00,0.862
2012-10-18 13:00:00,1.067
2012-10-18 13:30:00,0.869
2012-10-18 14:00:00,0.766
2012-10-18 14:30:00,0.902
2012-10-18 15:00:00,0.433
2012-10-18 15:30:00,0.469
2012-10-18 16:00:00,0.441
2012-10-18 16:30:00,0.464
2012-10-18 17:00:00,0.453
2012-10-18 17:30:00,0.603
2012-10-18 18:00:00,0.569
2012-10-18 18:30:00,0.376
2012-10-18 19:00:00,0.38
2012-10-18 19:30:00,0.558
2012-10-18 20:00:00,0.363
2012-10-18 20:30:00,0.575
2012-10-18 21:00:00,0.72
2012-10-18 21:30:00,0.565
2012-10-18 22:00:00,0.746
2012-10-18 22:30:00,0.323
2012-10-18 23:00:00,0.654
2012-10-18 23:30:00,0.246
2012-10-19 00:00:00,0.155
2012-10-19 00:30:00,0.164
2012-10-19 01:00:00,0.172
2012-10-19 01:30:00,0.185
2012-10-19 02:00:00,0.206
2012-10-19 02:30:00,0.28
2012-10-19 03:00:00,0.314
2012-10-19 03:30:00,0.302
2012-10-19 04:00:00,0.32
2012-10-19 04:30:00,0.174
2012-10-19 05:00:00,0.094
2012-10-19 05:30:00,0.196
2012-10-19 06:00:00,0.128
2012-10-19 06:30:00,0.15
2012-10-19 07:00:00,0.246
2012-10-19 07:30:00,0.524
2012-10-19 08:00:00,1.222
2012-10-19 08:30:00,1.104
2012-10-19 09:00:00,0.786
2012-10-19 09:30:00,1.1160001
2012-10-19 10:00:00,1.29
2012-10-19 10:30:00,1.15
2012-10-19 11:00:00,1.1339999
2012-10-19 11:30:00,0.88
2012-10-19 12:00:00,1.4299999
2012-10-19 12:30:00,1.4910001
2012-10-19 13:00:00,1.346
2012-10-19 13:30:00,1.24
2012-10-19 14:00:00,1.153
2012-10-19 14:30:00,1.1160001
2012-10-19 15:00:00,1.739
2012-10-19 15:30:00,1.847
2012-10-19 16:00:00,0.96
2012-10-19 16:30:00,0.74
2012-10-19 17:00:00,0.633
2012-10-19 17:30:00,0.537
2012-10-19 18:00:00,0.735
2012-10-19 18:30:00,0.756
2012-10-19 19:00:00,1.113
2012-10-19 19:30:00,1.153
2012-10-19 20:00:00,0.873
2012-10-19 20:30:00,0.872
2012-10-19 21:00:00,0.806
2012-10-19 21:30:00,0.904
2012-10-19 22:00:00,0.937
2012-10-19 22:30:00,0.979
2012-10-19 23:00:00,0.575
2012-10-19 23:30:00,0.601
2012-10-20 00:00:00,0.565
2012-10-20 00:30:00,0.358
2012-10-20 01:00:00,0.202
2012-10-20 01:30:00,0.17
2012-10-20 02:00:00,0.185
2012-10-20 02:30:00,0.191
2012-10-20 03:00:00,0.13
2012-10-20 03:30:00,0.196
2012-10-20 04:00:00,0.189
2012-10-20 04:30:00,0.18
2012-10-20 05:00:00,0.368
2012-10-20 05:30:00,0.327
2012-10-20 06:00:00,0.136
2012-10-20 06:30:00,0.205
2012-10-20 07:00:00,0.15
2012-10-20 07:30:00,0.683
2012-10-20 08:00:00,1.151
2012-10-20 08:30:00,1.0650001
2012-10-20 09:00:00,1.045
2012-10-20 09:30:00,1.999
2012-10-20 10:00:00,1.3
2012-10-20 10:30:00,1.538
2012-10-20 11:00:00,1.303
2012-10-20 11:30:00,0.758
2012-10-20 12:00:00,0.571
2012-10-20 12:30:00,0.516
2012-10-20 13:00:00,0.507
2012-10-20 13:30:00,0.506
2012-10-20 14:00:00,0.536
2012-10-20 14:30:00,0.416
2012-10-20 15:00:00,0.162
2012-10-20 15:30:00,0.507
2012-10-20 16:00:00,0.455
2012-10-20 16:30:00,0.455
2012-10-20 17:00:00,0.437
2012-10-20 17:30:00,0.21
2012-10-20 18:00:00,0.645
2012-10-20 18:30:00,0.735
2012-10-20 19:00:00,0.755
2012-10-20 19:30:00,0.801
2012-10-20 20:00:00,1.007
2012-10-20 20:30:00,1.159
2012-10-20 21:00:00,1.018
2012-10-20 21:30:00,1.091
2012-10-20 22:00:00,0.997
2012-10-20 22:30:00,1.123
2012-10-20 23:00:00,1.011
2012-10-20 23:30:00,0.878
2012-10-21 00:00:00,0.824
2012-10-21 00:30:00,0.533
2012-10-21 01:00:00,0.263
2012-10-21 01:30:00,0.241
2012-10-21 02:00:00,0.581
2012-10-21 02:30:00,0.331
2012-10-21 03:00:00,0.266
2012-10-21 03:30:00,0.304
2012-10-21 04:00:00,0.307
2012-10-21 04:30:00,0.184
2012-10-21 05:00:00,0.157
2012-10-21 05:30:00,0.112
2012-10-21 06:00:00,0.192
2012-10-21 06:30:00,0.129
2012-10-21 07:00:00,0.152
2012-10-21 07:30:00,0.132
2012-10-21 08:00:00,0.208
2012-10-21 08:30:00,1.1109999
2012-10-21 09:00:00,0.961
2012-10-21 09:30:00,0.794
2012-10-21 10:00:00,0.947
2012-10-21 10:30:00,1.8279999
2012-10-21 11:00:00,0.577
2012-10-21 11:30:00,0.385
2012-10-21 12:00:00,0.324
2012-10-21 12:30:00,0.275
2012-10-21 13:00:00,0.6
2012-10-21 13:30:00,0.674
2012-10-21 14:00:00,0.581
2012-10-21 14:30:00,0.632
2012-10-21 15:00:00,0.575
2012-10-21 15:30:00,0.848
2012-10-21 16:00:00,0.927
2012-10-21 16:30:00,1.26
2012-10-21 17:00:00,1.193
2012-10-21 17:30:00,0.865
2012-10-21 18:00:00,0.849
2012-10-21 18:30:00,0.874
2012-10-21 19:00:00,0.862
2012-10-21 19:30:00,1.011
2012-10-21 20:00:00,0.962
2012-10-21 20:30:00,0.621
2012-10-21 21:00:00,0.724
2012-10-21 21:30:00,0.72
2012-10-21 22:00:00,0.214
2012-10-21 22:30:00,0.215
2012-10-21 23:00:00,0.304
2012-10-21 23:30:00,0.263
2012-10-22 00:00:00,0.318
2012-10-22 00:30:00,0.416
2012-10-22 01:00:00,0.568
2012-10-22 01:30:00,0.538
2012-10-22 02:00:00,0.713
2012-10-22 02:30:00,0.619
2012-10-22 03:00:00,0.306
2012-10-22 03:30:00,0.145
2012-10-22 04:00:00,0.102
2012-10-22 04:30:00,0.17
2012-10-22 05:00:00,0.126
2012-10-22 05:30:00,0.146
2012-10-22 06:00:00,0.129
2012-10-22 06:30:00,0.331
2012-10-22 07:00:00,0.286
2012-10-22 07:30:00,0.527
2012-10-22 08:00:00,0.498
2012-10-22 08:30:00,0.953
2012-10-22 09:00:00,0.968
2012-10-22 09:30:00,0.897
2012-10-22 10:00:00,0.81
2012-10-22 10:30:00,0.996
2012-10-22 11:00:00,1.229
2012-10-22 11:30:00,1.006
2012-10-22 12:00:00,1.135
2012-10-22 12:30:00,0.874
2012-10-22 13:00:00,1.054
2012-10-22 13:30:00,0.966
2012-10-22 14:00:00,1.123
2012-10-22 14:30:00,1.0089999
2012-10-22 15:00:00,0.916
2012-10-22 15:30:00,1.141
2012-10-22 16:00:00,0.996
2012-10-22 16:30:00,1.161
2012-10-22 17:00:00,1.23
2012-10-22 17:30:00,0.92
2012-10-22 18:00:00,0.763
2012-10-22 18:30:00,0.904
2012-10-22 19:00:00,0.85
2012-10-22 19:30:00,0.806
2012-10-22 20:00:00,0.934
2012-10-22 20:30:00,0.677
2012-10-22 21:00:00,0.66
2012-10-22 21:30:00,0.831
2012-10-22 22:00:00,0.509
2012-10-22 22:30:00,0.261
2012-10-22 23:00:00,0.158
2012-10-22 23:30:00,0.18
2012-10-23 00:00:00,0.201
2012-10-23 00:30:00,0.387
2012-10-23 01:00:00,0.083
2012-10-23 01:30:00,0.256
2012-10-23 02:00:00,0.259
2012-10-23 02:30:00,0.361
2012-10-23 03:00:00,0.542
2012-10-23 03:30:00,0.296
2012-10-23 04:00:00,0.271
2012-10-23 04:30:00,0.12
2012-10-23 05:00:00,0.145
2012-10-23 05:30:00,0.09
2012-10-23 06:00:00,0.225
2012-10-23 06:30:00,0.23
2012-10-23 07:00:00,0.101
2012-10-23 07:30:00,0.142
2012-10-23 08:00:00,0.689
2012-10-23 08:30:00,0.797
2012-10-23 09:00:00,0.933
2012-10-23 09:30:00,0.978
2012-10-23 10:00:00,0.857
2012-10-23 10:30:00,0.91
2012-10-23 11:00:00,0.767
2012-10-23 11:30:00,0.873
2012-10-23 12:00:00,0.706
2012-10-23 12:30:00,0.912
2012-10-23 13:00:00,0.929
2012-10-23 13:30:00,1.08
2012-10-23 14:00:00,0.768
2012-10-23 14:30:00,2.0999999
2012-10-23 15:00:00,0.747
2012-10-23 15:30:00,0.349
2012-10-23 16:00:00,0.618
2012-10-23 16:30:00,0.381
2012-10-23 17:00:00,0.286
2012-10-23 17:30:00,0.554
2012-10-23 18:00:00,0.825
2012-10-23 18:30:00,0.923
2012-10-23 19:00:00,0.81
2012-10-23 19:30:00,0.657
2012-10-23 20:00:00,0.855
2012-10-23 20:30:00,0.817
2012-10-23 21:00:00,0.74
2012-10-23 21:30:00,0.694
2012-10-23 22:00:00,0.64
2012-10-23 22:30:00,0.698
2012-10-23 23:00:00,0.729
2012-10-23 23:30:00,0.743
2012-10-24 00:00:00,0.689
2012-10-24 00:30:00,0.572
2012-10-24 01:00:00,0.204
2012-10-24 01:30:00,0.298
2012-10-24 02:00:00,0.356
2012-10-24 02:30:00,0.278
2012-10-24 03:00:00,0.14
2012-10-24 03:30:00,0.134
2012-10-24 04:00:00,0.179
2012-10-24 04:30:00,0.129
2012-10-24 05:00:00,0.166
2012-10-24 05:30:00,0.169
2012-10-24 06:00:00,0.146
2012-10-24 06:30:00,0.162
2012-10-24 07:00:00,0.241
2012-10-24 07:30:00,1.109
2012-10-24 08:00:00,0.975
2012-10-24 08:30:00,1.0549999
2012-10-24 09:00:00,0.934
2012-10-24 09:30:00,1.304
2012-10-24 10:00:00,1.069
2012-10-24 10:30:00,0.918
2012-10-24 11:00:00,1.15
2012-10-24 11:30:00,1.256
2012-10-24 12:00:00,0.905
2012-10-24 12:30:00,0.907
2012-10-24 13:00:00,1.168
2012-10-24 13:30:00,1.087
2012-10-24 14:00:00,0.952
2012-10-24 14:30:00,0.779
2012-10-24 15:00:00,0.74
2012-10-24 15:30:00,1.251
2012-10-24 16:00:00,0.485
2012-10-24 16:30:00,0.358
2012-10-24 17:00:00,0.378
2012-10-24 17:30:00,0.304
2012-10-24 18:00:00,0.305
2012-10-24 18:30:00,0.505
2012-10-24 19:00:00,0.367
2012-10-24 19:30:00,0.382
2012-10-24 20:00:00,0.312
2012-10-24 20:30:00,0.334
2012-10-24 21:00:00,0.296
2012-10-24 21:30:00,0.265
2012-10-24 22:00:00,0.306
2012-10-24 22:30:00,0.229
2012-10-24 23:00:00,0.252
2012-10-24 23:30:00,0.222
2012-10-25 00:00:00,0.145
2012-10-25 00:30:00,0.288
2012-10-25 01:00:00,0.574
2012-10-25 01:30:00,0.303
2012-10-25 02:00:00,0.114
2012-10-25 02:30:00,0.142
2012-10-25 03:00:00,0.07
2012-10-25 03:30:00,0.313
2012-10-25 04:00:00,0.09
2012-10-25 04:30:00,0.119
2012-10-25 05:00:00,0.098
2012-10-25 05:30:00,0.151
2012-10-25 06:00:00,0.069
2012-10-25 06:30:00,0.151
2012-10-25 07:00:00,0.446
2012-10-25 07:30:00,1.239
2012-10-25 08:00:00,1.272
2012-10-25 08:30:00,0.899
2012-10-25 09:00:00,0.775
2012-10-25 09:30:00,0.925
2012-10-25 10:00:00,0.823
2012-10-25 10:30:00,0.848
2012-10-25 11:00:00,0.924
2012-10-25 11:30:00,1.123
2012-10-25 12:00:00,1.323
2012-10-25 12:30:00,1.336
2012-10-25 13:00:00,1.375
2012-10-25 13:30:00,1.455
2012-10-25 14:00:00,1.145
2012-10-25 14:30:00,1.448
2012-10-25 15:00:00,1.219
2012-10-25 15:30:00,0.979
2012-10-25 16:00:00,1.974
2012-10-25 16:30:00,1.304
2012-10-25 17:00:00,1.6849999
2012-10-25 17:30:00,1.702
2012-10-25 18:00:00,1.513
2012-10-25 18:30:00,1.4910001
2012-10-25 19:00:00,1.085
2012-10-25 19:30:00,1.108
2012-10-25 20:00:00,1.304
2012-10-25 20:30:00,1.284
2012-10-25 21:00:00,1.173
2012-10-25 21:30:00,1.1950001
2012-10-25 22:00:00,1.115
2012-10-25 22:30:00,1.268
2012-10-25 23:00:00,1.0319999
2012-10-25 23:30:00,0.969
2012-10-26 00:00:00,0.8
2012-10-26 00:30:00,0.724
2012-10-26 01:00:00,0.319
2012-10-26 01:30:00,0.234
2012-10-26 02:00:00,0.232
2012-10-26 02:30:00,0.206
2012-10-26 03:00:00,0.209
2012-10-26 03:30:00,0.301
2012-10-26 04:00:00,0.223
2012-10-26 04:30:00,0.192
2012-10-26 05:00:00,0.239
2012-10-26 05:30:00,0.419
2012-10-26 06:00:00,0.384
2012-10-26 06:30:00,0.386
2012-10-26 07:00:00,0.287
2012-10-26 07:30:00,1.035
2012-10-26 08:00:00,1.423
2012-10-26 08:30:00,1.1160001
2012-10-26 09:00:00,0.974
2012-10-26 09:30:00,1.159
2012-10-26 10:00:00,1.897
2012-10-26 10:30:00,1.428
2012-10-26 11:00:00,1.2970001
2012-10-26 11:30:00,1.1160001
2012-10-26 12:00:00,0.804
2012-10-26 12:30:00,0.843
2012-10-26 13:00:00,0.985
2012-10-26 13:30:00,0.97
2012-10-26 14:00:00,1.3890001
2012-10-26 14:30:00,0.914
2012-10-26 15:00:00,0.838
2012-10-26 15:30:00,0.71
2012-10-26 16:00:00,0.436
2012-10-26 16:30:00,0.515
2012-10-26 17:00:00,0.57
2012-10-26 17:30:00,0.87
2012-10-26 18:00:00,0.856
2012-10-26 18:30:00,0.999
2012-10-26 19:00:00,0.887
2012-10-26 19:30:00,0.8
2012-10-26 20:00:00,0.768
2012-10-26 20:30:00,0.742
2012-10-26 21:00:00,0.779
2012-10-26 21:30:00,0.82
2012-10-26 22:00:00,0.889
2012-10-26 22:30:00,1.034
2012-10-26 23:00:00,0.975
2012-10-26 23:30:00,0.817
2012-10-27 00:00:00,0.586
2012-10-27 00:30:00,0.536
2012-10-27 01:00:00,0.199
2012-10-27 01:30:00,0.434
2012-10-27 02:00:00,0.299
2012-10-27 02:30:00,0.628
2012-10-27 03:00:00,0.597
2012-10-27 03:30:00,0.542
2012-10-27 04:00:00,0.538
2012-10-27 04:30:00,0.63
2012-10-27 05:00:00,0.561
2012-10-27 05:30:00,0.618
2012-10-27 06:00:00,0.548
2012-10-27 06:30:00,0.6
2012-10-27 07:00:00,0.609
2012-10-27 07:30:00,0.619
2012-10-27 08:00:00,0.756
2012-10-27 08:30:00,0.937
2012-10-27 09:00:00,0.806
2012-10-27 09:30:00,1.061
2012-10-27 10:00:00,1.985
2012-10-27 10:30:00,0.779
2012-10-27 11:00:00,0.581
2012-10-27 11:30:00,0.606
2012-10-27 12:00:00,0.928
2012-10-27 12:30:00,2.027
2012-10-27 13:00:00,1.258
2012-10-27 13:30:00,0.769
2012-10-27 14:00:00,0.597
2012-10-27 14:30:00,0.528
2012-10-27 15:00:00,0.485
2012-10-27 15:30:00,0.457
2012-10-27 16:00:00,0.484
2012-10-27 16:30:00,0.665
2012-10-27 17:00:00,0.71
2012-10-27 17:30:00,1.151
2012-10-27 18:00:00,3.0079999
2012-10-27 18:30:00,1.784
2012-10-27 19:00:00,0.681
2012-10-27 19:30:00,0.714
2012-10-27 20:00:00,0.565
2012-10-27 20:30:00,0.57
2012-10-27 21:00:00,0.575
2012-10-27 21:30:00,0.579
2012-10-27 22:00:00,0.544
2012-10-27 22:30:00,0.549
2012-10-27 23:00:00,0.579
2012-10-27 23:30:00,0.7
2012-10-28 00:00:00,0.358
2012-10-28 00:30:00,0.393
2012-10-28 01:00:00,0.316
2012-10-28 01:30:00,0.407
2012-10-28 02:00:00,0.631
2012-10-28 02:30:00,0.411
2012-10-28 03:00:00,0.654
2012-10-28 03:30:00,0.484
2012-10-28 04:00:00,0.629
2012-10-28 04:30:00,0.476
2012-10-28 05:00:00,0.561
2012-10-28 05:30:00,0.778
2012-10-28 06:00:00,0.616
2012-10-28 06:30:00,0.691
2012-10-28 07:00:00,0.48
2012-10-28 07:30:00,0.562
2012-10-28 08:00:00,0.514
2012-10-28 08:30:00,0.429
2012-10-28 09:00:00,0.426
2012-10-28 09:30:00,0.389
2012-10-28 10:00:00,0.43
2012-10-28 10:30:00,1.248
2012-10-28 11:00:00,1.4400001
2012-10-28 11:30:00,0.506
2012-10-28 12:00:00,0.393
2012-10-28 12:30:00,0.755
2012-10-28 13:00:00,0.745
2012-10-28 13:30:00,0.721
2012-10-28 14:00:00,0.714
2012-10-28 14:30:00,0.654
2012-10-28 15:00:00,0.631
2012-10-28 15:30:00,0.696
2012-10-28 16:00:00,0.749
2012-10-28 16:30:00,0.744
2012-10-28 17:00:00,0.702
2012-10-28 17:30:00,0.755
2012-10-28 18:00:00,0.723
2012-10-28 18:30:00,0.692
2012-10-28 19:00:00,1.025
2012-10-28 19:30:00,1.188
2012-10-28 20:00:00,0.977
2012-10-28 20:30:00,0.774
2012-10-28 21:00:00,0.797
2012-10-28 21:30:00,0.817
2012-10-28 22:00:00,0.779
2012-10-28 22:30:00,0.817
2012-10-28 23:00:00,0.772
2012-10-28 23:30:00,0.701
2012-10-29 00:00:00,0.351
2012-10-29 00:30:00,0.514
2012-10-29 01:00:00,0.491
2012-10-29 01:30:00,0.418
2012-10-29 02:00:00,0.179
2012-10-29 02:30:00,0.334
2012-10-29 03:00:00,0.205
2012-10-29 03:30:00,0.185
2012-10-29 04:00:00,0.345
2012-10-29 04:30:00,0.216
2012-10-29 05:00:00,0.391
2012-10-29 05:30:00,0.157
2012-10-29 06:00:00,0.375
2012-10-29 06:30:00,0.169
2012-10-29 07:00:00,0.279
2012-10-29 07:30:00,0.318
2012-10-29 08:00:00,0.505
2012-10-29 08:30:00,1.318
2012-10-29 09:00:00,1.432
2012-10-29 09:30:00,1.1
2012-10-29 10:00:00,0.952
2012-10-29 10:30:00,1.057
2012-10-29 11:00:00,0.865
2012-10-29 11:30:00,0.715
2012-10-29 12:00:00,0.879
2012-10-29 12:30:00,0.487
2012-10-29 13:00:00,0.587
2012-10-29 13:30:00,0.466
2012-10-29 14:00:00,0.56
2012-10-29 14:30:00,1.026
2012-10-29 15:00:00,2.2460001
2012-10-29 15:30:00,1.763
2012-10-29 16:00:00,0.991
2012-10-29 16:30:00,1.098
2012-10-29 17:00:00,1.035
2012-10-29 17:30:00,1.12
2012-10-29 18:00:00,1.128
2012-10-29 18:30:00,1.301
2012-10-29 19:00:00,1.103
2012-10-29 19:30:00,1.076
2012-10-29 20:00:00,0.952
2012-10-29 20:30:00,1.082
2012-10-29 21:00:00,0.913
2012-10-29 21:30:00,0.658
2012-10-29 22:00:00,0.566
2012-10-29 22:30:00,0.598
2012-10-29 23:00:00,0.583
2012-10-29 23:30:00,0.412
2012-10-30 00:00:00,0.209
2012-10-30 00:30:00,0.275
2012-10-30 01:00:00,0.231
2012-10-30 01:30:00,0.212
2012-10-30 02:00:00,0.181
2012-10-30 02:30:00,0.188
2012-10-30 03:00:00,0.126
2012-10-30 03:30:00,0.162
2012-10-30 04:00:00,0.181
2012-10-30 04:30:00,0.272
2012-10-30 05:00:00,0.272
2012-10-30 05:30:00,0.254
2012-10-30 06:00:00,0.236
2012-10-30 06:30:00,0.119
2012-10-30 07:00:00,0.125
2012-10-30 07:30:00,0.225
2012-10-30 08:00:00,0.504
2012-10-30 08:30:00,0.457
2012-10-30 09:00:00,0.465
2012-10-30 09:30:00,0.453
2012-10-30 10:00:00,0.247
2012-10-30 10:30:00,0.372
2012-10-30 11:00:00,0.382
2012-10-30 11:30:00,0.73
2012-10-30 12:00:00,0.829
2012-10-30 12:30:00,1.377
2012-10-30 13:00:00,0.967
2012-10-30 13:30:00,0.878
2012-10-30 14:00:00,0.637
2012-10-30 14:30:00,0.637
2012-10-30 15:00:00,0.564
2012-10-30 15:30:00,0.59
2012-10-30 16:00:00,0.618
2012-10-30 16:30:00,1.0470001
2012-10-30 17:00:00,0.822
2012-10-30 17:30:00,1.107
2012-10-30 18:00:00,0.682
2012-10-30 18:30:00,0.63
2012-10-30 19:00:00,0.521
2012-10-30 19:30:00,0.65
2012-10-30 20:00:00,0.838
2012-10-30 20:30:00,0.841
2012-10-30 21:00:00,1.135
2012-10-30 21:30:00,1.927
2012-10-30 22:00:00,1.016
2012-10-30 22:30:00,0.92
2012-10-30 23:00:00,0.761
2012-10-30 23:30:00,0.576
2012-10-31 00:00:00,0.551
2012-10-31 00:30:00,0.558
2012-10-31 01:00:00,0.52
2012-10-31 01:30:00,0.513
2012-10-31 02:00:00,0.391
2012-10-31 02:30:00,0.39
2012-10-31 03:00:00,0.159
2012-10-31 03:30:00,0.522
2012-10-31 04:00:00,0.48
2012-10-31 04:30:00,0.563
2012-10-31 05:00:00,0.483
2012-10-31 05:30:00,0.551
2012-10-31 06:00:00,0.473
2012-10-31 06:30:00,0.598
2012-10-31 07:00:00,0.752
2012-10-31 07:30:00,0.812
2012-10-31 08:00:00,0.51
2012-10-31 08:30:00,1.187
2012-10-31 09:00:00,1.0369999
2012-10-31 09:30:00,0.999
2012-10-31 10:00:00,1.058
2012-10-31 10:30:00,0.947
2012-10-31 11:00:00,1.4069999
2012-10-31 11:30:00,2.2950001
2012-10-31 12:00:00,1.249
2012-10-31 12:30:00,1.034
2012-10-31 13:00:00,0.916
2012-10-31 13:30:00,1.073
2012-10-31 14:00:00,1.035
2012-10-31 14:30:00,1.25
2012-10-31 15:00:00,1.0829999
2012-10-31 15:30:00,0.969
2012-10-31 16:00:00,1.058
2012-10-31 16:30:00,0.984
2012-10-31 17:00:00,0.876
2012-10-31 17:30:00,0.687
2012-10-31 18:00:00,0.809
2012-10-31 18:30:00,0.747
2012-10-31 19:00:00,0.82
2012-10-31 19:30:00,0.839
2012-10-31 20:00:00,1.006
2012-10-31 20:30:00,1.029
2012-10-31 21:00:00,0.906
2012-10-31 21:30:00,0.818
2012-10-31 22:00:00,0.717
2012-10-31 22:30:00,0.699
2012-10-31 23:00:00,0.642
2012-10-31 23:30:00,0.661
2012-11-01 00:00:00,0.638
2012-11-01 00:30:00,0.713
2012-11-01 01:00:00,0.46
2012-11-01 01:30:00,0.383
2012-11-01 02:00:00,0.36
2012-11-01 02:30:00,0.213
2012-11-01 03:00:00,0.174
2012-11-01 03:30:00,0.219
2012-11-01 04:00:00,0.211
2012-11-01 04:30:00,0.189
2012-11-01 05:00:00,0.233
2012-11-01 05:30:00,0.289
2012-11-01 06:00:00,0.526
2012-11-01 06:30:00,0.565
2012-11-01 07:00:00,0.217
2012-11-01 07:30:00,0.25
2012-11-01 08:00:00,0.543
2012-11-01 08:30:00,0.754
2012-11-01 09:00:00,0.798
2012-11-01 09:30:00,0.947
2012-11-01 10:00:00,0.585
2012-11-01 10:30:00,0.554
2012-11-01 11:00:00,0.683
2012-11-01 11:30:00,0.837
2012-11-01 12:00:00,0.512
2012-11-01 12:30:00,0.539
2012-11-01 13:00:00,0.588
2012-11-01 13:30:00,0.571
2012-11-01 14:00:00,0.939
2012-11-01 14:30:00,1.049
2012-11-01 15:00:00,0.796
2012-11-01 15:30:00,0.771
2012-11-01 16:00:00,1.108
2012-11-01 16:30:00,1.064
2012-11-01 17:00:00,1.29
2012-11-01 17:30:00,0.758
2012-11-01 18:00:00,0.545
2012-11-01 18:30:00,0.624
2012-11-01 19:00:00,0.86
2012-11-01 19:30:00,1.188
2012-11-01 20:00:00,0.787
2012-11-01 20:30:00,0.924
2012-11-01 21:00:00,0.844
2012-11-01 21:30:00,0.661
2012-11-01 22:00:00,0.724
2012-11-01 22:30:00,0.732
2012-11-01 23:00:00,0.68
2012-11-01 23:30:00,0.89
2012-11-02 00:00:00,0.352
2012-11-02 00:30:00,0.341
2012-11-02 01:00:00,0.369
2012-11-02 01:30:00,0.38
2012-11-02 02:00:00,0.41
2012-11-02 02:30:00,0.447
2012-11-02 03:00:00,0.38
2012-11-02 03:30:00,0.295
2012-11-02 04:00:00,0.416
2012-11-02 04:30:00,0.488
2012-11-02 05:00:00,0.279
2012-11-02 05:30:00,0.312
2012-11-02 06:00:00,0.442
2012-11-02 06:30:00,0.545
2012-11-02 07:00:00,0.328
2012-11-02 07:30:00,0.401
2012-11-02 08:00:00,0.402
2012-11-02 08:30:00,0.84
2012-11-02 09:00:00,0.948
2012-11-02 09:30:00,1.98
2012-11-02 10:00:00,1.0930001
2012-11-02 10:30:00,0.628
2012-11-02 11:00:00,0.977
2012-11-02 11:30:00,1.068
2012-11-02 12:00:00,1.1440001
2012-11-02 12:30:00,1.067
2012-11-02 13:00:00,1.841
2012-11-02 13:30:00,1.318
2012-11-02 14:00:00,1.455
2012-11-02 14:30:00,1.165
2012-11-02 15:00:00,1.2
2012-11-02 15:30:00,0.853
2012-11-02 16:00:00,0.912
2012-11-02 16:30:00,1.138
2012-11-02 17:00:00,1.2920001
2012-11-02 17:30:00,1.607
2012-11-02 18:00:00,1.094
2012-11-02 18:30:00,1.011
2012-11-02 19:00:00,2.033
2012-11-02 19:30:00,1.23
2012-11-02 20:00:00,1.098
2012-11-02 20:30:00,1.0700001
2012-11-02 21:00:00,0.959
2012-11-02 21:30:00,0.864
2012-11-02 22:00:00,0.858
2012-11-02 22:30:00,0.86
2012-11-02 23:00:00,0.532
2012-11-02 23:30:00,0.702
2012-11-03 00:00:00,0.642
2012-11-03 00:30:00,0.293
2012-11-03 01:00:00,0.26
2012-11-03 01:30:00,0.261
2012-11-03 02:00:00,0.198
2012-11-03 02:30:00,0.257
2012-11-03 03:00:00,0.248
2012-11-03 03:30:00,0.204
2012-11-03 04:00:00,0.263
2012-11-03 04:30:00,0.347
2012-11-03 05:00:00,0.265
2012-11-03 05:30:00,0.241
2012-11-03 06:00:00,0.334
2012-11-03 06:30:00,0.584
2012-11-03 07:00:00,0.224
2012-11-03 07:30:00,0.275
2012-11-03 08:00:00,0.223
2012-11-03 08:30:00,1.524
2012-11-03 09:00:00,0.721
2012-11-03 09:30:00,0.483
2012-11-03 10:00:00,0.636
2012-11-03 10:30:00,1.617
2012-11-03 11:00:00,0.452
2012-11-03 11:30:00,0.372
2012-11-03 12:00:00,0.378
2012-11-03 12:30:00,0.503
2012-11-03 13:00:00,0.545
2012-11-03 13:30:00,0.851
2012-11-03 14:00:00,0.613
2012-11-03 14:30:00,0.72
2012-11-03 15:00:00,0.598
2012-11-03 15:30:00,1.428
2012-11-03 16:00:00,1.003
2012-11-03 16:30:00,0.852
2012-11-03 17:00:00,0.878
2012-11-03 17:30:00,0.639
2012-11-03 18:00:00,0.645
2012-11-03 18:30:00,0.675
2012-11-03 19:00:00,0.915
2012-11-03 19:30:00,0.806
2012-11-03 20:00:00,0.429
2012-11-03 20:30:00,0.37
2012-11-03 21:00:00,0.352
2012-11-03 21:30:00,0.327
2012-11-03 22:00:00,0.317
2012-11-03 22:30:00,0.327
2012-11-03 23:00:00,0.343
2012-11-03 23:30:00,0.31
2012-11-04 00:00:00,0.471
2012-11-04 00:30:00,0.429
2012-11-04 01:00:00,0.414
2012-11-04 01:30:00,0.392
2012-11-04 02:00:00,0.609
2012-11-04 02:30:00,0.289
2012-11-04 03:00:00,0.289
2012-11-04 03:30:00,0.559
2012-11-04 04:00:00,0.454
2012-11-04 04:30:00,0.374
2012-11-04 05:00:00,0.437
2012-11-04 05:30:00,0.205
2012-11-04 06:00:00,0.28
2012-11-04 06:30:00,0.393
2012-11-04 07:00:00,0.222
2012-11-04 07:30:00,0.298
2012-11-04 08:00:00,0.527
2012-11-04 08:30:00,0.702
2012-11-04 09:00:00,0.699
2012-11-04 09:30:00,0.83
2012-11-04 10:00:00,1.1900001
2012-11-04 10:30:00,1.995
2012-11-04 11:00:00,0.443
2012-11-04 11:30:00,0.414
2012-11-04 12:00:00,0.398
2012-11-04 12:30:00,0.674
2012-11-04 13:00:00,1.031
2012-11-04 13:30:00,0.168
2012-11-04 14:00:00,0.273
2012-11-04 14:30:00,0.267
2012-11-04 15:00:00,0.183
2012-11-04 15:30:00,0.298
2012-11-04 16:00:00,0.171
2012-11-04 16:30:00,0.388
2012-11-04 17:00:00,0.255
2012-11-04 17:30:00,0.855
2012-11-04 18:00:00,0.702
2012-11-04 18:30:00,0.424
2012-11-04 19:00:00,0.492
2012-11-04 19:30:00,0.775
2012-11-04 20:00:00,0.72
2012-11-04 20:30:00,0.953
2012-11-04 21:00:00,1.063
2012-11-04 21:30:00,1.053
2012-11-04 22:00:00,0.936
2012-11-04 22:30:00,0.906
2012-11-04 23:00:00,0.997
2012-11-04 23:30:00,1.222
2012-11-05 00:00:00,2.0450001
2012-11-05 00:30:00,1.932
2012-11-05 01:00:00,0.744
2012-11-05 01:30:00,0.411
2012-11-05 02:00:00,0.611
2012-11-05 02:30:00,0.396
2012-11-05 03:00:00,0.28
2012-11-05 03:30:00,0.377
2012-11-05 04:00:00,0.383
2012-11-05 04:30:00,0.335
2012-11-05 05:00:00,0.361
2012-11-05 05:30:00,0.402
2012-11-05 06:00:00,0.264
2012-11-05 06:30:00,0.184
2012-11-05 07:00:00,0.266
2012-11-05 07:30:00,0.419
2012-11-05 08:00:00,0.652
2012-11-05 08:30:00,0.831
2012-11-05 09:00:00,1.02
2012-11-05 09:30:00,1.799
2012-11-05 10:00:00,0.995
2012-11-05 10:30:00,0.731
2012-11-05 11:00:00,0.967
2012-11-05 11:30:00,0.536
2012-11-05 12:00:00,1.0829999
2012-11-05 12:30:00,1.164
2012-11-05 13:00:00,1.0369999
2012-11-05 13:30:00,0.735
2012-11-05 14:00:00,0.508
2012-11-05 14:30:00,0.672
2012-11-05 15:00:00,0.517
2012-11-05 15:30:00,0.233
2012-11-05 16:00:00,0.234
2012-11-05 16:30:00,0.371
2012-11-05 17:00:00,0.572
2012-11-05 17:30:00,0.552
2012-11-05 18:00:00,0.614
2012-11-05 18:30:00,0.58
2012-11-05 19:00:00,0.577
2012-11-05 19:30:00,0.737
2012-11-05 20:00:00,0.542
2012-11-05 20:30:00,0.65
2012-11-05 21:00:00,0.568
2012-11-05 21:30:00,0.498
2012-11-05 22:00:00,0.309
2012-11-05 22:30:00,0.529
2012-11-05 23:00:00,0.869
2012-11-05 23:30:00,0.745
2012-11-06 00:00:00,0.79
2012-11-06 00:30:00,0.733
2012-11-06 01:00:00,0.538
2012-11-06 01:30:00,0.44
2012-11-06 02:00:00,0.275
2012-11-06 02:30:00,0.246
2012-11-06 03:00:00,0.262
2012-11-06 03:30:00,0.217
2012-11-06 04:00:00,0.263
2012-11-06 04:30:00,0.217
2012-11-06 05:00:00,0.246
2012-11-06 05:30:00,0.199
2012-11-06 06:00:00,0.275
2012-11-06 06:30:00,0.345
2012-11-06 07:00:00,0.396
2012-11-06 07:30:00,0.424
2012-11-06 08:00:00,0.592
2012-11-06 08:30:00,0.757
2012-11-06 09:00:00,0.96
2012-11-06 09:30:00,0.759
2012-11-06 10:00:00,0.436
2012-11-06 10:30:00,0.434
2012-11-06 11:00:00,0.478
2012-11-06 11:30:00,1.048
2012-11-06 12:00:00,0.876
2012-11-06 12:30:00,0.846
2012-11-06 13:00:00,1.044
2012-11-06 13:30:00,1.086
2012-11-06 14:00:00,1.082
2012-11-06 14:30:00,1.112
2012-11-06 15:00:00,1.245
2012-11-06 15:30:00,0.891
2012-11-06 16:00:00,0.703
2012-11-06 16:30:00,0.666
2012-11-06 17:00:00,0.674
2012-11-06 17:30:00,0.365
2012-11-06 18:00:00,0.506
2012-11-06 18:30:00,0.6
2012-11-06 19:00:00,0.655
2012-11-06 19:30:00,1.875
2012-11-06 20:00:00,0.49
2012-11-06 20:30:00,0.434
2012-11-06 21:00:00,0.297
2012-11-06 21:30:00,0.507
2012-11-06 22:00:00,0.277
2012-11-06 22:30:00,0.37
2012-11-06 23:00:00,0.3
2012-11-06 23:30:00,0.484
2012-11-07 00:00:00,0.439
2012-11-07 00:30:00,0.433
2012-11-07 01:00:00,0.268
2012-11-07 01:30:00,0.304
2012-11-07 02:00:00,0.417
2012-11-07 02:30:00,0.313
2012-11-07 03:00:00,0.784
2012-11-07 03:30:00,0.507
2012-11-07 04:00:00,0.742
2012-11-07 04:30:00,0.813
2012-11-07 05:00:00,0.836
2012-11-07 05:30:00,0.724
2012-11-07 06:00:00,0.665
2012-11-07 06:30:00,0.46
2012-11-07 07:00:00,0.3
2012-11-07 07:30:00,0.679
2012-11-07 08:00:00,1.8380001
2012-11-07 08:30:00,1.1160001
2012-11-07 09:00:00,1.089
2012-11-07 09:30:00,0.972
2012-11-07 10:00:00,0.697
2012-11-07 10:30:00,0.662
2012-11-07 11:00:00,0.883
2012-11-07 11:30:00,0.748
2012-11-07 12:00:00,0.769
2012-11-07 12:30:00,0.909
2012-11-07 13:00:00,1.207
2012-11-07 13:30:00,1.072
2012-11-07 14:00:00,0.718
2012-11-07 14:30:00,1.091
2012-11-07 15:00:00,0.725
2012-11-07 15:30:00,0.867
2012-11-07 16:00:00,0.552
2012-11-07 16:30:00,0.357
2012-11-07 17:00:00,0.424
2012-11-07 17:30:00,0.702
2012-11-07 18:00:00,0.875
2012-11-07 18:30:00,0.873
2012-11-07 19:00:00,1.14
2012-11-07 19:30:00,1.054
2012-11-07 20:00:00,1.006
2012-11-07 20:30:00,1.442
2012-11-07 21:00:00,1.069
2012-11-07 21:30:00,0.988
2012-11-07 22:00:00,0.783
2012-11-07 22:30:00,0.723
2012-11-07 23:00:00,0.728
2012-11-07 23:30:00,0.752
2012-11-08 00:00:00,0.44
2012-11-08 00:30:00,0.28
2012-11-08 01:00:00,0.515
2012-11-08 01:30:00,0.558
2012-11-08 02:00:00,0.562
2012-11-08 02:30:00,0.72
2012-11-08 03:00:00,0.319
2012-11-08 03:30:00,0.34
2012-11-08 04:00:00,0.206
2012-11-08 04:30:00,0.224
2012-11-08 05:00:00,0.27
2012-11-08 05:30:00,0.317
2012-11-08 06:00:00,0.254
2012-11-08 06:30:00,0.217
2012-11-08 07:00:00,0.247
2012-11-08 07:30:00,0.198
2012-11-08 08:00:00,0.57
2012-11-08 08:30:00,0.909
2012-11-08 09:00:00,0.739
2012-11-08 09:30:00,1.115
2012-11-08 10:00:00,1.482
2012-11-08 10:30:00,1.548
2012-11-08 11:00:00,1.161
2012-11-08 11:30:00,1.151
2012-11-08 12:00:00,1.113
2012-11-08 12:30:00,1.1849999
2012-11-08 13:00:00,0.853
2012-11-08 13:30:00,0.762
2012-11-08 14:00:00,0.795
2012-11-08 14:30:00,2.5450001
2012-11-08 15:00:00,2.802
2012-11-08 15:30:00,2.0940001
2012-11-08 16:00:00,1.711
2012-11-08 16:30:00,1.331
2012-11-08 17:00:00,0.947
2012-11-08 17:30:00,0.933
2012-11-08 18:00:00,0.913
2012-11-08 18:30:00,0.954
2012-11-08 19:00:00,1.194
2012-11-08 19:30:00,0.968
2012-11-08 20:00:00,1.0650001
2012-11-08 20:30:00,0.983
2012-11-08 21:00:00,0.963
2012-11-08 21:30:00,0.757
2012-11-08 22:00:00,0.641
2012-11-08 22:30:00,0.569
2012-11-08 23:00:00,0.628
2012-11-08 23:30:00,0.646
2012-11-09 00:00:00,0.612
2012-11-09 00:30:00,0.598
2012-11-09 01:00:00,0.642
2012-11-09 01:30:00,0.716
2012-11-09 02:00:00,0.6
2012-11-09 02:30:00,0.677
2012-11-09 03:00:00,0.633
2012-11-09 03:30:00,0.623
2012-11-09 04:00:00,0.356
2012-11-09 04:30:00,0.217
2012-11-09 05:00:00,0.203
2012-11-09 05:30:00,0.207
2012-11-09 06:00:00,0.214
2012-11-09 06:30:00,0.213
2012-11-09 07:00:00,0.165
2012-11-09 07:30:00,0.358
2012-11-09 08:00:00,0.55
2012-11-09 08:30:00,1.888
2012-11-09 09:00:00,1.2920001
2012-11-09 09:30:00,1.2920001
2012-11-09 10:00:00,1.064
2012-11-09 10:30:00,1.5190001
2012-11-09 11:00:00,1.857
2012-11-09 11:30:00,1.508
2012-11-09 12:00:00,1.84
2012-11-09 12:30:00,1.431
2012-11-09 13:00:00,1.411
2012-11-09 13:30:00,1.2589999
2012-11-09 14:00:00,1.063
2012-11-09 14:30:00,1.13
2012-11-09 15:00:00,1.1900001
2012-11-09 15:30:00,0.886
2012-11-09 16:00:00,0.744
2012-11-09 16:30:00,0.821
2012-11-09 17:00:00,0.607
2012-11-09 17:30:00,0.373
2012-11-09 18:00:00,0.365
2012-11-09 18:30:00,0.492
2012-11-09 19:00:00,0.447
2012-11-09 19:30:00,0.679
2012-11-09 20:00:00,0.505
2012-11-09 20:30:00,0.885
2012-11-09 21:00:00,0.808
2012-11-09 21:30:00,0.791
2012-11-09 22:00:00,0.483
2012-11-09 22:30:00,0.568
2012-11-09 23:00:00,0.565
2012-11-09 23:30:00,0.598
2012-11-10 00:00:00,0.724
2012-11-10 00:30:00,0.563
2012-11-10 01:00:00,0.544
2012-11-10 01:30:00,0.588
2012-11-10 02:00:00,0.477
2012-11-10 02:30:00,0.39
2012-11-10 03:00:00,0.467
2012-11-10 03:30:00,0.353
2012-11-10 04:00:00,0.488
2012-11-10 04:30:00,0.381
2012-11-10 05:00:00,0.421
2012-11-10 05:30:00,0.352
2012-11-10 06:00:00,0.445
2012-11-10 06:30:00,0.342
2012-11-10 07:00:00,0.43
2012-11-10 07:30:00,0.532
2012-11-10 08:00:00,0.563
2012-11-10 08:30:00,0.446
2012-11-10 09:00:00,0.462
2012-11-10 09:30:00,0.412
2012-11-10 10:00:00,0.408
2012-11-10 10:30:00,0.464
2012-11-10 11:00:00,0.404
2012-11-10 11:30:00,0.454
2012-11-10 12:00:00,0.427
2012-11-10 12:30:00,0.451
2012-11-10 13:00:00,0.383
2012-11-10 13:30:00,0.462
2012-11-10 14:00:00,0.441
2012-11-10 14:30:00,0.466
2012-11-10 15:00:00,0.355
2012-11-10 15:30:00,0.481
2012-11-10 16:00:00,0.366
2012-11-10 16:30:00,0.517
2012-11-10 17:00:00,0.33
2012-11-10 17:30:00,0.521
2012-11-10 18:00:00,0.383
2012-11-10 18:30:00,0.474
2012-11-10 19:00:00,0.333
2012-11-10 19:30:00,0.511
2012-11-10 20:00:00,0.401
2012-11-10 20:30:00,0.484
2012-11-10 21:00:00,0.353
2012-11-10 21:30:00,0.478
2012-11-10 22:00:00,0.375
2012-11-10 22:30:00,0.525
2012-11-10 23:00:00,0.332
2012-11-10 23:30:00,0.567
2012-11-11 00:00:00,0.347
2012-11-11 00:30:00,0.484
2012-11-11 01:00:00,0.32
2012-11-11 01:30:00,0.576
2012-11-11 02:00:00,0.314
2012-11-11 02:30:00,0.491
2012-11-11 03:00:00,0.42
2012-11-11 03:30:00,0.537
2012-11-11 04:00:00,0.329
2012-11-11 04:30:00,0.548
2012-11-11 05:00:00,0.363
2012-11-11 05:30:00,0.501
2012-11-11 06:00:00,0.385
2012-11-11 06:30:00,0.515
2012-11-11 07:00:00,0.374
2012-11-11 07:30:00,0.503
2012-11-11 08:00:00,0.43
2012-11-11 08:30:00,0.422
2012-11-11 09:00:00,0.518
2012-11-11 09:30:00,0.34
2012-11-11 10:00:00,0.513
2012-11-11 10:30:00,0.363
2012-11-11 11:00:00,0.486
2012-11-11 11:30:00,0.355
2012-11-11 12:00:00,0.556
2012-11-11 12:30:00,0.327
2012-11-11 13:00:00,0.509
2012-11-11 13:30:00,0.387
2012-11-11 14:00:00,0.44
2012-11-11 14:30:00,0.507
2012-11-11 15:00:00,0.392
2012-11-11 15:30:00,0.454
2012-11-11 16:00:00,0.424
2012-11-11 16:30:00,0.483
2012-11-11 17:00:00,0.321
2012-11-11 17:30:00,0.573
2012-11-11 18:00:00,0.342
2012-11-11 18:30:00,0.646
2012-11-11 19:00:00,0.401
2012-11-11 19:30:00,0.792
2012-11-11 20:00:00,1.835
2012-11-11 20:30:00,1.159
2012-11-11 21:00:00,0.438
2012-11-11 21:30:00,0.434
2012-11-11 22:00:00,0.319
2012-11-11 22:30:00,0.392
2012-11-11 23:00:00,0.385
2012-11-11 23:30:00,0.468
2012-11-12 00:00:00,0.802
2012-11-12 00:30:00,0.802
2012-11-12 01:00:00,0.804
2012-11-12 01:30:00,0.5
2012-11-12 02:00:00,0.391
2012-11-12 02:30:00,0.29
2012-11-12 03:00:00,0.353
2012-11-12 03:30:00,0.358
2012-11-12 04:00:00,0.301
2012-11-12 04:30:00,0.338
2012-11-12 05:00:00,0.368
2012-11-12 05:30:00,0.3
2012-11-12 06:00:00,0.351
2012-11-12 06:30:00,0.321
2012-11-12 07:00:00,0.354
2012-11-12 07:30:00,0.298
2012-11-12 08:00:00,0.348
2012-11-12 08:30:00,0.919
2012-11-12 09:00:00,0.928
2012-11-12 09:30:00,0.882
2012-11-12 10:00:00,1.099
2012-11-12 10:30:00,1.007
2012-11-12 11:00:00,1.198
2012-11-12 11:30:00,1.281
2012-11-12 12:00:00,1.442
2012-11-12 12:30:00,1.23
2012-11-12 13:00:00,1.206
2012-11-12 13:30:00,1.256
2012-11-12 14:00:00,0.972
2012-11-12 14:30:00,1.204
2012-11-12 15:00:00,1.216
2012-11-12 15:30:00,0.679
2012-11-12 16:00:00,0.643
2012-11-12 16:30:00,0.619
2012-11-12 17:00:00,0.324
2012-11-12 17:30:00,0.522
2012-11-12 18:00:00,0.909
2012-11-12 18:30:00,1.112
2012-11-12 19:00:00,0.873
2012-11-12 19:30:00,0.912
2012-11-12 20:00:00,0.98
2012-11-12 20:30:00,0.804
2012-11-12 21:00:00,0.832
2012-11-12 21:30:00,0.896
2012-11-12 22:00:00,0.81
2012-11-12 22:30:00,0.817
2012-11-12 23:00:00,0.663
2012-11-12 23:30:00,0.595
2012-11-13 00:00:00,0.17
2012-11-13 00:30:00,0.377
2012-11-13 01:00:00,0.253
2012-11-13 01:30:00,0.118
2012-11-13 02:00:00,0.177
2012-11-13 02:30:00,0.131
2012-11-13 03:00:00,0.172
2012-11-13 03:30:00,0.127
2012-11-13 04:00:00,0.211
2012-11-13 04:30:00,0.134
2012-11-13 05:00:00,0.247
2012-11-13 05:30:00,0.433
2012-11-13 06:00:00,0.313
2012-11-13 06:30:00,0.203
2012-11-13 07:00:00,0.175
2012-11-13 07:30:00,0.246
2012-11-13 08:00:00,0.535
2012-11-13 08:30:00,0.586
2012-11-13 09:00:00,0.555
2012-11-13 09:30:00,1.124
2012-11-13 10:00:00,1.0829999
2012-11-13 10:30:00,1.377
2012-11-13 11:00:00,1.1900001
2012-11-13 11:30:00,1.373
2012-11-13 12:00:00,1.6339999
2012-11-13 12:30:00,1.728
2012-11-13 13:00:00,0.948
2012-11-13 13:30:00,1.479
2012-11-13 14:00:00,1.813
2012-11-13 14:30:00,1.625
2012-11-13 15:00:00,1.472
2012-11-13 15:30:00,1.237
2012-11-13 16:00:00,1.1799999
2012-11-13 16:30:00,1.276
2012-11-13 17:00:00,0.911
2012-11-13 17:30:00,0.81
2012-11-13 18:00:00,0.803
2012-11-13 18:30:00,0.818
2012-11-13 19:00:00,0.757
2012-11-13 19:30:00,0.765
2012-11-13 20:00:00,0.62
2012-11-13 20:30:00,0.351
2012-11-13 21:00:00,1.039
2012-11-13 21:30:00,0.667
2012-11-13 22:00:00,0.486
2012-11-13 22:30:00,0.43
2012-11-13 23:00:00,0.259
2012-11-13 23:30:00,0.478
2012-11-14 00:00:00,0.346
2012-11-14 00:30:00,0.302
2012-11-14 01:00:00,0.173
2012-11-14 01:30:00,0.394
2012-11-14 02:00:00,0.165
2012-11-14 02:30:00,0.352
2012-11-14 03:00:00,0.306
2012-11-14 03:30:00,0.523
2012-11-14 04:00:00,0.5
2012-11-14 04:30:00,0.284
2012-11-14 05:00:00,0.197
2012-11-14 05:30:00,0.161
2012-11-14 06:00:00,0.116
2012-11-14 06:30:00,0.231
2012-11-14 07:00:00,0.277
2012-11-14 07:30:00,0.284
2012-11-14 08:00:00,0.481
2012-11-14 08:30:00,1.086
2012-11-14 09:00:00,0.943
2012-11-14 09:30:00,1.015
2012-11-14 10:00:00,0.994
2012-11-14 10:30:00,0.955
2012-11-14 11:00:00,1.385
2012-11-14 11:30:00,1.136
2012-11-14 12:00:00,1.233
2012-11-14 12:30:00,1.494
2012-11-14 13:00:00,1.348
2012-11-14 13:30:00,1.354
2012-11-14 14:00:00,1.2589999
2012-11-14 14:30:00,1.005
2012-11-14 15:00:00,1.147
2012-11-14 15:30:00,1.177
2012-11-14 16:00:00,1.124
2012-11-14 16:30:00,1.1160001
2012-11-14 17:00:00,1.122
2012-11-14 17:30:00,0.896
2012-11-14 18:00:00,0.945
2012-11-14 18:30:00,1.1720001
2012-11-14 19:00:00,1.049
2012-11-14 19:30:00,0.937
2012-11-14 20:00:00,0.986
2012-11-14 20:30:00,0.925
2012-11-14 21:00:00,2.484
2012-11-14 21:30:00,2.0929999
2012-11-14 22:00:00,0.991
2012-11-14 22:30:00,0.782
2012-11-14 23:00:00,0.702
2012-11-14 23:30:00,0.658
2012-11-15 00:00:00,0.685
2012-11-15 00:30:00,0.688
2012-11-15 01:00:00,0.568
2012-11-15 01:30:00,0.309
2012-11-15 02:00:00,0.222
2012-11-15 02:30:00,0.215
2012-11-15 03:00:00,0.198
2012-11-15 03:30:00,0.233
2012-11-15 04:00:00,0.229
2012-11-15 04:30:00,0.211
2012-11-15 05:00:00,0.192
2012-11-15 05:30:00,0.469
2012-11-15 06:00:00,0.427
2012-11-15 06:30:00,0.427
2012-11-15 07:00:00,0.479
2012-11-15 07:30:00,1.798
2012-11-15 08:00:00,1.223
2012-11-15 08:30:00,0.803
2012-11-15 09:00:00,0.856
2012-11-15 09:30:00,0.924
2012-11-15 10:00:00,0.919
2012-11-15 10:30:00,1.0039999
2012-11-15 11:00:00,1.028
2012-11-15 11:30:00,0.874
2012-11-15 12:00:00,0.947
2012-11-15 12:30:00,1.336
2012-11-15 13:00:00,1.285
2012-11-15 13:30:00,1.233
2012-11-15 14:00:00,1.161
2012-11-15 14:30:00,1.2589999
2012-11-15 15:00:00,1.166
2012-11-15 15:30:00,1.125
2012-11-15 16:00:00,1.374
2012-11-15 16:30:00,1.275
2012-11-15 17:00:00,1.531
2012-11-15 17:30:00,1.184
2012-11-15 18:00:00,0.983
2012-11-15 18:30:00,0.974
2012-11-15 19:00:00,0.935
2012-11-15 19:30:00,0.91
2012-11-15 20:00:00,0.778
2012-11-15 20:30:00,0.89
2012-11-15 21:00:00,0.855
2012-11-15 21:30:00,1.182
2012-11-15 22:00:00,1.084
2012-11-15 22:30:00,0.82
2012-11-15 23:00:00,0.85
2012-11-15 23:30:00,0.967
2012-11-16 00:00:00,0.965
2012-11-16 00:30:00,0.849
2012-11-16 01:00:00,0.751
2012-11-16 01:30:00,0.675
2012-11-16 02:00:00,0.288
2012-11-16 02:30:00,0.265
2012-11-16 03:00:00,0.251
2012-11-16 03:30:00,0.271
2012-11-16 04:00:00,0.299
2012-11-16 04:30:00,0.23
2012-11-16 05:00:00,0.275
2012-11-16 05:30:00,0.261
2012-11-16 06:00:00,0.307
2012-11-16 06:30:00,0.346
2012-11-16 07:00:00,0.379
2012-11-16 07:30:00,0.486
2012-11-16 08:00:00,0.725
2012-11-16 08:30:00,0.886
2012-11-16 09:00:00,1.219
2012-11-16 09:30:00,1.538
2012-11-16 10:00:00,2.1889999
2012-11-16 10:30:00,1.442
2012-11-16 11:00:00,1.207
2012-11-16 11:30:00,1.214
2012-11-16 12:00:00,1.258
2012-11-16 12:30:00,1.977
2012-11-16 13:00:00,1.918
2012-11-16 13:30:00,2.6849999
2012-11-16 14:00:00,2.0929999
2012-11-16 14:30:00,1.659
2012-11-16 15:00:00,1.594
2012-11-16 15:30:00,1.59
2012-11-16 16:00:00,1.433
2012-11-16 16:30:00,1.272
2012-11-16 17:00:00,1.074
2012-11-16 17:30:00,1.415
2012-11-16 18:00:00,0.849
2012-11-16 18:30:00,0.594
2012-11-16 19:00:00,0.609
2012-11-16 19:30:00,1.174
2012-11-16 20:00:00,0.966
2012-11-16 20:30:00,0.568
2012-11-16 21:00:00,0.669
2012-11-16 21:30:00,0.349
2012-11-16 22:00:00,0.566
2012-11-16 22:30:00,0.392
2012-11-16 23:00:00,0.757
2012-11-16 23:30:00,0.597
2012-11-17 00:00:00,0.709
2012-11-17 00:30:00,0.543
2012-11-17 01:00:00,0.495
2012-11-17 01:30:00,0.594
2012-11-17 02:00:00,0.691
2012-11-17 02:30:00,0.347
2012-11-17 03:00:00,0.216
2012-11-17 03:30:00,0.323
2012-11-17 04:00:00,0.382
2012-11-17 04:30:00,0.275
2012-11-17 05:00:00,0.071
2012-11-17 05:30:00,0.139
2012-11-17 06:00:00,0.166
2012-11-17 06:30:00,0.083
2012-11-17 07:00:00,0.147
2012-11-17 07:30:00,0.204
2012-11-17 08:00:00,0.477
2012-11-17 08:30:00,0.445
2012-11-17 09:00:00,0.452
2012-11-17 09:30:00,0.457
2012-11-17 10:00:00,0.699
2012-11-17 10:30:00,1.307
2012-11-17 11:00:00,2.003
2012-11-17 11:30:00,1.622
2012-11-17 12:00:00,0.506
2012-11-17 12:30:00,0.285
2012-11-17 13:00:00,0.332
2012-11-17 13:30:00,0.445
2012-11-17 14:00:00,0.383
2012-11-17 14:30:00,0.442
2012-11-17 15:00:00,0.596
2012-11-17 15:30:00,0.845
2012-11-17 16:00:00,0.681
2012-11-17 16:30:00,0.748
2012-11-17 17:00:00,0.837
2012-11-17 17:30:00,0.964
2012-11-17 18:00:00,1.283
2012-11-17 18:30:00,0.988
2012-11-17 19:00:00,0.74
2012-11-17 19:30:00,0.764
2012-11-17 20:00:00,0.69
2012-11-17 20:30:00,1.7
2012-11-17 21:00:00,0.566
2012-11-17 21:30:00,0.303
2012-11-17 22:00:00,0.225
2012-11-17 22:30:00,0.294
2012-11-17 23:00:00,0.43
2012-11-17 23:30:00,0.569
2012-11-18 00:00:00,0.624
2012-11-18 00:30:00,0.38
2012-11-18 01:00:00,0.525
2012-11-18 01:30:00,0.292
2012-11-18 02:00:00,0.247
2012-11-18 02:30:00,0.243
2012-11-18 03:00:00,0.236
2012-11-18 03:30:00,0.251
2012-11-18 04:00:00,0.271
2012-11-18 04:30:00,0.482
2012-11-18 05:00:00,0.29
2012-11-18 05:30:00,0.25
2012-11-18 06:00:00,0.217
2012-11-18 06:30:00,0.257
2012-11-18 07:00:00,0.195
2012-11-18 07:30:00,0.249
2012-11-18 08:00:00,0.435
2012-11-18 08:30:00,0.627
2012-11-18 09:00:00,0.479
2012-11-18 09:30:00,0.496
2012-11-18 10:00:00,0.535
2012-11-18 10:30:00,1.798
2012-11-18 11:00:00,0.662
2012-11-18 11:30:00,0.683
2012-11-18 12:00:00,0.992
2012-11-18 12:30:00,0.249
2012-11-18 13:00:00,0.153
2012-11-18 13:30:00,0.25
2012-11-18 14:00:00,0.153
2012-11-18 14:30:00,0.155
2012-11-18 15:00:00,0.186
2012-11-18 15:30:00,0.171
2012-11-18 16:00:00,0.452
2012-11-18 16:30:00,0.544
2012-11-18 17:00:00,0.995
2012-11-18 17:30:00,0.973
2012-11-18 18:00:00,1.046
2012-11-18 18:30:00,1.09
2012-11-18 19:00:00,1.115
2012-11-18 19:30:00,1.074
2012-11-18 20:00:00,0.995
2012-11-18 20:30:00,1.0599999
2012-11-18 21:00:00,1.046
2012-11-18 21:30:00,1.212
2012-11-18 22:00:00,1.021
2012-11-18 22:30:00,0.966
2012-11-18 23:00:00,1.038
2012-11-18 23:30:00,1.0880001
2012-11-19 00:00:00,0.912
2012-11-19 00:30:00,0.723
2012-11-19 01:00:00,0.738
2012-11-19 01:30:00,0.604
2012-11-19 02:00:00,0.511
2012-11-19 02:30:00,0.277
2012-11-19 03:00:00,0.264
2012-11-19 03:30:00,0.252
2012-11-19 04:00:00,0.25
2012-11-19 04:30:00,0.266
2012-11-19 05:00:00,0.313
2012-11-19 05:30:00,0.609
2012-11-19 06:00:00,0.613
2012-11-19 06:30:00,0.553
2012-11-19 07:00:00,0.594
2012-11-19 07:30:00,0.547
2012-11-19 08:00:00,0.53
2012-11-19 08:30:00,0.744
2012-11-19 09:00:00,0.89
2012-11-19 09:30:00,1.444
2012-11-19 10:00:00,2.0599999
2012-11-19 10:30:00,2.142
2012-11-19 11:00:00,1.868
2012-11-19 11:30:00,2.142
2012-11-19 12:00:00,2.826
2012-11-19 12:30:00,2.086
2012-11-19 13:00:00,1.432
2012-11-19 13:30:00,1.342
2012-11-19 14:00:00,1.1289999
2012-11-19 14:30:00,0.878
2012-11-19 15:00:00,0.767
2012-11-19 15:30:00,0.795
2012-11-19 16:00:00,0.923
2012-11-19 16:30:00,1.279
2012-11-19 17:00:00,1.456
2012-11-19 17:30:00,0.923
2012-11-19 18:00:00,0.698
2012-11-19 18:30:00,0.809
2012-11-19 19:00:00,0.906
2012-11-19 19:30:00,0.919
2012-11-19 20:00:00,0.97
2012-11-19 20:30:00,0.991
2012-11-19 21:00:00,0.843
2012-11-19 21:30:00,0.852
2012-11-19 22:00:00,0.776
2012-11-19 22:30:00,0.828
2012-11-19 23:00:00,0.832
2012-11-19 23:30:00,0.591
2012-11-20 00:00:00,0.617
2012-11-20 00:30:00,0.648
2012-11-20 01:00:00,0.359
2012-11-20 01:30:00,0.245
2012-11-20 02:00:00,0.311
2012-11-20 02:30:00,0.208
2012-11-20 03:00:00,0.212
2012-11-20 03:30:00,0.241
2012-11-20 04:00:00,0.243
2012-11-20 04:30:00,0.395
2012-11-20 05:00:00,0.356
2012-11-20 05:30:00,0.234
2012-11-20 06:00:00,0.188
2012-11-20 06:30:00,0.412
2012-11-20 07:00:00,1.385
2012-11-20 07:30:00,1.12
2012-11-20 08:00:00,0.783
2012-11-20 08:30:00,0.626
2012-11-20 09:00:00,0.719
2012-11-20 09:30:00,0.799
2012-11-20 10:00:00,0.826
2012-11-20 10:30:00,0.959
2012-11-20 11:00:00,0.83
2012-11-20 11:30:00,0.74
2012-11-20 12:00:00,0.685
2012-11-20 12:30:00,0.721
2012-11-20 13:00:00,0.82
2012-11-20 13:30:00,1.025
2012-11-20 14:00:00,0.742
2012-11-20 14:30:00,0.768
2012-11-20 15:00:00,0.872
2012-11-20 15:30:00,0.7
2012-11-20 16:00:00,0.734
2012-11-20 16:30:00,0.634
2012-11-20 17:00:00,0.304
2012-11-20 17:30:00,0.238
2012-11-20 18:00:00,0.298
2012-11-20 18:30:00,0.662
2012-11-20 19:00:00,1.0039999
2012-11-20 19:30:00,0.872
2012-11-20 20:00:00,0.71
2012-11-20 20:30:00,0.655
2012-11-20 21:00:00,0.714
2012-11-20 21:30:00,0.724
2012-11-20 22:00:00,0.679
2012-11-20 22:30:00,0.725
2012-11-20 23:00:00,0.841
2012-11-20 23:30:00,0.881
2012-11-21 00:00:00,0.848
2012-11-21 00:30:00,0.369
2012-11-21 01:00:00,0.509
2012-11-21 01:30:00,0.53
2012-11-21 02:00:00,0.35
2012-11-21 02:30:00,0.482
2012-11-21 03:00:00,0.254
2012-11-21 03:30:00,0.279
2012-11-21 04:00:00,0.247
2012-11-21 04:30:00,0.317
2012-11-21 05:00:00,0.372
2012-11-21 05:30:00,0.399
2012-11-21 06:00:00,0.387
2012-11-21 06:30:00,0.298
2012-11-21 07:00:00,0.204
2012-11-21 07:30:00,0.259
2012-11-21 08:00:00,0.534
2012-11-21 08:30:00,0.835
2012-11-21 09:00:00,0.602
2012-11-21 09:30:00,0.804
2012-11-21 10:00:00,0.899
2012-11-21 10:30:00,0.908
2012-11-21 11:00:00,1.215
2012-11-21 11:30:00,0.856
2012-11-21 12:00:00,0.84
2012-11-21 12:30:00,0.8
2012-11-21 13:00:00,0.807
2012-11-21 13:30:00,1.127
2012-11-21 14:00:00,1.2690001
2012-11-21 14:30:00,1.092
2012-11-21 15:00:00,1.2130001
2012-11-21 15:30:00,1.21
2012-11-21 16:00:00,1.15
2012-11-21 16:30:00,0.952
2012-11-21 17:00:00,0.879
2012-11-21 17:30:00,0.955
2012-11-21 18:00:00,0.661
2012-11-21 18:30:00,0.693
2012-11-21 19:00:00,0.763
2012-11-21 19:30:00,0.772
2012-11-21 20:00:00,0.628
2012-11-21 20:30:00,0.638
2012-11-21 21:00:00,0.79
2012-11-21 21:30:00,0.903
2012-11-21 22:00:00,0.73
2012-11-21 22:30:00,0.61
2012-11-21 23:00:00,0.693
2012-11-21 23:30:00,0.769
2012-11-22 00:00:00,0.385
2012-11-22 00:30:00,0.271
2012-11-22 01:00:00,0.305
2012-11-22 01:30:00,0.446
2012-11-22 02:00:00,0.35
2012-11-22 02:30:00,0.273
2012-11-22 03:00:00,0.308
2012-11-22 03:30:00,0.443
2012-11-22 04:00:00,0.302
2012-11-22 04:30:00,0.444
2012-11-22 05:00:00,0.596
2012-11-22 05:30:00,0.47
2012-11-22 06:00:00,0.287
2012-11-22 06:30:00,0.366
2012-11-22 07:00:00,0.35
2012-11-22 07:30:00,0.277
2012-11-22 08:00:00,0.455
2012-11-22 08:30:00,1.245
2012-11-22 09:00:00,1.003
2012-11-22 09:30:00,0.872
2012-11-22 10:00:00,0.989
2012-11-22 10:30:00,0.997
2012-11-22 11:00:00,0.99
2012-11-22 11:30:00,0.843
2012-11-22 12:00:00,0.922
2012-11-22 12:30:00,0.744
2012-11-22 13:00:00,0.975
2012-11-22 13:30:00,2.0940001
2012-11-22 14:00:00,2.5639999
2012-11-22 14:30:00,1.507
2012-11-22 15:00:00,1.28
2012-11-22 15:30:00,1.273
2012-11-22 16:00:00,1.0700001
2012-11-22 16:30:00,0.746
2012-11-22 17:00:00,0.896
2012-11-22 17:30:00,0.906
2012-11-22 18:00:00,0.85
2012-11-22 18:30:00,0.547
2012-11-22 19:00:00,0.5
2012-11-22 19:30:00,0.506
2012-11-22 20:00:00,0.698
2012-11-22 20:30:00,0.548
2012-11-22 21:00:00,0.58
2012-11-22 21:30:00,0.687
2012-11-22 22:00:00,0.593
2012-11-22 22:30:00,0.478
2012-11-22 23:00:00,0.483
2012-11-22 23:30:00,0.679
2012-11-23 00:00:00,0.554
2012-11-23 00:30:00,0.303
2012-11-23 01:00:00,0.349
2012-11-23 01:30:00,0.636
2012-11-23 02:00:00,0.458
2012-11-23 02:30:00,0.448
2012-11-23 03:00:00,0.461
2012-11-23 03:30:00,0.415
2012-11-23 04:00:00,0.281
2012-11-23 04:30:00,0.228
2012-11-23 05:00:00,0.269
2012-11-23 05:30:00,0.285
2012-11-23 06:00:00,0.217
2012-11-23 06:30:00,0.298
2012-11-23 07:00:00,0.229
2012-11-23 07:30:00,0.366
2012-11-23 08:00:00,0.654
2012-11-23 08:30:00,0.9
2012-11-23 09:00:00,0.708
2012-11-23 09:30:00,0.676
2012-11-23 10:00:00,0.885
2012-11-23 10:30:00,0.783
2012-11-23 11:00:00,0.781
2012-11-23 11:30:00,0.799
2012-11-23 12:00:00,0.598
2012-11-23 12:30:00,0.732
2012-11-23 13:00:00,0.745
2012-11-23 13:30:00,1.061
2012-11-23 14:00:00,1.035
2012-11-23 14:30:00,1.114
2012-11-23 15:00:00,0.904
2012-11-23 15:30:00,0.879
2012-11-23 16:00:00,1.221
2012-11-23 16:30:00,0.876
2012-11-23 17:00:00,0.795
2012-11-23 17:30:00,0.871
2012-11-23 18:00:00,0.7
2012-11-23 18:30:00,1.627
2012-11-23 19:00:00,1.313
2012-11-23 19:30:00,0.801
2012-11-23 20:00:00,0.793
2012-11-23 20:30:00,0.764
2012-11-23 21:00:00,0.878
2012-11-23 21:30:00,0.918
2012-11-23 22:00:00,1.197
2012-11-23 22:30:00,1.233
2012-11-23 23:00:00,1.081
2012-11-23 23:30:00,0.747
2012-11-24 00:00:00,0.696
2012-11-24 00:30:00,0.617
2012-11-24 01:00:00,0.501
2012-11-24 01:30:00,0.291
2012-11-24 02:00:00,0.242
2012-11-24 02:30:00,0.253
2012-11-24 03:00:00,0.258
2012-11-24 03:30:00,0.186
2012-11-24 04:00:00,0.277
2012-11-24 04:30:00,0.226
2012-11-24 05:00:00,0.268
2012-11-24 05:30:00,0.503
2012-11-24 06:00:00,0.483
2012-11-24 06:30:00,0.513
2012-11-24 07:00:00,0.373
2012-11-24 07:30:00,0.284
2012-11-24 08:00:00,0.233
2012-11-24 08:30:00,0.768
2012-11-24 09:00:00,1.02
2012-11-24 09:30:00,0.996
2012-11-24 10:00:00,0.945
2012-11-24 10:30:00,0.881
2012-11-24 11:00:00,0.878
2012-11-24 11:30:00,1.299
2012-11-24 12:00:00,1.302
2012-11-24 12:30:00,1.006
2012-11-24 13:00:00,1.03
2012-11-24 13:30:00,0.762
2012-11-24 14:00:00,0.893
2012-11-24 14:30:00,0.708
2012-11-24 15:00:00,0.923
2012-11-24 15:30:00,0.527
2012-11-24 16:00:00,0.693
2012-11-24 16:30:00,1.262
2012-11-24 17:00:00,1.252
2012-11-24 17:30:00,1.631
2012-11-24 18:00:00,1.275
2012-11-24 18:30:00,1.1799999
2012-11-24 19:00:00,0.871
2012-11-24 19:30:00,0.81
2012-11-24 20:00:00,0.52
2012-11-24 20:30:00,0.484
2012-11-24 21:00:00,0.506
2012-11-24 21:30:00,0.667
2012-11-24 22:00:00,0.511
2012-11-24 22:30:00,0.507
2012-11-24 23:00:00,0.663
2012-11-24 23:30:00,0.565
2012-11-25 00:00:00,0.641
2012-11-25 00:30:00,0.793
2012-11-25 01:00:00,0.718
2012-11-25 01:30:00,0.759
2012-11-25 02:00:00,0.745
2012-11-25 02:30:00,0.628
2012-11-25 03:00:00,0.234
2012-11-25 03:30:00,0.223
2012-11-25 04:00:00,0.347
2012-11-25 04:30:00,0.2
2012-11-25 05:00:00,0.352
2012-11-25 05:30:00,0.22
2012-11-25 06:00:00,0.368
2012-11-25 06:30:00,0.423
2012-11-25 07:00:00,0.337
2012-11-25 07:30:00,0.266
2012-11-25 08:00:00,0.296
2012-11-25 08:30:00,0.301
2012-11-25 09:00:00,0.444
2012-11-25 09:30:00,0.659
2012-11-25 10:00:00,0.506
2012-11-25 10:30:00,0.649
2012-11-25 11:00:00,0.462
2012-11-25 11:30:00,1.914
2012-11-25 12:00:00,1.868
2012-11-25 12:30:00,1.429
2012-11-25 13:00:00,1.518
2012-11-25 13:30:00,1.398
2012-11-25 14:00:00,0.382
2012-11-25 14:30:00,0.509
2012-11-25 15:00:00,0.213
2012-11-25 15:30:00,0.424
2012-11-25 16:00:00,0.257
2012-11-25 16:30:00,0.336
2012-11-25 17:00:00,0.722
2012-11-25 17:30:00,0.603
2012-11-25 18:00:00,0.43
2012-11-25 18:30:00,0.565
2012-11-25 19:00:00,0.389
2012-11-25 19:30:00,0.346
2012-11-25 20:00:00,0.537
2012-11-25 20:30:00,0.827
2012-11-25 21:00:00,0.778
2012-11-25 21:30:00,0.964
2012-11-25 22:00:00,0.837
2012-11-25 22:30:00,0.579
2012-11-25 23:00:00,0.716
2012-11-25 23:30:00,1.169
2012-11-26 00:00:00,1.1059999
2012-11-26 00:30:00,1.34
2012-11-26 01:00:00,0.77
2012-11-26 01:30:00,0.388
2012-11-26 02:00:00,0.271
2012-11-26 02:30:00,0.291
2012-11-26 03:00:00,0.227
2012-11-26 03:30:00,0.259
2012-11-26 04:00:00,0.259
2012-11-26 04:30:00,0.242
2012-11-26 05:00:00,0.295
2012-11-26 05:30:00,0.219
2012-11-26 06:00:00,0.273
2012-11-26 06:30:00,0.242
2012-11-26 07:00:00,0.328
2012-11-26 07:30:00,0.392
2012-11-26 08:00:00,0.463
2012-11-26 08:30:00,0.975
2012-11-26 09:00:00,0.697
2012-11-26 09:30:00,0.706
2012-11-26 10:00:00,1.446
2012-11-26 10:30:00,1.3839999
2012-11-26 11:00:00,0.88
2012-11-26 11:30:00,0.855
2012-11-26 12:00:00,0.79
2012-11-26 12:30:00,1.169
2012-11-26 13:00:00,1.91
2012-11-26 13:30:00,2.154
2012-11-26 14:00:00,2.398
2012-11-26 14:30:00,1.4960001
2012-11-26 15:00:00,1.5779999
2012-11-26 15:30:00,1.632
2012-11-26 16:00:00,1.341
2012-11-26 16:30:00,1.562
2012-11-26 17:00:00,1.5599999
2012-11-26 17:30:00,1.426
2012-11-26 18:00:00,0.979
2012-11-26 18:30:00,0.528
2012-11-26 19:00:00,0.418
2012-11-26 19:30:00,0.462
2012-11-26 20:00:00,0.568
2012-11-26 20:30:00,0.564
2012-11-26 21:00:00,0.407
2012-11-26 21:30:00,0.346
2012-11-26 22:00:00,0.454
2012-11-26 22:30:00,0.585
2012-11-26 23:00:00,0.577
2012-11-26 23:30:00,0.587
2012-11-27 00:00:00,0.488
2012-11-27 00:30:00,0.492
2012-11-27 01:00:00,0.387
2012-11-27 01:30:00,0.695
2012-11-27 02:00:00,0.723
2012-11-27 02:30:00,0.266
2012-11-27 03:00:00,0.325
2012-11-27 03:30:00,0.269
2012-11-27 04:00:00,0.222
2012-11-27 04:30:00,0.428
2012-11-27 05:00:00,0.551
2012-11-27 05:30:00,0.593
2012-11-27 06:00:00,0.283
2012-11-27 06:30:00,0.34
2012-11-27 07:00:00,0.257
2012-11-27 07:30:00,0.575
2012-11-27 08:00:00,0.679
2012-11-27 08:30:00,0.924
2012-11-27 09:00:00,1.006
2012-11-27 09:30:00,1.897
2012-11-27 10:00:00,1.48
2012-11-27 10:30:00,0.946
2012-11-27 11:00:00,1.063
2012-11-27 11:30:00,1.154
2012-11-27 12:00:00,1.074
2012-11-27 12:30:00,0.938
2012-11-27 13:00:00,0.91
2012-11-27 13:30:00,1.2869999
2012-11-27 14:00:00,0.89
2012-11-27 14:30:00,0.951
2012-11-27 15:00:00,1.164
2012-11-27 15:30:00,1.1059999
2012-11-27 16:00:00,1.043
2012-11-27 16:30:00,1.043
2012-11-27 17:00:00,0.529
2012-11-27 17:30:00,0.338
2012-11-27 18:00:00,0.256
2012-11-27 18:30:00,0.619
2012-11-27 19:00:00,0.651
2012-11-27 19:30:00,0.888
2012-11-27 20:00:00,0.762
2012-11-27 20:30:00,0.765
2012-11-27 21:00:00,1.026
2012-11-27 21:30:00,0.919
2012-11-27 22:00:00,0.912
2012-11-27 22:30:00,0.852
2012-11-27 23:00:00,0.96
2012-11-27 23:30:00,0.898
2012-11-28 00:00:00,0.885
2012-11-28 00:30:00,0.705
2012-11-28 01:00:00,0.374
2012-11-28 01:30:00,0.363
2012-11-28 02:00:00,0.499
2012-11-28 02:30:00,0.367
2012-11-28 03:00:00,0.337
2012-11-28 03:30:00,0.41
2012-11-28 04:00:00,0.168
2012-11-28 04:30:00,0.201
2012-11-28 05:00:00,0.179
2012-11-28 05:30:00,0.207
2012-11-28 06:00:00,0.26
2012-11-28 06:30:00,0.177
2012-11-28 07:00:00,1.474
2012-11-28 07:30:00,0.719
2012-11-28 08:00:00,0.734
2012-11-28 08:30:00,1.0880001
2012-11-28 09:00:00,0.851
2012-11-28 09:30:00,0.816
2012-11-28 10:00:00,0.747
2012-11-28 10:30:00,1.123
2012-11-28 11:00:00,0.644
2012-11-28 11:30:00,0.646
2012-11-28 12:00:00,1.075
2012-11-28 12:30:00,2.0669999
2012-11-28 13:00:00,1.423
2012-11-28 13:30:00,1.934
2012-11-28 14:00:00,2.0880001
2012-11-28 14:30:00,1.602
2012-11-28 15:00:00,1.5319999
2012-11-28 15:30:00,1.3430001
2012-11-28 16:00:00,1.347
2012-11-28 16:30:00,1.262
2012-11-28 17:00:00,1.1160001
2012-11-28 17:30:00,0.858
2012-11-28 18:00:00,0.732
2012-11-28 18:30:00,0.767
2012-11-28 19:00:00,0.763
2012-11-28 19:30:00,0.744
2012-11-28 20:00:00,0.869
2012-11-28 20:30:00,0.915
2012-11-28 21:00:00,0.876
2012-11-28 21:30:00,0.822
2012-11-28 22:00:00,1.0549999
2012-11-28 22:30:00,1.033
2012-11-28 23:00:00,0.869
2012-11-28 23:30:00,0.715
2012-11-29 00:00:00,0.609
2012-11-29 00:30:00,0.675
2012-11-29 01:00:00,0.695
2012-11-29 01:30:00,0.621
2012-11-29 02:00:00,0.654
2012-11-29 02:30:00,0.618
2012-11-29 03:00:00,0.256
2012-11-29 03:30:00,0.394
2012-11-29 04:00:00,0.64
2012-11-29 04:30:00,0.616
2012-11-29 05:00:00,0.361
2012-11-29 05:30:00,0.368
2012-11-29 06:00:00,0.427
2012-11-29 06:30:00,0.469
2012-11-29 07:00:00,0.355
2012-11-29 07:30:00,0.314
2012-11-29 08:00:00,1.092
2012-11-29 08:30:00,1.028
2012-11-29 09:00:00,1.296
2012-11-29 09:30:00,0.964
2012-11-29 10:00:00,1.074
2012-11-29 10:30:00,1.284
2012-11-29 11:00:00,0.926
2012-11-29 11:30:00,2.0929999
2012-11-29 12:00:00,2.23
2012-11-29 12:30:00,1.262
2012-11-29 13:00:00,1.1619999
2012-11-29 13:30:00,1.286
2012-11-29 14:00:00,1.207
2012-11-29 14:30:00,1.158
2012-11-29 15:00:00,1.114
2012-11-29 15:30:00,0.952
2012-11-29 16:00:00,0.778
2012-11-29 16:30:00,1.036
2012-11-29 17:00:00,1.2359999
2012-11-29 17:30:00,1.3329999
2012-11-29 18:00:00,1.1109999
2012-11-29 18:30:00,1.034
2012-11-29 19:00:00,1.094
2012-11-29 19:30:00,0.938
2012-11-29 20:00:00,0.933
2012-11-29 20:30:00,0.834
2012-11-29 21:00:00,0.736
2012-11-29 21:30:00,0.77
2012-11-29 22:00:00,0.817
2012-11-29 22:30:00,0.97
2012-11-29 23:00:00,0.752
2012-11-29 23:30:00,0.666
2012-11-30 00:00:00,0.64
2012-11-30 00:30:00,0.666
2012-11-30 01:00:00,0.68
2012-11-30 01:30:00,0.6
2012-11-30 02:00:00,0.656
2012-11-30 02:30:00,0.66
2012-11-30 03:00:00,0.395
2012-11-30 03:30:00,0.52
2012-11-30 04:00:00,0.624
2012-11-30 04:30:00,0.498
2012-11-30 05:00:00,0.342
2012-11-30 05:30:00,0.274
2012-11-30 06:00:00,0.449
2012-11-30 06:30:00,0.369
2012-11-30 07:00:00,0.402
2012-11-30 07:30:00,0.432
2012-11-30 08:00:00,0.799
2012-11-30 08:30:00,1.386
2012-11-30 09:00:00,1.225
2012-11-30 09:30:00,1.419
2012-11-30 10:00:00,0.967
2012-11-30 10:30:00,1.17
2012-11-30 11:00:00,1.405
2012-11-30 11:30:00,1.483
2012-11-30 12:00:00,1.505
2012-11-30 12:30:00,1.934
2012-11-30 13:00:00,1.324
2012-11-30 13:30:00,1.346
2012-11-30 14:00:00,1.48
2012-11-30 14:30:00,1.2180001
2012-11-30 15:00:00,1.137
2012-11-30 15:30:00,1.358
2012-11-30 16:00:00,1.506
2012-11-30 16:30:00,1.614
2012-11-30 17:00:00,1.393
2012-11-30 17:30:00,1.535
2012-11-30 18:00:00,1.528
2012-11-30 18:30:00,1.3150001
2012-11-30 19:00:00,1.163
2012-11-30 19:30:00,0.752
2012-11-30 20:00:00,0.714
2012-11-30 20:30:00,0.623
2012-11-30 21:00:00,0.72
2012-11-30 21:30:00,0.644
2012-11-30 22:00:00,0.625
2012-11-30 22:30:00,0.685
2012-11-30 23:00:00,0.691
2012-11-30 23:30:00,0.783
2012-12-01 00:00:00,0.543
2012-12-01 00:30:00,0.512
2012-12-01 01:00:00,0.434
2012-12-01 01:30:00,0.434
2012-12-01 02:00:00,0.492
2012-12-01 02:30:00,0.246
2012-12-01 03:00:00,0.215
2012-12-01 03:30:00,0.27
2012-12-01 04:00:00,0.228
2012-12-01 04:30:00,0.241
2012-12-01 05:00:00,0.45
2012-12-01 05:30:00,0.696
2012-12-01 06:00:00,0.259
2012-12-01 06:30:00,0.374
2012-12-01 07:00:00,0.475
2012-12-01 07:30:00,0.362
2012-12-01 08:00:00,0.517
2012-12-01 08:30:00,0.958
2012-12-01 09:00:00,1.387
2012-12-01 09:30:00,1.266
2012-12-01 10:00:00,0.941
2012-12-01 10:30:00,3.3280001
2012-12-01 11:00:00,3.743
2012-12-01 11:30:00,3.6199999
2012-12-01 12:00:00,4.2010002
2012-12-01 12:30:00,4.4650002
2012-12-01 13:00:00,3.8759999
2012-12-01 13:30:00,3.5420001
2012-12-01 14:00:00,2.71
2012-12-01 14:30:00,3.6860001
2012-12-01 15:00:00,1.73
2012-12-01 15:30:00,1.064
2012-12-01 16:00:00,1.169
2012-12-01 16:30:00,1.103
2012-12-01 17:00:00,1.35
2012-12-01 17:30:00,1.0319999
2012-12-01 18:00:00,0.916
2012-12-01 18:30:00,1.2589999
2012-12-01 19:00:00,2.22
2012-12-01 19:30:00,2.1400001
2012-12-01 20:00:00,2.145
2012-12-01 20:30:00,2.322
2012-12-01 21:00:00,2.1700001
2012-12-01 21:30:00,2.0
2012-12-01 22:00:00,1.9299999
2012-12-01 22:30:00,2.0239999
2012-12-01 23:00:00,1.97
2012-12-01 23:30:00,1.9069999
2012-12-02 00:00:00,2.131
2012-12-02 00:30:00,1.962
2012-12-02 01:00:00,1.966
2012-12-02 01:30:00,2.095
2012-12-02 02:00:00,1.913
2012-12-02 02:30:00,2.0
2012-12-02 03:00:00,2.0599999
2012-12-02 03:30:00,1.901
2012-12-02 04:00:00,1.831
2012-12-02 04:30:00,1.76
2012-12-02 05:00:00,1.793
2012-12-02 05:30:00,1.8890001
2012-12-02 06:00:00,1.987
2012-12-02 06:30:00,2.003
2012-12-02 07:00:00,1.956
2012-12-02 07:30:00,2.043
2012-12-02 08:00:00,2.0810001
2012-12-02 08:30:00,2.0539999
2012-12-02 09:00:00,1.897
2012-12-02 09:30:00,2.6700001
2012-12-02 10:00:00,2.638
2012-12-02 10:30:00,2.849
2012-12-02 11:00:00,2.756
2012-12-02 11:30:00,2.7650001
2012-12-02 12:00:00,2.6040001
2012-12-02 12:30:00,3.506
2012-12-02 13:00:00,3.474
2012-12-02 13:30:00,2.7809999
2012-12-02 14:00:00,2.3329999
2012-12-02 14:30:00,2.1429999
2012-12-02 15:00:00,2.1359999
2012-12-02 15:30:00,0.596
2012-12-02 16:00:00,1.387
2012-12-02 16:30:00,1.604
2012-12-02 17:00:00,1.37
2012-12-02 17:30:00,1.401
2012-12-02 18:00:00,1.426
2012-12-02 18:30:00,2.4549999
2012-12-02 19:00:00,2.3570001
2012-12-02 19:30:00,3.822
2012-12-02 20:00:00,2.6110001
2012-12-02 20:30:00,2.747
2012-12-02 21:00:00,2.4760001
2012-12-02 21:30:00,2.3929999
2012-12-02 22:00:00,2.28
2012-12-02 22:30:00,2.2320001
2012-12-02 23:00:00,2.4289999
2012-12-02 23:30:00,2.059
2012-12-03 00:00:00,2.1240001
2012-12-03 00:30:00,1.908
2012-12-03 01:00:00,2.0079999
2012-12-03 01:30:00,1.789
2012-12-03 02:00:00,1.8789999
2012-12-03 02:30:00,1.902
2012-12-03 03:00:00,1.584
2012-12-03 03:30:00,1.653
2012-12-03 04:00:00,1.605
2012-12-03 04:30:00,1.638
2012-12-03 05:00:00,1.6720001
2012-12-03 05:30:00,1.596
2012-12-03 06:00:00,1.622
2012-12-03 06:30:00,1.699
2012-12-03 07:00:00,2.158
2012-12-03 07:30:00,1.909
2012-12-03 08:00:00,1.9680001
2012-12-03 08:30:00,1.943
2012-12-03 09:00:00,2.2750001
2012-12-03 09:30:00,2.223
2012-12-03 10:00:00,3.0569999
2012-12-03 10:30:00,3.5450001
2012-12-03 11:00:00,3.507
2012-12-03 11:30:00,3.6229999
2012-12-03 12:00:00,3.6619999
2012-12-03 12:30:00,3.7550001
2012-12-03 13:00:00,3.878
2012-12-03 13:30:00,3.628
2012-12-03 14:00:00,3.2550001
2012-12-03 14:30:00,3.448
2012-12-03 15:00:00,3.6340001
2012-12-03 15:30:00,3.796
2012-12-03 16:00:00,3.4260001
2012-12-03 16:30:00,3.3699999
2012-12-03 17:00:00,3.266
2012-12-03 17:30:00,1.882
2012-12-03 18:00:00,1.212
2012-12-03 18:30:00,1.164
2012-12-03 19:00:00,1.2079999
2012-12-03 19:30:00,1.234
2012-12-03 20:00:00,1.175
2012-12-03 20:30:00,1.1339999
2012-12-03 21:00:00,1.1849999
2012-12-03 21:30:00,1.308
2012-12-03 22:00:00,1.228
2012-12-03 22:30:00,1.248
2012-12-03 23:00:00,1.198
2012-12-03 23:30:00,0.974
2012-12-04 00:00:00,1.0549999
2012-12-04 00:30:00,1.1440001
2012-12-04 01:00:00,1.079
2012-12-04 01:30:00,0.957
2012-12-04 02:00:00,0.915
2012-12-04 02:30:00,1.057
2012-12-04 03:00:00,0.928
2012-12-04 03:30:00,0.897
2012-12-04 04:00:00,1.372
2012-12-04 04:30:00,1.214
2012-12-04 05:00:00,0.891
2012-12-04 05:30:00,1.119
2012-12-04 06:00:00,0.892
2012-12-04 06:30:00,0.888
2012-12-04 07:00:00,1.092
2012-12-04 07:30:00,1.159
2012-12-04 08:00:00,1.313
2012-12-04 08:30:00,2.2219999
2012-12-04 09:00:00,3.359
2012-12-04 09:30:00,3.3829999
2012-12-04 10:00:00,3.46
2012-12-04 10:30:00,4.007
2012-12-04 11:00:00,3.875
2012-12-04 11:30:00,3.7520001
2012-12-04 12:00:00,5.4289999
2012-12-04 12:30:00,4.8520002
2012-12-04 13:00:00,3.9809999
2012-12-04 13:30:00,3.9230001
2012-12-04 14:00:00,2.9000001
2012-12-04 14:30:00,2.911
2012-12-04 15:00:00,3.1240001
2012-12-04 15:30:00,2.7479999
2012-12-04 16:00:00,2.1210001
2012-12-04 16:30:00,2.073
2012-12-04 17:00:00,2.0710001
2012-12-04 17:30:00,2.4419999
2012-12-04 18:00:00,2.198
2012-12-04 18:30:00,2.747
2012-12-04 19:00:00,2.533
2012-12-04 19:30:00,2.155
2012-12-04 20:00:00,2.0420001
2012-12-04 20:30:00,2.085
2012-12-04 21:00:00,2.0710001
2012-12-04 21:30:00,2.043
2012-12-04 22:00:00,2.0039999
2012-12-04 22:30:00,2.0910001
2012-12-04 23:00:00,2.1630001
2012-12-04 23:30:00,2.2650001
2012-12-05 00:00:00,2.302
2012-12-05 00:30:00,2.072
2012-12-05 01:00:00,2.075
2012-12-05 01:30:00,1.822
2012-12-05 02:00:00,1.893
2012-12-05 02:30:00,1.9529999
2012-12-05 03:00:00,1.967
2012-12-05 03:30:00,1.832
2012-12-05 04:00:00,1.847
2012-12-05 04:30:00,1.7690001
2012-12-05 05:00:00,1.913
2012-12-05 05:30:00,1.73
2012-12-05 06:00:00,1.902
2012-12-05 06:30:00,1.969
2012-12-05 07:00:00,1.906
2012-12-05 07:30:00,1.9119999
2012-12-05 08:00:00,1.998
2012-12-05 08:30:00,3.0009999
2012-12-05 09:00:00,3.1429999
2012-12-05 09:30:00,1.54
2012-12-05 10:00:00,2.4330001
2012-12-05 10:30:00,2.526
2012-12-05 11:00:00,2.681
2012-12-05 11:30:00,2.9579999
2012-12-05 12:00:00,3.967
2012-12-05 12:30:00,3.9920001
2012-12-05 13:00:00,3.8399999
2012-12-05 13:30:00,4.1199999
2012-12-05 14:00:00,4.0580001
2012-12-05 14:30:00,4.4390001
2012-12-05 15:00:00,4.527
2012-12-05 15:30:00,3.3380001
2012-12-05 16:00:00,3.665
2012-12-05 16:30:00,1.529
2012-12-05 17:00:00,0.79
2012-12-05 17:30:00,0.739
2012-12-05 18:00:00,0.757
2012-12-05 18:30:00,0.961
2012-12-05 19:00:00,0.842
2012-12-05 19:30:00,0.907
2012-12-05 20:00:00,0.858
2012-12-05 20:30:00,0.907
2012-12-05 21:00:00,0.808
2012-12-05 21:30:00,0.844
2012-12-05 22:00:00,0.785
2012-12-05 22:30:00,0.791
2012-12-05 23:00:00,0.699
2012-12-05 23:30:00,0.688
2012-12-06 00:00:00,0.702
2012-12-06 00:30:00,0.665
2012-12-06 01:00:00,0.284
2012-12-06 01:30:00,0.528
2012-12-06 02:00:00,0.476
2012-12-06 02:30:00,0.581
2012-12-06 03:00:00,0.392
2012-12-06 03:30:00,0.349
2012-12-06 04:00:00,0.435
2012-12-06 04:30:00,0.219
2012-12-06 05:00:00,0.289
2012-12-06 05:30:00,0.245
2012-12-06 06:00:00,0.216
2012-12-06 06:30:00,0.247
2012-12-06 07:00:00,0.198
2012-12-06 07:30:00,0.236
2012-12-06 08:00:00,0.385
2012-12-06 08:30:00,2.9289999
2012-12-06 09:00:00,3.668
2012-12-06 09:30:00,3.411
2012-12-06 10:00:00,3.5320001
2012-12-06 10:30:00,3.6760001
2012-12-06 11:00:00,2.4089999
2012-12-06 11:30:00,2.2509999
2012-12-06 12:00:00,2.2809999
2012-12-06 12:30:00,2.263
2012-12-06 13:00:00,3.915
2012-12-06 13:30:00,3.293
2012-12-06 14:00:00,2.3369999
2012-12-06 14:30:00,1.897
2012-12-06 15:00:00,1.3150001
2012-12-06 15:30:00,1.495
2012-12-06 16:00:00,1.916
2012-12-06 16:30:00,1.841
2012-12-06 17:00:00,1.712
2012-12-06 17:30:00,0.99
2012-12-06 18:00:00,0.797
2012-12-06 18:30:00,0.788
2012-12-06 19:00:00,0.82
2012-12-06 19:30:00,2.562
2012-12-06 20:00:00,1.725
2012-12-06 20:30:00,0.919
2012-12-06 21:00:00,0.747
2012-12-06 21:30:00,0.742
2012-12-06 22:00:00,0.774
2012-12-06 22:30:00,0.715
2012-12-06 23:00:00,0.428
2012-12-06 23:30:00,0.422
2012-12-07 00:00:00,0.699
2012-12-07 00:30:00,0.679
2012-12-07 01:00:00,0.644
2012-12-07 01:30:00,0.836
2012-12-07 02:00:00,0.872
2012-12-07 02:30:00,0.406
2012-12-07 03:00:00,0.127
2012-12-07 03:30:00,0.126
2012-12-07 04:00:00,0.2
2012-12-07 04:30:00,0.112
2012-12-07 05:00:00,0.207
2012-12-07 05:30:00,0.306
2012-12-07 06:00:00,0.17
2012-12-07 06:30:00,0.121
2012-12-07 07:00:00,0.405
2012-12-07 07:30:00,0.35
2012-12-07 08:00:00,0.356
2012-12-07 08:30:00,1.076
2012-12-07 09:00:00,1.493
2012-12-07 09:30:00,1.202
2012-12-07 10:00:00,1.331
2012-12-07 10:30:00,1.224
2012-12-07 11:00:00,1.576
2012-12-07 11:30:00,1.265
2012-12-07 12:00:00,0.729
2012-12-07 12:30:00,1.1109999
2012-12-07 13:00:00,0.888
2012-12-07 13:30:00,0.972
2012-12-07 14:00:00,0.814
2012-12-07 14:30:00,1.016
2012-12-07 15:00:00,0.718
2012-12-07 15:30:00,0.769
2012-12-07 16:00:00,1.104
2012-12-07 16:30:00,1.1289999
2012-12-07 17:00:00,1.1210001
2012-12-07 17:30:00,1.056
2012-12-07 18:00:00,1.064
2012-12-07 18:30:00,0.98
2012-12-07 19:00:00,0.711
2012-12-07 19:30:00,0.812
2012-12-07 20:00:00,0.959
2012-12-07 20:30:00,0.769
2012-12-07 21:00:00,0.814
2012-12-07 21:30:00,0.712
2012-12-07 22:00:00,0.715
2012-12-07 22:30:00,0.783
2012-12-07 23:00:00,0.468
2012-12-07 23:30:00,0.568
2012-12-08 00:00:00,0.49
2012-12-08 00:30:00,0.469
2012-12-08 01:00:00,0.288
2012-12-08 01:30:00,0.442
2012-12-08 02:00:00,0.35
2012-12-08 02:30:00,0.293
2012-12-08 03:00:00,0.392
2012-12-08 03:30:00,0.715
2012-12-08 04:00:00,0.746
2012-12-08 04:30:00,0.518
2012-12-08 05:00:00,0.591
2012-12-08 05:30:00,0.549
2012-12-08 06:00:00,0.531
2012-12-08 06:30:00,0.644
2012-12-08 07:00:00,0.462
2012-12-08 07:30:00,0.359
2012-12-08 08:00:00,0.338
2012-12-08 08:30:00,1.886
2012-12-08 09:00:00,2.756
2012-12-08 09:30:00,2.6289999
2012-12-08 10:00:00,2.7460001
2012-12-08 10:30:00,2.8410001
2012-12-08 11:00:00,1.171
2012-12-08 11:30:00,0.573
2012-12-08 12:00:00,0.998
2012-12-08 12:30:00,0.948
2012-12-08 13:00:00,2.7839999
2012-12-08 13:30:00,3.345
2012-12-08 14:00:00,3.595
2012-12-08 14:30:00,3.6830001
2012-12-08 15:00:00,3.2850001
2012-12-08 15:30:00,3.3610001
2012-12-08 16:00:00,3.444
2012-12-08 16:30:00,3.2509999
2012-12-08 17:00:00,1.081
2012-12-08 17:30:00,0.535
2012-12-08 18:00:00,0.663
2012-12-08 18:30:00,0.569
2012-12-08 19:00:00,0.47
2012-12-08 19:30:00,0.283
2012-12-08 20:00:00,0.395
2012-12-08 20:30:00,0.582
2012-12-08 21:00:00,0.65
2012-12-08 21:30:00,0.606
2012-12-08 22:00:00,0.638
2012-12-08 22:30:00,0.582
2012-12-08 23:00:00,0.635
2012-12-08 23:30:00,0.606
2012-12-09 00:00:00,0.646
2012-12-09 00:30:00,0.579
2012-12-09 01:00:00,0.584
2012-12-09 01:30:00,0.654
2012-12-09 02:00:00,0.622
2012-12-09 02:30:00,0.643
2012-12-09 03:00:00,0.646
2012-12-09 03:30:00,0.633
2012-12-09 04:00:00,0.603
2012-12-09 04:30:00,0.545
2012-12-09 05:00:00,0.574
2012-12-09 05:30:00,0.611
2012-12-09 06:00:00,0.599
2012-12-09 06:30:00,0.597
2012-12-09 07:00:00,0.643
2012-12-09 07:30:00,0.555
2012-12-09 08:00:00,0.556
2012-12-09 08:30:00,0.632
2012-12-09 09:00:00,2.8829999
2012-12-09 09:30:00,3.563
2012-12-09 10:00:00,3.3989999
2012-12-09 10:30:00,3.428
2012-12-09 11:00:00,3.3729999
2012-12-09 11:30:00,3.3310001
2012-12-09 12:00:00,3.368
2012-12-09 12:30:00,3.5639999
2012-12-09 13:00:00,3.5510001
2012-12-09 13:30:00,4.2080002
2012-12-09 14:00:00,3.9489999
2012-12-09 14:30:00,3.187
2012-12-09 15:00:00,1.706
2012-12-09 15:30:00,0.659
2012-12-09 16:00:00,0.591
2012-12-09 16:30:00,0.281
2012-12-09 17:00:00,0.195
2012-12-09 17:30:00,0.354
2012-12-09 18:00:00,0.216
2012-12-09 18:30:00,0.225
2012-12-09 19:00:00,0.297
2012-12-09 19:30:00,0.217
2012-12-09 20:00:00,0.228
2012-12-09 20:30:00,0.333
2012-12-09 21:00:00,0.212
2012-12-09 21:30:00,0.165
2012-12-09 22:00:00,0.366
2012-12-09 22:30:00,0.206
2012-12-09 23:00:00,0.309
2012-12-09 23:30:00,0.428
2012-12-10 00:00:00,0.695
2012-12-10 00:30:00,0.739
2012-12-10 01:00:00,0.695
2012-12-10 01:30:00,0.753
2012-12-10 02:00:00,0.635
2012-12-10 02:30:00,0.22
2012-12-10 03:00:00,0.41
2012-12-10 03:30:00,0.177
2012-12-10 04:00:00,0.371
2012-12-10 04:30:00,0.274
2012-12-10 05:00:00,0.358
2012-12-10 05:30:00,0.273
2012-12-10 06:00:00,0.289
2012-12-10 06:30:00,0.384
2012-12-10 07:00:00,0.193
2012-12-10 07:30:00,0.879
2012-12-10 08:00:00,3.1559999
2012-12-10 08:30:00,3.605
2012-12-10 09:00:00,3.434
2012-12-10 09:30:00,3.382
2012-12-10 10:00:00,2.9000001
2012-12-10 10:30:00,1.892
2012-12-10 11:00:00,0.85
2012-12-10 11:30:00,0.665
2012-12-10 12:00:00,0.762
2012-12-10 12:30:00,0.841
2012-12-10 13:00:00,0.647
2012-12-10 13:30:00,0.794
2012-12-10 14:00:00,0.647
2012-12-10 14:30:00,1.714
2012-12-10 15:00:00,3.165
2012-12-10 15:30:00,2.335
2012-12-10 16:00:00,1.643
2012-12-10 16:30:00,1.298
2012-12-10 17:00:00,0.895
2012-12-10 17:30:00,0.725
2012-12-10 18:00:00,0.699
2012-12-10 18:30:00,0.753
2012-12-10 19:00:00,0.724
2012-12-10 19:30:00,0.729
2012-12-10 20:00:00,0.701
2012-12-10 20:30:00,0.566
2012-12-10 21:00:00,0.384
2012-12-10 21:30:00,0.656
2012-12-10 22:00:00,0.642
2012-12-10 22:30:00,0.67
2012-12-10 23:00:00,0.217
2012-12-10 23:30:00,0.31
2012-12-11 00:00:00,0.259
2012-12-11 00:30:00,0.286
2012-12-11 01:00:00,0.224
2012-12-11 01:30:00,0.264
2012-12-11 02:00:00,0.294
2012-12-11 02:30:00,0.228
2012-12-11 03:00:00,0.289
2012-12-11 03:30:00,0.323
2012-12-11 04:00:00,0.298
2012-12-11 04:30:00,0.269
2012-12-11 05:00:00,0.252
2012-12-11 05:30:00,0.4
2012-12-11 06:00:00,0.262
2012-12-11 06:30:00,0.23
2012-12-11 07:00:00,0.258
2012-12-11 07:30:00,0.462
2012-12-11 08:00:00,0.49
2012-12-11 08:30:00,1.1390001
2012-12-11 09:00:00,2.326
2012-12-11 09:30:00,2.2149999
2012-12-11 10:00:00,2.1270001
2012-12-11 10:30:00,2.6730001
2012-12-11 11:00:00,2.335
2012-12-11 11:30:00,2.8199999
2012-12-11 12:00:00,2.766
2012-12-11 12:30:00,2.6400001
2012-12-11 13:00:00,2.8659999
2012-12-11 13:30:00,2.8399999
2012-12-11 14:00:00,2.7
2012-12-11 14:30:00,2.2490001
2012-12-11 15:00:00,1.962
2012-12-11 15:30:00,2.092
2012-12-11 16:00:00,2.0599999
2012-12-11 16:30:00,2.2460001
2012-12-11 17:00:00,2.2149999
2012-12-11 17:30:00,2.4170001
2012-12-11 18:00:00,2.401
2012-12-11 18:30:00,1.993
2012-12-11 19:00:00,0.842
2012-12-11 19:30:00,0.743
2012-12-11 20:00:00,0.741
2012-12-11 20:30:00,0.954
2012-12-11 21:00:00,1.189
2012-12-11 21:30:00,1.206
2012-12-11 22:00:00,0.989
2012-12-11 22:30:00,0.865
2012-12-11 23:00:00,0.85
2012-12-11 23:30:00,1.04
2012-12-12 00:00:00,0.943
2012-12-12 00:30:00,0.983
2012-12-12 01:00:00,0.805
2012-12-12 01:30:00,0.738
2012-12-12 02:00:00,0.724
2012-12-12 02:30:00,0.815
2012-12-12 03:00:00,0.379
2012-12-12 03:30:00,0.342
2012-12-12 04:00:00,0.462
2012-12-12 04:30:00,0.514
2012-12-12 05:00:00,0.366
2012-12-12 05:30:00,0.393
2012-12-12 06:00:00,0.328
2012-12-12 06:30:00,0.353
2012-12-12 07:00:00,0.347
2012-12-12 07:30:00,0.327
2012-12-12 08:00:00,1.0140001
2012-12-12 08:30:00,2.5669999
2012-12-12 09:00:00,3.086
2012-12-12 09:30:00,3.8829999
2012-12-12 10:00:00,2.9790001
2012-12-12 10:30:00,3.3610001
2012-12-12 11:00:00,3.1559999
2012-12-12 11:30:00,3.1240001
2012-12-12 12:00:00,6.4780002
2012-12-12 12:30:00,5.941
2012-12-12 13:00:00,5.8010001
2012-12-12 13:30:00,6.0970001
2012-12-12 14:00:00,5.7680001
2012-12-12 14:30:00,6.289
2012-12-12 15:00:00,6.5349998
2012-12-12 15:30:00,6.0289998
2012-12-12 16:00:00,5.908
2012-12-12 16:30:00,5.1090002
2012-12-12 17:00:00,5.9320002
2012-12-12 17:30:00,5.8629999
2012-12-12 18:00:00,5.697
2012-12-12 18:30:00,5.5689998
2012-12-12 19:00:00,3.4590001
2012-12-12 19:30:00,3.543
2012-12-12 20:00:00,2.7409999
2012-12-12 20:30:00,2.806
2012-12-12 21:00:00,3.2260001
2012-12-12 21:30:00,2.1259999
2012-12-12 22:00:00,1.9119999
2012-12-12 22:30:00,1.948
2012-12-12 23:00:00,2.0139999
2012-12-12 23:30:00,1.99
2012-12-13 00:00:00,1.955
2012-12-13 00:30:00,1.7970001
2012-12-13 01:00:00,1.551
2012-12-13 01:30:00,1.325
2012-12-13 02:00:00,1.2819999
2012-12-13 02:30:00,1.325
2012-12-13 03:00:00,1.321
2012-12-13 03:30:00,1.283
2012-12-13 04:00:00,1.392
2012-12-13 04:30:00,1.2690001
2012-12-13 05:00:00,1.263
2012-12-13 05:30:00,1.307
2012-12-13 06:00:00,1.295
2012-12-13 06:30:00,1.386
2012-12-13 07:00:00,1.669
2012-12-13 07:30:00,1.7819999
2012-12-13 08:00:00,1.835
2012-12-13 08:30:00,4.8410001
2012-12-13 09:00:00,5.5279999
2012-12-13 09:30:00,6.487
2012-12-13 10:00:00,6.2950001
2012-12-13 10:30:00,5.1890001
2012-12-13 11:00:00,5.0240002
2012-12-13 11:30:00,6.395
2012-12-13 12:00:00,6.0539999
2012-12-13 12:30:00,5.8569999
2012-12-13 13:00:00,5.204
2012-12-13 13:30:00,5.5760002
2012-12-13 14:00:00,7.1290002
2012-12-13 14:30:00,7.026
2012-12-13 15:00:00,6.006
2012-12-13 15:30:00,6.0799999
2012-12-13 16:00:00,7.1950002
2012-12-13 16:30:00,7.2540002
2012-12-13 17:00:00,6.5970001
2012-12-13 17:30:00,5.7789998
2012-12-13 18:00:00,5.8839998
2012-12-13 18:30:00,4.178
2012-12-13 19:00:00,1.598
2012-12-13 19:30:00,2.428
2012-12-13 20:00:00,1.535
2012-12-13 20:30:00,1.286
2012-12-13 21:00:00,0.99
2012-12-13 21:30:00,0.849
2012-12-13 22:00:00,0.804
2012-12-13 22:30:00,0.795
2012-12-13 23:00:00,0.848
2012-12-13 23:30:00,1.12
2012-12-14 00:00:00,1.053
2012-12-14 00:30:00,1.137
2012-12-14 01:00:00,0.309
2012-12-14 01:30:00,0.309
2012-12-14 02:00:00,0.23
2012-12-14 02:30:00,0.257
2012-12-14 03:00:00,0.262
2012-12-14 03:30:00,0.248
2012-12-14 04:00:00,0.204
2012-12-14 04:30:00,0.274
2012-12-14 05:00:00,0.347
2012-12-14 05:30:00,0.43
2012-12-14 06:00:00,0.381
2012-12-14 06:30:00,0.25
2012-12-14 07:00:00,0.283
2012-12-14 07:30:00,0.315
2012-12-14 08:00:00,0.336
2012-12-14 08:30:00,0.406
2012-12-14 09:00:00,2.961
2012-12-14 09:30:00,4.7540002
2012-12-14 10:00:00,4.5890002
2012-12-14 10:30:00,4.8239999
2012-12-14 11:00:00,5.2010002
2012-12-14 11:30:00,5.1370001
2012-12-14 12:00:00,5.027
2012-12-14 12:30:00,4.566
2012-12-14 13:00:00,5.5479999
2012-12-14 13:30:00,6.1350002
2012-12-14 14:00:00,5.2620001
2012-12-14 14:30:00,5.0879998
2012-12-14 15:00:00,5.112
2012-12-14 15:30:00,4.2639999
2012-12-14 16:00:00,4.0170002
2012-12-14 16:30:00,3.5669999
2012-12-14 17:00:00,3.8069999
2012-12-14 17:30:00,5.4320002
2012-12-14 18:00:00,3.661
2012-12-14 18:30:00,3.0139999
2012-12-14 19:00:00,2.7349999
2012-12-14 19:30:00,2.2490001
2012-12-14 20:00:00,2.5009999
2012-12-14 20:30:00,2.6789999
2012-12-14 21:00:00,2.4960001
2012-12-14 21:30:00,2.296
2012-12-14 22:00:00,2.5280001
2012-12-14 22:30:00,2.4849999
2012-12-14 23:00:00,3.4909999
2012-12-14 23:30:00,2.418
2012-12-15 00:00:00,2.0220001
2012-12-15 00:30:00,2.645
2012-12-15 01:00:00,1.794
2012-12-15 01:30:00,1.618
2012-12-15 02:00:00,1.71
2012-12-15 02:30:00,1.701
2012-12-15 03:00:00,1.3839999
2012-12-15 03:30:00,1.5549999
2012-12-15 04:00:00,1.442
2012-12-15 04:30:00,1.472
2012-12-15 05:00:00,1.272
2012-12-15 05:30:00,1.9349999
2012-12-15 06:00:00,1.892
2012-12-15 06:30:00,1.931
2012-12-15 07:00:00,2.0940001
2012-12-15 07:30:00,1.994
2012-12-15 08:00:00,1.8789999
2012-12-15 08:30:00,1.954
2012-12-15 09:00:00,1.941
2012-12-15 09:30:00,2.526
2012-12-15 10:00:00,3.1960001
2012-12-15 10:30:00,3.283
2012-12-15 11:00:00,3.7049999
2012-12-15 11:30:00,5.3010001
2012-12-15 12:00:00,6.2709999
2012-12-15 12:30:00,5.6989999
2012-12-15 13:00:00,5.25
2012-12-15 13:30:00,3.2839999
2012-12-15 14:00:00,2.813
2012-12-15 14:30:00,2.9519999
2012-12-15 15:00:00,2.4419999
2012-12-15 15:30:00,2.26
2012-12-15 16:00:00,2.4330001
2012-12-15 16:30:00,1.999
2012-12-15 17:00:00,2.1359999
2012-12-15 17:30:00,2.0940001
2012-12-15 18:00:00,1.983
2012-12-15 18:30:00,2.098
2012-12-15 19:00:00,3.4790001
2012-12-15 19:30:00,3.4230001
2012-12-15 20:00:00,2.2409999
2012-12-15 20:30:00,2.198
2012-12-15 21:00:00,1.932
2012-12-15 21:30:00,1.999
2012-12-15 22:00:00,1.9910001
2012-12-15 22:30:00,1.962
2012-12-15 23:00:00,1.825
2012-12-15 23:30:00,2.171
2012-12-16 00:00:00,2.135
2012-12-16 00:30:00,2.316
2012-12-16 01:00:00,1.9400001
2012-12-16 01:30:00,2.013
2012-12-16 02:00:00,1.824
2012-12-16 02:30:00,1.847
2012-12-16 03:00:00,1.296
2012-12-16 03:30:00,1.501
2012-12-16 04:00:00,1.294
2012-12-16 04:30:00,1.477
2012-12-16 05:00:00,1.329
2012-12-16 05:30:00,1.551
2012-12-16 06:00:00,1.3559999
2012-12-16 06:30:00,1.558
2012-12-16 07:00:00,1.197
2012-12-16 07:30:00,1.421
2012-12-16 08:00:00,1.206
2012-12-16 08:30:00,1.5880001
2012-12-16 09:00:00,2.0450001
2012-12-16 09:30:00,2.602
2012-12-16 10:00:00,2.2739999
2012-12-16 10:30:00,3.8789999
2012-12-16 11:00:00,3.007
2012-12-16 11:30:00,3.214
2012-12-16 12:00:00,3.027
2012-12-16 12:30:00,3.0610001
2012-12-16 13:00:00,1.913
2012-12-16 13:30:00,3.694
2012-12-16 14:00:00,2.7279999
2012-12-16 14:30:00,3.402
2012-12-16 15:00:00,1.724
2012-12-16 15:30:00,1.533
2012-12-16 16:00:00,1.155
2012-12-16 16:30:00,1.919
2012-12-16 17:00:00,1.225
2012-12-16 17:30:00,1.586
2012-12-16 18:00:00,1.321
2012-12-16 18:30:00,1.574
2012-12-16 19:00:00,1.37
2012-12-16 19:30:00,1.892
2012-12-16 20:00:00,1.831
2012-12-16 20:30:00,2.6129999
2012-12-16 21:00:00,2.046
2012-12-16 21:30:00,2.369
2012-12-16 22:00:00,1.952
2012-12-16 22:30:00,2.2679999
2012-12-16 23:00:00,1.955
2012-12-16 23:30:00,2.2119999
2012-12-17 00:00:00,1.766
2012-12-17 00:30:00,1.8890001
2012-12-17 01:00:00,1.244
2012-12-17 01:30:00,1.363
2012-12-17 02:00:00,1.091
2012-12-17 02:30:00,1.374
2012-12-17 03:00:00,1.0470001
2012-12-17 03:30:00,1.362
2012-12-17 04:00:00,0.996
2012-12-17 04:30:00,1.382
2012-12-17 05:00:00,1.02
2012-12-17 05:30:00,1.383
2012-12-17 06:00:00,1.034
2012-12-17 06:30:00,1.3940001
2012-12-17 07:00:00,1.177
2012-12-17 07:30:00,1.584
2012-12-17 08:00:00,1.5
2012-12-17 08:30:00,2.3759999
2012-12-17 09:00:00,1.7640001
2012-12-17 09:30:00,2.0840001
2012-12-17 10:00:00,1.7640001
2012-12-17 10:30:00,2.4430001
2012-12-17 11:00:00,2.589
2012-12-17 11:30:00,1.91
2012-12-17 12:00:00,1.189
2012-12-17 12:30:00,2.2190001
2012-12-17 13:00:00,3.279
2012-12-17 13:30:00,3.194
2012-12-17 14:00:00,2.378
2012-12-17 14:30:00,2.0239999
2012-12-17 15:00:00,1.626
2012-12-17 15:30:00,1.9680001
2012-12-17 16:00:00,1.584
2012-12-17 16:30:00,2.3889999
2012-12-17 17:00:00,2.2420001
2012-12-17 17:30:00,3.987
2012-12-17 18:00:00,3.1600001
2012-12-17 18:30:00,2.369
2012-12-17 19:00:00,1.902
2012-12-17 19:30:00,2.5669999
2012-12-17 20:00:00,3.302
2012-12-17 20:30:00,2.7679999
2012-12-17 21:00:00,1.464
2012-12-17 21:30:00,3.54
2012-12-17 22:00:00,2.687
2012-12-17 22:30:00,2.0409999
2012-12-17 23:00:00,1.245
2012-12-17 23:30:00,1.744
2012-12-18 00:00:00,1.321
2012-12-18 00:30:00,2.539
2012-12-18 01:00:00,2.7179999
2012-12-18 01:30:00,1.821
2012-12-18 02:00:00,1.452
2012-12-18 02:30:00,1.846
2012-12-18 03:00:00,1.574
2012-12-18 03:30:00,1.7460001
2012-12-18 04:00:00,1.41
2012-12-18 04:30:00,1.784
2012-12-18 05:00:00,1.5140001
2012-12-18 05:30:00,1.668
2012-12-18 06:00:00,1.3940001
2012-12-18 06:30:00,1.492
2012-12-18 07:00:00,1.314
2012-12-18 07:30:00,1.5779999
2012-12-18 08:00:00,1.411
2012-12-18 08:30:00,1.865
2012-12-18 09:00:00,1.418
2012-12-18 09:30:00,1.66
2012-12-18 10:00:00,2.303
2012-12-18 10:30:00,2.819
2012-12-18 11:00:00,2.369
2012-12-18 11:30:00,3.0009999
2012-12-18 12:00:00,3.125
2012-12-18 12:30:00,3.332
2012-12-18 13:00:00,3.4119999
2012-12-18 13:30:00,4.619
2012-12-18 14:00:00,4.145
2012-12-18 14:30:00,3.7950001
2012-12-18 15:00:00,3.194
2012-12-18 15:30:00,3.5109999
2012-12-18 16:00:00,2.4649999
2012-12-18 16:30:00,3.3770001
2012-12-18 17:00:00,2.444
2012-12-18 17:30:00,2.2290001
2012-12-18 18:00:00,1.199
2012-12-18 18:30:00,1.329
2012-12-18 19:00:00,0.938
2012-12-18 19:30:00,1.316
2012-12-18 20:00:00,0.952
2012-12-18 20:30:00,1.4529999
2012-12-18 21:00:00,0.836
2012-12-18 21:30:00,1.302
2012-12-18 22:00:00,0.896
2012-12-18 22:30:00,1.27
2012-12-18 23:00:00,0.913
2012-12-18 23:30:00,1.477
2012-12-19 00:00:00,1.3150001
2012-12-19 00:30:00,1.682
2012-12-19 01:00:00,0.963
2012-12-19 01:30:00,1.569
2012-12-19 02:00:00,1.3710001
2012-12-19 02:30:00,1.8200001
2012-12-19 03:00:00,1.274
2012-12-19 03:30:00,1.448
2012-12-19 04:00:00,0.867
2012-12-19 04:30:00,1.331
2012-12-19 05:00:00,0.893
2012-12-19 05:30:00,1.326
2012-12-19 06:00:00,0.886
2012-12-19 06:30:00,1.307
2012-12-19 07:00:00,1.0319999
2012-12-19 07:30:00,1.5
2012-12-19 08:00:00,1.286
2012-12-19 08:30:00,2.4130001
2012-12-19 09:00:00,2.95
2012-12-19 09:30:00,2.5869999
2012-12-19 10:00:00,2.029
2012-12-19 10:30:00,3.2320001
2012-12-19 11:00:00,3.152
2012-12-19 11:30:00,3.4389999
2012-12-19 12:00:00,3.0190001
2012-12-19 12:30:00,3.336
2012-12-19 13:00:00,2.3859999
2012-12-19 13:30:00,4.3720002
2012-12-19 14:00:00,4.5939999
2012-12-19 14:30:00,3.3599999
2012-12-19 15:00:00,3.1240001
2012-12-19 15:30:00,3.1589999
2012-12-19 16:00:00,2.8729999
2012-12-19 16:30:00,2.6040001
2012-12-19 17:00:00,2.5550001
2012-12-19 17:30:00,2.6389999
2012-12-19 18:00:00,1.893
2012-12-19 18:30:00,1.903
2012-12-19 19:00:00,1.689
2012-12-19 19:30:00,2.418
2012-12-19 20:00:00,2.197
2012-12-19 20:30:00,2.503
2012-12-19 21:00:00,2.1259999
2012-12-19 21:30:00,2.4749999
2012-12-19 22:00:00,2.119
2012-12-19 22:30:00,2.3840001
2012-12-19 23:00:00,1.497
2012-12-19 23:30:00,1.6720001
2012-12-20 00:00:00,1.125
2012-12-20 00:30:00,1.256
2012-12-20 01:00:00,0.911
2012-12-20 01:30:00,1.26
2012-12-20 02:00:00,0.897
2012-12-20 02:30:00,1.244
2012-12-20 03:00:00,0.868
2012-12-20 03:30:00,1.2079999
2012-12-20 04:00:00,1.108
2012-12-20 04:30:00,1.401
2012-12-20 05:00:00,1.018
2012-12-20 05:30:00,1.347
2012-12-20 06:00:00,0.871
2012-12-20 06:30:00,1.205
2012-12-20 07:00:00,0.942
2012-12-20 07:30:00,1.307
2012-12-20 08:00:00,1.033
2012-12-20 08:30:00,2.1889999
2012-12-20 09:00:00,1.6
2012-12-20 09:30:00,1.655
2012-12-20 10:00:00,1.374
2012-12-20 10:30:00,2.8499999
2012-12-20 11:00:00,2.2290001
2012-12-20 11:30:00,1.8430001
2012-12-20 12:00:00,1.029
2012-12-20 12:30:00,1.61
2012-12-20 13:00:00,1.094
2012-12-20 13:30:00,1.568
2012-12-20 14:00:00,1.028
2012-12-20 14:30:00,2.8429999
2012-12-20 15:00:00,2.503
2012-12-20 15:30:00,2.8640001
2012-12-20 16:00:00,2.49
2012-12-20 16:30:00,3.0020001
2012-12-20 17:00:00,2.658
2012-12-20 17:30:00,3.467
2012-12-20 18:00:00,2.806
2012-12-20 18:30:00,2.9200001
2012-12-20 19:00:00,3.155
2012-12-20 19:30:00,3.164
2012-12-20 20:00:00,3.1440001
2012-12-20 20:30:00,2.605
2012-12-20 21:00:00,3.5150001
2012-12-20 21:30:00,2.9000001
2012-12-20 22:00:00,3.2260001
2012-12-20 22:30:00,3.0569999
2012-12-20 23:00:00,3.0120001
2012-12-20 23:30:00,2.9200001
2012-12-21 00:00:00,3.266
2012-12-21 00:30:00,3.234
2012-12-21 01:00:00,2.8369999
2012-12-21 01:30:00,2.375
2012-12-21 02:00:00,1.3940001
2012-12-21 02:30:00,1.113
2012-12-21 03:00:00,1.089
2012-12-21 03:30:00,0.916
2012-12-21 04:00:00,1.046
2012-12-21 04:30:00,0.982
2012-12-21 05:00:00,1.011
2012-12-21 05:30:00,0.975
2012-12-21 06:00:00,1.1109999
2012-12-21 06:30:00,1.127
2012-12-21 07:00:00,1.245
2012-12-21 07:30:00,2.1470001
2012-12-21 08:00:00,1.88
2012-12-21 08:30:00,1.849
2012-12-21 09:00:00,2.388
2012-12-21 09:30:00,1.885
2012-12-21 10:00:00,2.175
2012-12-21 10:30:00,1.812
2012-12-21 11:00:00,1.2819999
2012-12-21 11:30:00,1.9
2012-12-21 12:00:00,1.652
2012-12-21 12:30:00,2.9679999
2012-12-21 13:00:00,2.6359999
2012-12-21 13:30:00,1.649
2012-12-21 14:00:00,2.533
2012-12-21 14:30:00,3.256
2012-12-21 15:00:00,2.9749999
2012-12-21 15:30:00,1.783
2012-12-21 16:00:00,1.261
2012-12-21 16:30:00,3.51
2012-12-21 17:00:00,3.8540001
2012-12-21 17:30:00,4.8969998
2012-12-21 18:00:00,2.582
2012-12-21 18:30:00,1.862
2012-12-21 19:00:00,1.661
2012-12-21 19:30:00,1.451
2012-12-21 20:00:00,1.024
2012-12-21 20:30:00,1.702
2012-12-21 21:00:00,1.406
2012-12-21 21:30:00,1.849
2012-12-21 22:00:00,1.5549999
2012-12-21 22:30:00,1.6339999
2012-12-21 23:00:00,1.539
2012-12-21 23:30:00,1.697
2012-12-22 00:00:00,1.745
2012-12-22 00:30:00,2.062
2012-12-22 01:00:00,1.478
2012-12-22 01:30:00,1.41
2012-12-22 02:00:00,1.075
2012-12-22 02:30:00,1.063
2012-12-22 03:00:00,0.781
2012-12-22 03:30:00,1.2460001
2012-12-22 04:00:00,0.772
2012-12-22 04:30:00,1.155
2012-12-22 05:00:00,0.903
2012-12-22 05:30:00,1.052
2012-12-22 06:00:00,0.909
2012-12-22 06:30:00,1.1160001
2012-12-22 07:00:00,1.1900001
2012-12-22 07:30:00,2.3440001
2012-12-22 08:00:00,2.171
2012-12-22 08:30:00,2.7030001
2012-12-22 09:00:00,2.822
2012-12-22 09:30:00,4.04
2012-12-22 10:00:00,3.4230001
2012-12-22 10:30:00,2.9059999
2012-12-22 11:00:00,3.1559999
2012-12-22 11:30:00,2.3989999
2012-12-22 12:00:00,2.671
2012-12-22 12:30:00,3.803
2012-12-22 13:00:00,4.9710002
2012-12-22 13:30:00,4.6220002
2012-12-22 14:00:00,2.7019999
2012-12-22 14:30:00,1.568
2012-12-22 15:00:00,1.5930001
2012-12-22 15:30:00,1.85
2012-12-22 16:00:00,1.318
2012-12-22 16:30:00,1.475
2012-12-22 17:00:00,0.912
2012-12-22 17:30:00,1.21
2012-12-22 18:00:00,1.198
2012-12-22 18:30:00,1.209
2012-12-22 19:00:00,1.103
2012-12-22 19:30:00,1.024
2012-12-22 20:00:00,1.001
2012-12-22 20:30:00,1.118
2012-12-22 21:00:00,1.089
2012-12-22 21:30:00,1.069
2012-12-22 22:00:00,1.382
2012-12-22 22:30:00,1.2640001
2012-12-22 23:00:00,1.367
2012-12-22 23:30:00,1.253
2012-12-23 00:00:00,1.2079999
2012-12-23 00:30:00,0.999
2012-12-23 01:00:00,1.01
2012-12-23 01:30:00,1.005
2012-12-23 02:00:00,0.955
2012-12-23 02:30:00,0.825
2012-12-23 03:00:00,0.757
2012-12-23 03:30:00,0.702
2012-12-23 04:00:00,0.657
2012-12-23 04:30:00,0.681
2012-12-23 05:00:00,0.605
2012-12-23 05:30:00,0.793
2012-12-23 06:00:00,0.61
2012-12-23 06:30:00,0.708
2012-12-23 07:00:00,0.69
2012-12-23 07:30:00,1.046
2012-12-23 08:00:00,0.687
2012-12-23 08:30:00,0.758
2012-12-23 09:00:00,0.777
2012-12-23 09:30:00,0.945
2012-12-23 10:00:00,1.035
2012-12-23 10:30:00,1.9910001
2012-12-23 11:00:00,1.141
2012-12-23 11:30:00,1.354
2012-12-23 12:00:00,1.281
2012-12-23 12:30:00,2.201
2012-12-23 13:00:00,2.0840001
2012-12-23 13:30:00,2.744
2012-12-23 14:00:00,2.9579999
2012-12-23 14:30:00,2.681
2012-12-23 15:00:00,2.8150001
2012-12-23 15:30:00,3.4460001
2012-12-23 16:00:00,3.757
2012-12-23 16:30:00,4.4380002
2012-12-23 17:00:00,3.8729999
2012-12-23 17:30:00,4.0440001
2012-12-23 18:00:00,2.1329999
2012-12-23 18:30:00,1.743
2012-12-23 19:00:00,1.562
2012-12-23 19:30:00,1.775
2012-12-23 20:00:00,1.8890001
2012-12-23 20:30:00,2.0339999
2012-12-23 21:00:00,1.324
2012-12-23 21:30:00,1.238
2012-12-23 22:00:00,1.202
2012-12-23 22:30:00,1.201
2012-12-23 23:00:00,1.288
2012-12-23 23:30:00,1.3049999
2012-12-24 00:00:00,1.383
2012-12-24 00:30:00,1.316
2012-12-24 01:00:00,1.295
2012-12-24 01:30:00,1.045
2012-12-24 02:00:00,1.1670001
2012-12-24 02:30:00,1.013
2012-12-24 03:00:00,1.013
2012-12-24 03:30:00,1.092
2012-12-24 04:00:00,0.891
2012-12-24 04:30:00,1.026
2012-12-24 05:00:00,1.156
2012-12-24 05:30:00,0.96
2012-12-24 06:00:00,1.233
2012-12-24 06:30:00,1.239
2012-12-24 07:00:00,1.164
2012-12-24 07:30:00,1.01
2012-12-24 08:00:00,0.976
2012-12-24 08:30:00,1.528
2012-12-24 09:00:00,2.0699999
2012-12-24 09:30:00,1.74
2012-12-24 10:00:00,1.113
2012-12-24 10:30:00,1.37
2012-12-24 11:00:00,1.885
2012-12-24 11:30:00,2.878
2012-12-24 12:00:00,2.5280001
2012-12-24 12:30:00,1.8609999
2012-12-24 13:00:00,2.806
2012-12-24 13:30:00,3.0350001
2012-12-24 14:00:00,2.2160001
2012-12-24 14:30:00,1.799
2012-12-24 15:00:00,1.742
2012-12-24 15:30:00,1.722
2012-12-24 16:00:00,1.523
2012-12-24 16:30:00,1.553
2012-12-24 17:00:00,2.1570001
2012-12-24 17:30:00,1.584
2012-12-24 18:00:00,1.729
2012-12-24 18:30:00,1.71
2012-12-24 19:00:00,1.842
2012-12-24 19:30:00,2.951
2012-12-24 20:00:00,1.461
2012-12-24 20:30:00,1.605
2012-12-24 21:00:00,1.188
2012-12-24 21:30:00,1.375
2012-12-24 22:00:00,1.372
2012-12-24 22:30:00,1.408
2012-12-24 23:00:00,1.266
2012-12-24 23:30:00,1.76
2012-12-25 00:00:00,1.722
2012-12-25 00:30:00,1.748
2012-12-25 01:00:00,1.46
2012-12-25 01:30:00,1.6339999
2012-12-25 02:00:00,1.123
2012-12-25 02:30:00,1.171
2012-12-25 03:00:00,1.033
2012-12-25 03:30:00,1.294
2012-12-25 04:00:00,1.1160001
2012-12-25 04:30:00,1.612
2012-12-25 05:00:00,1.159
2012-12-25 05:30:00,1.306
2012-12-25 06:00:00,1.066
2012-12-25 06:30:00,1.2309999
2012-12-25 07:00:00,1.137
2012-12-25 07:30:00,1.103
2012-12-25 08:00:00,1.6390001
2012-12-25 08:30:00,2.296
2012-12-25 09:00:00,1.335
2012-12-25 09:30:00,1.566
2012-12-25 10:00:00,1.274
2012-12-25 10:30:00,1.546
2012-12-25 11:00:00,0.702
2012-12-25 11:30:00,0.744
2012-12-25 12:00:00,1.993
2012-12-25 12:30:00,2.9130001
2012-12-25 13:00:00,2.658
2012-12-25 13:30:00,2.293
2012-12-25 14:00:00,2.6800001
2012-12-25 14:30:00,1.988
2012-12-25 15:00:00,0.453
2012-12-25 15:30:00,0.817
2012-12-25 16:00:00,0.597
2012-12-25 16:30:00,0.656
2012-12-25 17:00:00,0.634
2012-12-25 17:30:00,0.717
2012-12-25 18:00:00,0.675
2012-12-25 18:30:00,1.467
2012-12-25 19:00:00,1.406
2012-12-25 19:30:00,1.615
2012-12-25 20:00:00,1.605
2012-12-25 20:30:00,1.906
2012-12-25 21:00:00,1.613
2012-12-25 21:30:00,1.848
2012-12-25 22:00:00,1.531
2012-12-25 22:30:00,1.7180001
2012-12-25 23:00:00,1.595
2012-12-25 23:30:00,1.964
2012-12-26 00:00:00,1.4960001
2012-12-26 00:30:00,2.5550001
2012-12-26 01:00:00,1.449
2012-12-26 01:30:00,1.5470001
2012-12-26 02:00:00,1.209
2012-12-26 02:30:00,1.0779999
2012-12-26 03:00:00,0.753
2012-12-26 03:30:00,1.0779999
2012-12-26 04:00:00,0.864
2012-12-26 04:30:00,1.012
2012-12-26 05:00:00,0.849
2012-12-26 05:30:00,1.1059999
2012-12-26 06:00:00,0.775
2012-12-26 06:30:00,1.143
2012-12-26 07:00:00,0.96
2012-12-26 07:30:00,0.94
2012-12-26 08:00:00,1.058
2012-12-26 08:30:00,0.994
2012-12-26 09:00:00,0.849
2012-12-26 09:30:00,1.071
2012-12-26 10:00:00,1.257
2012-12-26 10:30:00,1.873
2012-12-26 11:00:00,0.935
2012-12-26 11:30:00,1.169
2012-12-26 12:00:00,1.318
2012-12-26 12:30:00,1.374
2012-12-26 13:00:00,1.599
2012-12-26 13:30:00,1.33
2012-12-26 14:00:00,0.786
2012-12-26 14:30:00,1.008
2012-12-26 15:00:00,0.8
2012-12-26 15:30:00,1.135
2012-12-26 16:00:00,0.915
2012-12-26 16:30:00,1.488
2012-12-26 17:00:00,1.151
2012-12-26 17:30:00,2.829
2012-12-26 18:00:00,2.9089999
2012-12-26 18:30:00,2.0439999
2012-12-26 19:00:00,1.971
2012-12-26 19:30:00,2.1259999
2012-12-26 20:00:00,1.53
2012-12-26 20:30:00,1.995
2012-12-26 21:00:00,1.766
2012-12-26 21:30:00,2.079
2012-12-26 22:00:00,1.786
2012-12-26 22:30:00,1.846
2012-12-26 23:00:00,1.5420001
2012-12-26 23:30:00,1.823
2012-12-27 00:00:00,1.362
2012-12-27 00:30:00,1.669
2012-12-27 01:00:00,1.242
2012-12-27 01:30:00,1.17
2012-12-27 02:00:00,0.816
2012-12-27 02:30:00,1.249
2012-12-27 03:00:00,0.985
2012-12-27 03:30:00,1.124
2012-12-27 04:00:00,0.841
2012-12-27 04:30:00,1.234
2012-12-27 05:00:00,1.012
2012-12-27 05:30:00,1.3
2012-12-27 06:00:00,0.887
2012-12-27 06:30:00,1.22
2012-12-27 07:00:00,0.968
2012-12-27 07:30:00,1.22
2012-12-27 08:00:00,0.852
2012-12-27 08:30:00,1.173
2012-12-27 09:00:00,1.329
2012-12-27 09:30:00,2.312
2012-12-27 10:00:00,2.2149999
2012-12-27 10:30:00,1.2970001
2012-12-27 11:00:00,1.286
2012-12-27 11:30:00,1.05
2012-12-27 12:00:00,0.71
2012-12-27 12:30:00,1.016
2012-12-27 13:00:00,0.635
2012-12-27 13:30:00,0.93
2012-12-27 14:00:00,0.697
2012-12-27 14:30:00,0.933
2012-12-27 15:00:00,0.631
2012-12-27 15:30:00,0.876
2012-12-27 16:00:00,0.731
2012-12-27 16:30:00,0.967
2012-12-27 17:00:00,0.73
2012-12-27 17:30:00,0.952
2012-12-27 18:00:00,0.708
2012-12-27 18:30:00,1.018
2012-12-27 19:00:00,0.769
2012-12-27 19:30:00,1.028
2012-12-27 20:00:00,0.66
2012-12-27 20:30:00,1.024
2012-12-27 21:00:00,0.735
2012-12-27 21:30:00,1.021
2012-12-27 22:00:00,0.748
2012-12-27 22:30:00,0.961
2012-12-27 23:00:00,0.717
2012-12-27 23:30:00,1.0779999
2012-12-28 00:00:00,0.724
2012-12-28 00:30:00,1.053
2012-12-28 01:00:00,0.68
2012-12-28 01:30:00,1.1210001
2012-12-28 02:00:00,0.718
2012-12-28 02:30:00,1.061
2012-12-28 03:00:00,0.719
2012-12-28 03:30:00,1.043
2012-12-28 04:00:00,0.714
2012-12-28 04:30:00,1.137
2012-12-28 05:00:00,0.705
2012-12-28 05:30:00,1.1
2012-12-28 06:00:00,0.682
2012-12-28 06:30:00,1.074
2012-12-28 07:00:00,0.828
2012-12-28 07:30:00,1.059
2012-12-28 08:00:00,0.719
2012-12-28 08:30:00,1.0470001
2012-12-28 09:00:00,0.708
2012-12-28 09:30:00,1.059
2012-12-28 10:00:00,0.747
2012-12-28 10:30:00,0.975
2012-12-28 11:00:00,0.628
2012-12-28 11:30:00,1.036
2012-12-28 12:00:00,0.671
2012-12-28 12:30:00,1.0470001
2012-12-28 13:00:00,0.596
2012-12-28 13:30:00,0.925
2012-12-28 14:00:00,0.657
2012-12-28 14:30:00,0.991
2012-12-28 15:00:00,0.558
2012-12-28 15:30:00,0.915
2012-12-28 16:00:00,0.652
2012-12-28 16:30:00,0.996
2012-12-28 17:00:00,0.57
2012-12-28 17:30:00,0.915
2012-12-28 18:00:00,0.722
2012-12-28 18:30:00,0.933
2012-12-28 19:00:00,0.629
2012-12-28 19:30:00,0.942
2012-12-28 20:00:00,0.694
2012-12-28 20:30:00,0.932
2012-12-28 21:00:00,0.601
2012-12-28 21:30:00,0.836
2012-12-28 22:00:00,0.726
2012-12-28 22:30:00,0.899
2012-12-28 23:00:00,0.64
2012-12-28 23:30:00,0.893
2012-12-29 00:00:00,0.643
2012-12-29 00:30:00,0.925
2012-12-29 01:00:00,0.722
2012-12-29 01:30:00,0.849
2012-12-29 02:00:00,0.633
2012-12-29 02:30:00,0.91
2012-12-29 03:00:00,0.731
2012-12-29 03:30:00,0.843
2012-12-29 04:00:00,0.621
2012-12-29 04:30:00,0.971
2012-12-29 05:00:00,0.667
2012-12-29 05:30:00,0.826
2012-12-29 06:00:00,0.643
2012-12-29 06:30:00,0.977
2012-12-29 07:00:00,0.689
2012-12-29 07:30:00,0.827
2012-12-29 08:00:00,0.625
2012-12-29 08:30:00,0.972
2012-12-29 09:00:00,0.637
2012-12-29 09:30:00,0.843
2012-12-29 10:00:00,0.676
2012-12-29 10:30:00,0.882
2012-12-29 11:00:00,0.628
2012-12-29 11:30:00,0.82
2012-12-29 12:00:00,0.635
2012-12-29 12:30:00,0.898
2012-12-29 13:00:00,0.611
2012-12-29 13:30:00,0.821
2012-12-29 14:00:00,0.591
2012-12-29 14:30:00,0.921
2012-12-29 15:00:00,0.712
2012-12-29 15:30:00,0.817
2012-12-29 16:00:00,0.589
2012-12-29 16:30:00,0.89
2012-12-29 17:00:00,0.645
2012-12-29 17:30:00,0.95
2012-12-29 18:00:00,0.625
2012-12-29 18:30:00,0.923
2012-12-29 19:00:00,0.695
2012-12-29 19:30:00,0.961
2012-12-29 20:00:00,0.641
2012-12-29 20:30:00,0.986
2012-12-29 21:00:00,0.687
2012-12-29 21:30:00,0.975
2012-12-29 22:00:00,0.701
2012-12-29 22:30:00,1.295
2012-12-29 23:00:00,0.638
2012-12-29 23:30:00,0.984
2012-12-30 00:00:00,0.724
2012-12-30 00:30:00,1.036
2012-12-30 01:00:00,0.707
2012-12-30 01:30:00,1.011
2012-12-30 02:00:00,0.674
2012-12-30 02:30:00,1.052
2012-12-30 03:00:00,0.734
2012-12-30 03:30:00,1.074
2012-12-30 04:00:00,0.741
2012-12-30 04:30:00,1.091
2012-12-30 05:00:00,0.733
2012-12-30 05:30:00,1.16
2012-12-30 06:00:00,0.769
2012-12-30 06:30:00,1.077
2012-12-30 07:00:00,0.803
2012-12-30 07:30:00,1.147
2012-12-30 08:00:00,0.804
2012-12-30 08:30:00,1.1210001
2012-12-30 09:00:00,0.756
2012-12-30 09:30:00,1.125
2012-12-30 10:00:00,0.759
2012-12-30 10:30:00,1.102
2012-12-30 11:00:00,0.7
2012-12-30 11:30:00,1.046
2012-12-30 12:00:00,0.689
2012-12-30 12:30:00,1.11
2012-12-30 13:00:00,0.679
2012-12-30 13:30:00,0.939
2012-12-30 14:00:00,0.72
2012-12-30 14:30:00,1.002
2012-12-30 15:00:00,0.758
2012-12-30 15:30:00,0.904
2012-12-30 16:00:00,0.671
2012-12-30 16:30:00,1.021
2012-12-30 17:00:00,0.778
2012-12-30 17:30:00,1.0140001
2012-12-30 18:00:00,0.642
2012-12-30 18:30:00,1.03
2012-12-30 19:00:00,0.817
2012-12-30 19:30:00,1.096
2012-12-30 20:00:00,0.671
2012-12-30 20:30:00,0.98
2012-12-30 21:00:00,0.717
2012-12-30 21:30:00,1.052
2012-12-30 22:00:00,0.764
2012-12-30 22:30:00,0.98
2012-12-30 23:00:00,0.71
2012-12-30 23:30:00,1.056
2012-12-31 00:00:00,0.707
2012-12-31 00:30:00,1.029
2012-12-31 01:00:00,0.603
2012-12-31 01:30:00,1.094
2012-12-31 02:00:00,0.68
2012-12-31 02:30:00,1.013
2012-12-31 03:00:00,0.603
2012-12-31 03:30:00,1.069
2012-12-31 04:00:00,0.671
2012-12-31 04:30:00,1.024
2012-12-31 05:00:00,0.647
2012-12-31 05:30:00,0.982
2012-12-31 06:00:00,0.684
2012-12-31 06:30:00,0.992
2012-12-31 07:00:00,0.736
2012-12-31 07:30:00,0.955
2012-12-31 08:00:00,0.673
2012-12-31 08:30:00,1.002
2012-12-31 09:00:00,0.609
2012-12-31 09:30:00,1.0089999
2012-12-31 10:00:00,0.66
2012-12-31 10:30:00,0.966
2012-12-31 11:00:00,0.747
2012-12-31 11:30:00,0.896
2012-12-31 12:00:00,0.638
2012-12-31 12:30:00,0.956
2012-12-31 13:00:00,0.632
2012-12-31 13:30:00,0.871
2012-12-31 14:00:00,0.736
2012-12-31 14:30:00,0.933
2012-12-31 15:00:00,0.657
2012-12-31 15:30:00,0.908
2012-12-31 16:00:00,0.655
2012-12-31 16:30:00,0.941
2012-12-31 17:00:00,0.656
2012-12-31 17:30:00,0.916
2012-12-31 18:00:00,0.63
2012-12-31 18:30:00,0.93
2012-12-31 19:00:00,0.759
2012-12-31 19:30:00,0.876
2012-12-31 20:00:00,0.605
2012-12-31 20:30:00,0.931
2012-12-31 21:00:00,0.735
2012-12-31 21:30:00,0.896
2012-12-31 22:00:00,0.627
2012-12-31 22:30:00,0.915
2012-12-31 23:00:00,0.672
2012-12-31 23:30:00,0.963
2013-01-01 00:00:00,0.645
2013-01-01 00:30:00,0.946
2013-01-01 01:00:00,0.646
2013-01-01 01:30:00,0.897
2013-01-01 02:00:00,0.598
2013-01-01 02:30:00,1.006
2013-01-01 03:00:00,0.665
2013-01-01 03:30:00,0.917
2013-01-01 04:00:00,0.703
2013-01-01 04:30:00,0.974
2013-01-01 05:00:00,0.669
2013-01-01 05:30:00,0.996
2013-01-01 06:00:00,0.624
2013-01-01 06:30:00,0.996
2013-01-01 07:00:00,0.835
2013-01-01 07:30:00,1.033
2013-01-01 08:00:00,0.721
2013-01-01 08:30:00,1.071
2013-01-01 09:00:00,0.72
2013-01-01 09:30:00,1.084
2013-01-01 10:00:00,0.693
2013-01-01 10:30:00,1.041
2013-01-01 11:00:00,0.707
2013-01-01 11:30:00,1.103
2013-01-01 12:00:00,0.621
2013-01-01 12:30:00,0.912
2013-01-01 13:00:00,0.645
2013-01-01 13:30:00,0.948
2013-01-01 14:00:00,0.568
2013-01-01 14:30:00,0.763
2013-01-01 15:00:00,0.652
2013-01-01 15:30:00,0.931
2013-01-01 16:00:00,0.769
2013-01-01 16:30:00,0.884
2013-01-01 17:00:00,0.674
2013-01-01 17:30:00,1.011
2013-01-01 18:00:00,0.709
2013-01-01 18:30:00,1.035
2013-01-01 19:00:00,0.91
2013-01-01 19:30:00,0.987
2013-01-01 20:00:00,0.715
2013-01-01 20:30:00,1.076
2013-01-01 21:00:00,0.741
2013-01-01 21:30:00,1.077
2013-01-01 22:00:00,0.782
2013-01-01 22:30:00,1.08
2013-01-01 23:00:00,0.821
2013-01-01 23:30:00,1.013
2013-01-02 00:00:00,0.774
2013-01-02 00:30:00,1.141
2013-01-02 01:00:00,0.886
2013-01-02 01:30:00,1.141
2013-01-02 02:00:00,0.79
2013-01-02 02:30:00,1.133
2013-01-02 03:00:00,0.791
2013-01-02 03:30:00,1.178
2013-01-02 04:00:00,0.872
2013-01-02 04:30:00,1.176
2013-01-02 05:00:00,0.794
2013-01-02 05:30:00,1.17
2013-01-02 06:00:00,0.897
2013-01-02 06:30:00,1.166
2013-01-02 07:00:00,0.856
2013-01-02 07:30:00,1.155
2013-01-02 08:00:00,0.796
2013-01-02 08:30:00,1.296
2013-01-02 09:00:00,0.785
2013-01-02 09:30:00,1.153
2013-01-02 10:00:00,0.779
2013-01-02 10:30:00,1.0650001
2013-01-02 11:00:00,0.722
2013-01-02 11:30:00,1.174
2013-01-02 12:00:00,0.802
2013-01-02 12:30:00,1.087
2013-01-02 13:00:00,0.846
2013-01-02 13:30:00,1.92
2013-01-02 14:00:00,1.545
2013-01-02 14:30:00,2.2780001
2013-01-02 15:00:00,1.9529999
2013-01-02 15:30:00,1.196
2013-01-02 16:00:00,0.807
2013-01-02 16:30:00,1.124
2013-01-02 17:00:00,0.814
2013-01-02 17:30:00,1.058
2013-01-02 18:00:00,0.71
2013-01-02 18:30:00,1.075
2013-01-02 19:00:00,0.755
2013-01-02 19:30:00,1.102
2013-01-02 20:00:00,0.742
2013-01-02 20:30:00,0.972
2013-01-02 21:00:00,0.803
2013-01-02 21:30:00,1.027
2013-01-02 22:00:00,0.714
2013-01-02 22:30:00,0.978
2013-01-02 23:00:00,0.716
2013-01-02 23:30:00,1.041
2013-01-03 00:00:00,0.711
2013-01-03 00:30:00,1.001
2013-01-03 01:00:00,0.667
2013-01-03 01:30:00,0.99
2013-01-03 02:00:00,0.757
2013-01-03 02:30:00,0.941
2013-01-03 03:00:00,0.686
2013-01-03 03:30:00,0.997
2013-01-03 04:00:00,0.723
2013-01-03 04:30:00,0.968
2013-01-03 05:00:00,0.613
2013-01-03 05:30:00,1.029
2013-01-03 06:00:00,0.71
2013-01-03 06:30:00,0.957
2013-01-03 07:00:00,0.683
2013-01-03 07:30:00,0.95
2013-01-03 08:00:00,0.677
2013-01-03 08:30:00,1.022
2013-01-03 09:00:00,0.606
2013-01-03 09:30:00,0.908
2013-01-03 10:00:00,0.747
2013-01-03 10:30:00,0.899
2013-01-03 11:00:00,0.617
2013-01-03 11:30:00,0.821
2013-01-03 12:00:00,0.713
2013-01-03 12:30:00,1.388
2013-01-03 13:00:00,0.922
2013-01-03 13:30:00,1.245
2013-01-03 14:00:00,1.12
2013-01-03 14:30:00,1.377
2013-01-03 15:00:00,1.1339999
2013-01-03 15:30:00,1.221
2013-01-03 16:00:00,1.126
2013-01-03 16:30:00,1.351
2013-01-03 17:00:00,1.3710001
2013-01-03 17:30:00,1.443
2013-01-03 18:00:00,1.359
2013-01-03 18:30:00,1.6339999
2013-01-03 19:00:00,1.426
2013-01-03 19:30:00,1.566
2013-01-03 20:00:00,1.25
2013-01-03 20:30:00,1.528
2013-01-03 21:00:00,1.423
2013-01-03 21:30:00,1.482
2013-01-03 22:00:00,1.1390001
2013-01-03 22:30:00,1.454
2013-01-03 23:00:00,1.226
2013-01-03 23:30:00,1.369
2013-01-04 00:00:00,1.1670001
2013-01-04 00:30:00,1.523
2013-01-04 01:00:00,1.008
2013-01-04 01:30:00,1.04
2013-01-04 02:00:00,0.854
2013-01-04 02:30:00,1.114
2013-01-04 03:00:00,0.977
2013-01-04 03:30:00,0.98
2013-01-04 04:00:00,0.734
2013-01-04 04:30:00,1.17
2013-01-04 05:00:00,0.947
2013-01-04 05:30:00,1.074
2013-01-04 06:00:00,0.774
2013-01-04 06:30:00,1.158
2013-01-04 07:00:00,1.039
2013-01-04 07:30:00,1.199
2013-01-04 08:00:00,0.993
2013-01-04 08:30:00,1.245
2013-01-04 09:00:00,0.991
2013-01-04 09:30:00,1.1339999
2013-01-04 10:00:00,0.799
2013-01-04 10:30:00,1.194
2013-01-04 11:00:00,1.446
2013-01-04 11:30:00,1.582
2013-01-04 12:00:00,1.45
2013-01-04 12:30:00,1.696
2013-01-04 13:00:00,1.235
2013-01-04 13:30:00,1.6440001
2013-01-04 14:00:00,2.8599999
2013-01-04 14:30:00,2.483
2013-01-04 15:00:00,1.465
2013-01-04 15:30:00,1.337
2013-01-04 16:00:00,0.899
2013-01-04 16:30:00,1.1950001
2013-01-04 17:00:00,1.17
2013-01-04 17:30:00,1.488
2013-01-04 18:00:00,1.3380001
2013-01-04 18:30:00,1.523
2013-01-04 19:00:00,1.306
2013-01-04 19:30:00,1.387
2013-01-04 20:00:00,1.163
2013-01-04 20:30:00,1.382
2013-01-04 21:00:00,1.155
2013-01-04 21:30:00,1.7869999
2013-01-04 22:00:00,1.247
2013-01-04 22:30:00,1.386
2013-01-04 23:00:00,1.249
2013-01-04 23:30:00,1.484
2013-01-05 00:00:00,1.156
2013-01-05 00:30:00,1.455
2013-01-05 01:00:00,1.2410001
2013-01-05 01:30:00,1.428
2013-01-05 02:00:00,0.663
2013-01-05 02:30:00,0.958
2013-01-05 03:00:00,0.697
2013-01-05 03:30:00,1.026
2013-01-05 04:00:00,0.649
2013-01-05 04:30:00,1.043
2013-01-05 05:00:00,0.791
2013-01-05 05:30:00,0.932
2013-01-05 06:00:00,0.553
2013-01-05 06:30:00,0.945
2013-01-05 07:00:00,0.761
2013-01-05 07:30:00,0.96
2013-01-05 08:00:00,0.557
2013-01-05 08:30:00,0.936
2013-01-05 09:00:00,0.797
2013-01-05 09:30:00,1.337
2013-01-05 10:00:00,1.04
2013-01-05 10:30:00,1.3890001
2013-01-05 11:00:00,1.492
2013-01-05 11:30:00,1.489
2013-01-05 12:00:00,0.982
2013-01-05 12:30:00,1.239
2013-01-05 13:00:00,1.053
2013-01-05 13:30:00,1.2309999
2013-01-05 14:00:00,1.307
2013-01-05 14:30:00,1.517
2013-01-05 15:00:00,1.201
2013-01-05 15:30:00,1.318
2013-01-05 16:00:00,1.056
2013-01-05 16:30:00,1.711
2013-01-05 17:00:00,1.433
2013-01-05 17:30:00,1.844
2013-01-05 18:00:00,1.355
2013-01-05 18:30:00,1.645
2013-01-05 19:00:00,1.508
2013-01-05 19:30:00,1.847
2013-01-05 20:00:00,1.46
2013-01-05 20:30:00,1.347
2013-01-05 21:00:00,1.196
2013-01-05 21:30:00,1.39
2013-01-05 22:00:00,1.081
2013-01-05 22:30:00,1.362
2013-01-05 23:00:00,1.2690001
2013-01-05 23:30:00,1.478
2013-01-06 00:00:00,1.0650001
2013-01-06 00:30:00,1.085
2013-01-06 01:00:00,0.868
2013-01-06 01:30:00,1.0319999
2013-01-06 02:00:00,0.708
2013-01-06 02:30:00,1.38
2013-01-06 03:00:00,1.018
2013-01-06 03:30:00,1.082
2013-01-06 04:00:00,0.563
2013-01-06 04:30:00,0.99
2013-01-06 05:00:00,0.668
2013-01-06 05:30:00,0.97
2013-01-06 06:00:00,0.61
2013-01-06 06:30:00,0.988
2013-01-06 07:00:00,0.803
2013-01-06 07:30:00,1.077
2013-01-06 08:00:00,0.902
2013-01-06 08:30:00,1.214
2013-01-06 09:00:00,0.835
2013-01-06 09:30:00,1.219
2013-01-06 10:00:00,0.82
2013-01-06 10:30:00,1.029
2013-01-06 11:00:00,0.905
2013-01-06 11:30:00,0.946
2013-01-06 12:00:00,0.704
2013-01-06 12:30:00,0.83
2013-01-06 13:00:00,0.744
2013-01-06 13:30:00,0.95
2013-01-06 14:00:00,0.587
2013-01-06 14:30:00,1.008
2013-01-06 15:00:00,0.627
2013-01-06 15:30:00,1.03
2013-01-06 16:00:00,0.649
2013-01-06 16:30:00,0.9
2013-01-06 17:00:00,0.755
2013-01-06 17:30:00,0.987
2013-01-06 18:00:00,0.784
2013-01-06 18:30:00,1.0470001
2013-01-06 19:00:00,1.238
2013-01-06 19:30:00,1.263
2013-01-06 20:00:00,0.902
2013-01-06 20:30:00,1.177
2013-01-06 21:00:00,0.853
2013-01-06 21:30:00,1.099
2013-01-06 22:00:00,1.0
2013-01-06 22:30:00,1.143
2013-01-06 23:00:00,0.763
2013-01-06 23:30:00,1.096
2013-01-07 00:00:00,0.752
2013-01-07 00:30:00,0.923
2013-01-07 01:00:00,0.695
2013-01-07 01:30:00,0.958
2013-01-07 02:00:00,0.834
2013-01-07 02:30:00,0.888
2013-01-07 03:00:00,0.722
2013-01-07 03:30:00,1.3150001
2013-01-07 04:00:00,0.862
2013-01-07 04:30:00,1.11
2013-01-07 05:00:00,0.812
2013-01-07 05:30:00,0.968
2013-01-07 06:00:00,0.677
2013-01-07 06:30:00,0.874
2013-01-07 07:00:00,0.898
2013-01-07 07:30:00,1.9859999
2013-01-07 08:00:00,1.955
2013-01-07 08:30:00,1.783
2013-01-07 09:00:00,2.3010001
2013-01-07 09:30:00,2.112
2013-01-07 10:00:00,2.2409999
2013-01-07 10:30:00,2.388
2013-01-07 11:00:00,1.626
2013-01-07 11:30:00,2.733
2013-01-07 12:00:00,2.651
2013-01-07 12:30:00,2.142
2013-01-07 13:00:00,1.663
2013-01-07 13:30:00,1.2410001
2013-01-07 14:00:00,0.9
2013-01-07 14:30:00,1.52
2013-01-07 15:00:00,1.897
2013-01-07 15:30:00,2.109
2013-01-07 16:00:00,1.374
2013-01-07 16:30:00,1.645
2013-01-07 17:00:00,2.2850001
2013-01-07 17:30:00,1.786
2013-01-07 18:00:00,1.279
2013-01-07 18:30:00,1.5369999
2013-01-07 19:00:00,0.848
2013-01-07 19:30:00,1.012
2013-01-07 20:00:00,0.749
2013-01-07 20:30:00,1.076
2013-01-07 21:00:00,0.77
2013-01-07 21:30:00,1.033
2013-01-07 22:00:00,0.806
2013-01-07 22:30:00,0.976
2013-01-07 23:00:00,0.709
2013-01-07 23:30:00,0.854
2013-01-08 00:00:00,0.609
2013-01-08 00:30:00,0.927
2013-01-08 01:00:00,0.677
2013-01-08 01:30:00,0.864
2013-01-08 02:00:00,0.654
2013-01-08 02:30:00,0.953
2013-01-08 03:00:00,0.912
2013-01-08 03:30:00,1.003
2013-01-08 04:00:00,0.671
2013-01-08 04:30:00,0.872
2013-01-08 05:00:00,0.646
2013-01-08 05:30:00,0.863
2013-01-08 06:00:00,0.615
2013-01-08 06:30:00,0.861
2013-01-08 07:00:00,0.728
2013-01-08 07:30:00,1.0140001
2013-01-08 08:00:00,0.871
2013-01-08 08:30:00,1.271
2013-01-08 09:00:00,0.923
2013-01-08 09:30:00,1.408
2013-01-08 10:00:00,0.919
2013-01-08 10:30:00,1.118
2013-01-08 11:00:00,0.856
2013-01-08 11:30:00,1.149
2013-01-08 12:00:00,0.917
2013-01-08 12:30:00,0.979
2013-01-08 13:00:00,0.731
2013-01-08 13:30:00,1.285
2013-01-08 14:00:00,0.898
2013-01-08 14:30:00,1.14
2013-01-08 15:00:00,1.044
2013-01-08 15:30:00,1.267
2013-01-08 16:00:00,0.737
2013-01-08 16:30:00,0.939
2013-01-08 17:00:00,1.099
2013-01-08 17:30:00,2.1040001
2013-01-08 18:00:00,1.296
2013-01-08 18:30:00,1.123
2013-01-08 19:00:00,1.176
2013-01-08 19:30:00,1.0599999
2013-01-08 20:00:00,0.847
2013-01-08 20:30:00,0.954
2013-01-08 21:00:00,0.795
2013-01-08 21:30:00,1.017
2013-01-08 22:00:00,0.832
2013-01-08 22:30:00,0.949
2013-01-08 23:00:00,0.832
2013-01-08 23:30:00,1.105
2013-01-09 00:00:00,0.679
2013-01-09 00:30:00,0.885
2013-01-09 01:00:00,0.626
2013-01-09 01:30:00,0.873
2013-01-09 02:00:00,0.706
2013-01-09 02:30:00,0.825
2013-01-09 03:00:00,0.607
2013-01-09 03:30:00,0.823
2013-01-09 04:00:00,0.691
2013-01-09 04:30:00,0.948
2013-01-09 05:00:00,0.601
2013-01-09 05:30:00,0.795
2013-01-09 06:00:00,0.716
2013-01-09 06:30:00,0.819
2013-01-09 07:00:00,0.631
2013-01-09 07:30:00,1.041
2013-01-09 08:00:00,0.917
2013-01-09 08:30:00,1.4119999
2013-01-09 09:00:00,1.362
2013-01-09 09:30:00,1.853
2013-01-09 10:00:00,1.224
2013-01-09 10:30:00,1.951
2013-01-09 11:00:00,1.516
2013-01-09 11:30:00,1.234
2013-01-09 12:00:00,1.0420001
2013-01-09 12:30:00,1.4119999
2013-01-09 13:00:00,1.599
2013-01-09 13:30:00,2.349
2013-01-09 14:00:00,2.2539999
2013-01-09 14:30:00,1.571
2013-01-09 15:00:00,1.2819999
2013-01-09 15:30:00,1.494
2013-01-09 16:00:00,1.585
2013-01-09 16:30:00,2.8180001
2013-01-09 17:00:00,2.3080001
2013-01-09 17:30:00,2.3080001
2013-01-09 18:00:00,2.3559999
2013-01-09 18:30:00,2.3080001
2013-01-09 19:00:00,2.283
2013-01-09 19:30:00,1.9450001
2013-01-09 20:00:00,1.799
2013-01-09 20:30:00,1.873
2013-01-09 21:00:00,1.7130001
2013-01-09 21:30:00,1.788
2013-01-09 22:00:00,1.648
2013-01-09 22:30:00,1.854
2013-01-09 23:00:00,1.6799999
2013-01-09 23:30:00,1.853
2013-01-10 00:00:00,1.7819999
2013-01-10 00:30:00,1.5599999
2013-01-10 01:00:00,1.541
2013-01-10 01:30:00,1.3200001
2013-01-10 02:00:00,1.534
2013-01-10 02:30:00,1.3
2013-01-10 03:00:00,1.525
2013-01-10 03:30:00,1.221
2013-01-10 04:00:00,1.546
2013-01-10 04:30:00,1.261
2013-01-10 05:00:00,1.543
2013-01-10 05:30:00,1.278
2013-01-10 06:00:00,1.62
2013-01-10 06:30:00,1.325
2013-01-10 07:00:00,1.8200001
2013-01-10 07:30:00,1.552
2013-01-10 08:00:00,1.923
2013-01-10 08:30:00,2.1470001
2013-01-10 09:00:00,2.2579999
2013-01-10 09:30:00,1.65
2013-01-10 10:00:00,2.2049999
2013-01-10 10:30:00,2.599
2013-01-10 11:00:00,2.3210001
2013-01-10 11:30:00,1.818
2013-01-10 12:00:00,2.5
2013-01-10 12:30:00,2.188
2013-01-10 13:00:00,1.7130001
2013-01-10 13:30:00,3.6070001
2013-01-10 14:00:00,2.6570001
2013-01-10 14:30:00,2.2939999
2013-01-10 15:00:00,2.2179999
2013-01-10 15:30:00,2.027
2013-01-10 16:00:00,3.431
2013-01-10 16:30:00,2.6110001
2013-01-10 17:00:00,1.74
2013-01-10 17:30:00,1.353
2013-01-10 18:00:00,1.429
2013-01-10 18:30:00,1.024
2013-01-10 19:00:00,1.2869999
2013-01-10 19:30:00,1.108
2013-01-10 20:00:00,1.396
2013-01-10 20:30:00,1.0369999
2013-01-10 21:00:00,1.239
2013-01-10 21:30:00,1.092
2013-01-10 22:00:00,1.306
2013-01-10 22:30:00,1.689
2013-01-10 23:00:00,2.7279999
2013-01-10 23:30:00,1.825
2013-01-11 00:00:00,1.755
2013-01-11 00:30:00,1.7029999
2013-01-11 01:00:00,1.665
2013-01-11 01:30:00,1.551
2013-01-11 02:00:00,1.586
2013-01-11 02:30:00,1.523
2013-01-11 03:00:00,1.579
2013-01-11 03:30:00,1.415
2013-01-11 04:00:00,1.574
2013-01-11 04:30:00,1.451
2013-01-11 05:00:00,1.603
2013-01-11 05:30:00,1.488
2013-01-11 06:00:00,1.772
2013-01-11 06:30:00,1.694
2013-01-11 07:00:00,1.87
2013-01-11 07:30:00,1.6619999
2013-01-11 08:00:00,1.831
2013-01-11 08:30:00,2.5250001
2013-01-11 09:00:00,2.714
2013-01-11 09:30:00,3.1570001
2013-01-11 10:00:00,2.95
2013-01-11 10:30:00,2.7679999
2013-01-11 11:00:00,3.079
2013-01-11 11:30:00,1.0930001
2013-01-11 12:00:00,1.002
2013-01-11 12:30:00,0.876
2013-01-11 13:00:00,1.005
2013-01-11 13:30:00,1.432
2013-01-11 14:00:00,1.979
2013-01-11 14:30:00,2.0699999
2013-01-11 15:00:00,1.781
2013-01-11 15:30:00,1.8380001
2013-01-11 16:00:00,1.8789999
2013-01-11 16:30:00,2.2349999
2013-01-11 17:00:00,2.013
2013-01-11 17:30:00,1.902
2013-01-11 18:00:00,1.9299999
2013-01-11 18:30:00,1.942
2013-01-11 19:00:00,2.1730001
2013-01-11 19:30:00,2.138
2013-01-11 20:00:00,2.086
2013-01-11 20:30:00,2.3559999
2013-01-11 21:00:00,2.8169999
2013-01-11 21:30:00,2.7320001
2013-01-11 22:00:00,1.824
2013-01-11 22:30:00,1.739
2013-01-11 23:00:00,1.699
2013-01-11 23:30:00,1.712
2013-01-12 00:00:00,1.715
2013-01-12 00:30:00,1.7130001
2013-01-12 01:00:00,1.7460001
2013-01-12 01:30:00,1.738
2013-01-12 02:00:00,1.72
2013-01-12 02:30:00,1.883
2013-01-12 03:00:00,1.693
2013-01-12 03:30:00,1.681
2013-01-12 04:00:00,1.623
2013-01-12 04:30:00,1.6720001
2013-01-12 05:00:00,1.622
2013-01-12 05:30:00,1.697
2013-01-12 06:00:00,1.829
2013-01-12 06:30:00,1.601
2013-01-12 07:00:00,1.534
2013-01-12 07:30:00,1.552
2013-01-12 08:00:00,1.6900001
2013-01-12 08:30:00,1.798
2013-01-12 09:00:00,1.7
2013-01-12 09:30:00,1.676
2013-01-12 10:00:00,1.8329999
2013-01-12 10:30:00,2.645
2013-01-12 11:00:00,1.456
2013-01-12 11:30:00,2.2950001
2013-01-12 12:00:00,0.65
2013-01-12 12:30:00,0.875
2013-01-12 13:00:00,0.824
2013-01-12 13:30:00,0.831
2013-01-12 14:00:00,0.519
2013-01-12 14:30:00,0.825
2013-01-12 15:00:00,0.795
2013-01-12 15:30:00,1.228
2013-01-12 16:00:00,0.74
2013-01-12 16:30:00,0.261
2013-01-12 17:00:00,0.344
2013-01-12 17:30:00,0.476
2013-01-12 18:00:00,0.578
2013-01-12 18:30:00,0.625
2013-01-12 19:00:00,0.851
2013-01-12 19:30:00,0.855
2013-01-12 20:00:00,1.171
2013-01-12 20:30:00,0.97
2013-01-12 21:00:00,1.761
2013-01-12 21:30:00,1.818
2013-01-12 22:00:00,1.748
2013-01-12 22:30:00,1.6
2013-01-12 23:00:00,1.7410001
2013-01-12 23:30:00,1.5470001
2013-01-13 00:00:00,1.7359999
2013-01-13 00:30:00,1.562
2013-01-13 01:00:00,1.904
2013-01-13 01:30:00,1.373
2013-01-13 02:00:00,1.5420001
2013-01-13 02:30:00,1.45
2013-01-13 03:00:00,1.513
2013-01-13 03:30:00,1.404
2013-01-13 04:00:00,1.4529999
2013-01-13 04:30:00,1.335
2013-01-13 05:00:00,1.5650001
2013-01-13 05:30:00,1.266
2013-01-13 06:00:00,1.5470001
2013-01-13 06:30:00,1.397
2013-01-13 07:00:00,1.852
2013-01-13 07:30:00,1.779
2013-01-13 08:00:00,1.818
2013-01-13 08:30:00,1.826
2013-01-13 09:00:00,2.2939999
2013-01-13 09:30:00,2.823
2013-01-13 10:00:00,1.808
2013-01-13 10:30:00,2.3540001
2013-01-13 11:00:00,1.166
2013-01-13 11:30:00,0.515
2013-01-13 12:00:00,1.874
2013-01-13 12:30:00,1.947
2013-01-13 13:00:00,1.27
2013-01-13 13:30:00,1.177
2013-01-13 14:00:00,1.679
2013-01-13 14:30:00,1.678
2013-01-13 15:00:00,1.914
2013-01-13 15:30:00,2.1719999
2013-01-13 16:00:00,1.851
2013-01-13 16:30:00,2.059
2013-01-13 17:00:00,0.612
2013-01-13 17:30:00,0.704
2013-01-13 18:00:00,0.656
2013-01-13 18:30:00,0.855
2013-01-13 19:00:00,0.784
2013-01-13 19:30:00,1.0700001
2013-01-13 20:00:00,1.094
2013-01-13 20:30:00,1.092
2013-01-13 21:00:00,0.886
2013-01-13 21:30:00,1.1950001
2013-01-13 22:00:00,0.824
2013-01-13 22:30:00,0.981
2013-01-13 23:00:00,0.761
2013-01-13 23:30:00,1.125
2013-01-14 00:00:00,0.733
2013-01-14 00:30:00,1.188
2013-01-14 01:00:00,0.774
2013-01-14 01:30:00,1.059
2013-01-14 02:00:00,0.947
2013-01-14 02:30:00,1.296
2013-01-14 03:00:00,1.288
2013-01-14 03:30:00,1.322
2013-01-14 04:00:00,1.002
2013-01-14 04:30:00,1.278
2013-01-14 05:00:00,0.913
2013-01-14 05:30:00,1.148
2013-01-14 06:00:00,0.943
2013-01-14 06:30:00,1.207
2013-01-14 07:00:00,0.986
2013-01-14 07:30:00,2.0550001
2013-01-14 08:00:00,1.117
2013-01-14 08:30:00,1.5039999
2013-01-14 09:00:00,1.152
2013-01-14 09:30:00,1.631
2013-01-14 10:00:00,2.73
2013-01-14 10:30:00,3.8239999
2013-01-14 11:00:00,2.8800001
2013-01-14 11:30:00,2.4460001
2013-01-14 12:00:00,1.3839999
2013-01-14 12:30:00,1.308
2013-01-14 13:00:00,1.074
2013-01-14 13:30:00,1.225
2013-01-14 14:00:00,0.923
2013-01-14 14:30:00,1.268
2013-01-14 15:00:00,0.906
2013-01-14 15:30:00,1.113
2013-01-14 16:00:00,1.0369999
2013-01-14 16:30:00,1.059
2013-01-14 17:00:00,1.074
2013-01-14 17:30:00,1.446
2013-01-14 18:00:00,1.148
2013-01-14 18:30:00,1.423
2013-01-14 19:00:00,0.815
2013-01-14 19:30:00,1.027
2013-01-14 20:00:00,0.711
2013-01-14 20:30:00,1.119
2013-01-14 21:00:00,0.931
2013-01-14 21:30:00,1.2410001
2013-01-14 22:00:00,1.05
2013-01-14 22:30:00,1.215
2013-01-14 23:00:00,0.799
2013-01-14 23:30:00,1.1849999
2013-01-15 00:00:00,0.788
2013-01-15 00:30:00,1.159
2013-01-15 01:00:00,0.79
2013-01-15 01:30:00,1.04
2013-01-15 02:00:00,1.226
2013-01-15 02:30:00,1.3099999
2013-01-15 03:00:00,1.03
2013-01-15 03:30:00,1.2
2013-01-15 04:00:00,0.818
2013-01-15 04:30:00,1.2690001
2013-01-15 05:00:00,0.726
2013-01-15 05:30:00,1.131
2013-01-15 06:00:00,0.925
2013-01-15 06:30:00,1.141
2013-01-15 07:00:00,0.952
2013-01-15 07:30:00,1.913
2013-01-15 08:00:00,1.2180001
2013-01-15 08:30:00,1.597
2013-01-15 09:00:00,1.0599999
2013-01-15 09:30:00,1.316
2013-01-15 10:00:00,1.152
2013-01-15 10:30:00,1.535
2013-01-15 11:00:00,0.945
2013-01-15 11:30:00,1.392
2013-01-15 12:00:00,1.433
2013-01-15 12:30:00,1.267
2013-01-15 13:00:00,0.827
2013-01-15 13:30:00,1.149
2013-01-15 14:00:00,0.916
2013-01-15 14:30:00,1.169
2013-01-15 15:00:00,0.811
2013-01-15 15:30:00,1.086
2013-01-15 16:00:00,0.882
2013-01-15 16:30:00,1.656
2013-01-15 17:00:00,1.051
2013-01-15 17:30:00,1.329
2013-01-15 18:00:00,0.906
2013-01-15 18:30:00,1.518
2013-01-15 19:00:00,1.247
2013-01-15 19:30:00,1.531
2013-01-15 20:00:00,1.201
2013-01-15 20:30:00,1.645
2013-01-15 21:00:00,1.156
2013-01-15 21:30:00,1.6
2013-01-15 22:00:00,1.187
2013-01-15 22:30:00,1.405
2013-01-15 23:00:00,0.876
2013-01-15 23:30:00,1.296
2013-01-16 00:00:00,0.913
2013-01-16 00:30:00,1.265
2013-01-16 01:00:00,0.959
2013-01-16 01:30:00,1.317
2013-01-16 02:00:00,0.931
2013-01-16 02:30:00,1.576
2013-01-16 03:00:00,1.05
2013-01-16 03:30:00,1.416
2013-01-16 04:00:00,1.156
2013-01-16 04:30:00,1.2819999
2013-01-16 05:00:00,0.919
2013-01-16 05:30:00,1.319
2013-01-16 06:00:00,0.897
2013-01-16 06:30:00,1.387
2013-01-16 07:00:00,0.893
2013-01-16 07:30:00,1.533
2013-01-16 08:00:00,1.085
2013-01-16 08:30:00,1.72
2013-01-16 09:00:00,1.3150001
2013-01-16 09:30:00,1.5650001
2013-01-16 10:00:00,1.3200001
2013-01-16 10:30:00,1.8430001
2013-01-16 11:00:00,1.5829999
2013-01-16 11:30:00,2.3139999
2013-01-16 12:00:00,1.522
2013-01-16 12:30:00,2.0650001
2013-01-16 13:00:00,2.188
2013-01-16 13:30:00,2.3570001
2013-01-16 14:00:00,1.737
2013-01-16 14:30:00,1.997
2013-01-16 15:00:00,1.459
2013-01-16 15:30:00,2.039
2013-01-16 16:00:00,1.944
2013-01-16 16:30:00,1.602
2013-01-16 17:00:00,1.238
2013-01-16 17:30:00,1.3430001
2013-01-16 18:00:00,1.011
2013-01-16 18:30:00,1.331
2013-01-16 19:00:00,1.303
2013-01-16 19:30:00,1.603
2013-01-16 20:00:00,1.191
2013-01-16 20:30:00,1.609
2013-01-16 21:00:00,1.1109999
2013-01-16 21:30:00,2.2409999
2013-01-16 22:00:00,1.313
2013-01-16 22:30:00,1.892
2013-01-16 23:00:00,2.306
2013-01-16 23:30:00,2.569
2013-01-17 00:00:00,1.424
2013-01-17 00:30:00,1.844
2013-01-17 01:00:00,1.3559999
2013-01-17 01:30:00,1.518
2013-01-17 02:00:00,1.114
2013-01-17 02:30:00,1.386
2013-01-17 03:00:00,0.953
2013-01-17 03:30:00,1.378
2013-01-17 04:00:00,0.989
2013-01-17 04:30:00,1.414
2013-01-17 05:00:00,0.978
2013-01-17 05:30:00,1.3150001
2013-01-17 06:00:00,1.041
2013-01-17 06:30:00,1.5140001
2013-01-17 07:00:00,1.904
2013-01-17 07:30:00,2.8889999
2013-01-17 08:00:00,1.441
2013-01-17 08:30:00,1.747
2013-01-17 09:00:00,1.528
2013-01-17 09:30:00,1.515
2013-01-17 10:00:00,1.48
2013-01-17 10:30:00,2.142
2013-01-17 11:00:00,2.0079999
2013-01-17 11:30:00,2.092
2013-01-17 12:00:00,1.346
2013-01-17 12:30:00,2.0009999
2013-01-17 13:00:00,1.332
2013-01-17 13:30:00,2.131
2013-01-17 14:00:00,1.457
2013-01-17 14:30:00,1.902
2013-01-17 15:00:00,1.171
2013-01-17 15:30:00,1.693
2013-01-17 16:00:00,1.548
2013-01-17 16:30:00,2.707
2013-01-17 17:00:00,2.2079999
2013-01-17 17:30:00,1.837
2013-01-17 18:00:00,3.194
2013-01-17 18:30:00,1.964
2013-01-17 19:00:00,1.3329999
2013-01-17 19:30:00,2.4849999
2013-01-17 20:00:00,1.719
2013-01-17 20:30:00,1.818
2013-01-17 21:00:00,1.352
2013-01-17 21:30:00,1.559
2013-01-17 22:00:00,0.917
2013-01-17 22:30:00,1.3890001
2013-01-17 23:00:00,1.082
2013-01-17 23:30:00,1.433
2013-01-18 00:00:00,0.89
2013-01-18 00:30:00,1.341
2013-01-18 01:00:00,0.898
2013-01-18 01:30:00,1.4400001
2013-01-18 02:00:00,0.868
2013-01-18 02:30:00,1.289
2013-01-18 03:00:00,0.924
2013-01-18 03:30:00,1.295
2013-01-18 04:00:00,0.972
2013-01-18 04:30:00,1.2539999
2013-01-18 05:00:00,0.959
2013-01-18 05:30:00,1.358
2013-01-18 06:00:00,0.863
2013-01-18 06:30:00,1.355
2013-01-18 07:00:00,0.971
2013-01-18 07:30:00,1.561
2013-01-18 08:00:00,1.201
2013-01-18 08:30:00,1.842
2013-01-18 09:00:00,1.452
2013-01-18 09:30:00,1.848
2013-01-18 10:00:00,2.029
2013-01-18 10:30:00,2.2019999
2013-01-18 11:00:00,2.1789999
2013-01-18 11:30:00,3.0610001
2013-01-18 12:00:00,2.142
2013-01-18 12:30:00,2.115
2013-01-18 13:00:00,1.807
2013-01-18 13:30:00,2.4679999
2013-01-18 14:00:00,3.1659999
2013-01-18 14:30:00,2.9949999
2013-01-18 15:00:00,2.221
2013-01-18 15:30:00,2.727
2013-01-18 16:00:00,2.0650001
2013-01-18 16:30:00,2.256
2013-01-18 17:00:00,1.803
2013-01-18 17:30:00,2.0569999
2013-01-18 18:00:00,1.872
2013-01-18 18:30:00,2.0699999
2013-01-18 19:00:00,1.7410001
2013-01-18 19:30:00,2.1919999
2013-01-18 20:00:00,1.821
2013-01-18 20:30:00,1.943
2013-01-18 21:00:00,1.9529999
2013-01-18 21:30:00,1.965
2013-01-18 22:00:00,1.697
2013-01-18 22:30:00,1.807
2013-01-18 23:00:00,1.483
2013-01-18 23:30:00,1.8380001
2013-01-19 00:00:00,1.523
2013-01-19 00:30:00,1.73
2013-01-19 01:00:00,1.559
2013-01-19 01:30:00,1.715
2013-01-19 02:00:00,1.572
2013-01-19 02:30:00,1.652
2013-01-19 03:00:00,1.548
2013-01-19 03:30:00,1.946
2013-01-19 04:00:00,1.7589999
2013-01-19 04:30:00,1.774
2013-01-19 05:00:00,1.4809999
2013-01-19 05:30:00,1.778
2013-01-19 06:00:00,1.473
2013-01-19 06:30:00,1.526
2013-01-19 07:00:00,1.55
2013-01-19 07:30:00,1.587
2013-01-19 08:00:00,1.627
2013-01-19 08:30:00,1.5190001
2013-01-19 09:00:00,1.786
2013-01-19 09:30:00,1.919
2013-01-19 10:00:00,1.878
2013-01-19 10:30:00,2.0109999
2013-01-19 11:00:00,1.761
2013-01-19 11:30:00,2.3540001
2013-01-19 12:00:00,3.9070001
2013-01-19 12:30:00,3.2820001
2013-01-19 13:00:00,2.4630001
2013-01-19 13:30:00,3.71
2013-01-19 14:00:00,2.2219999
2013-01-19 14:30:00,1.5319999
2013-01-19 15:00:00,1.3
2013-01-19 15:30:00,1.52
2013-01-19 16:00:00,1.477
2013-01-19 16:30:00,2.217
2013-01-19 17:00:00,2.55
2013-01-19 17:30:00,2.3340001
2013-01-19 18:00:00,2.714
2013-01-19 18:30:00,2.3280001
2013-01-19 19:00:00,2.4590001
2013-01-19 19:30:00,2.385
2013-01-19 20:00:00,2.5510001
2013-01-19 20:30:00,2.052
2013-01-19 21:00:00,1.9809999
2013-01-19 21:30:00,1.952
2013-01-19 22:00:00,2.0480001
2013-01-19 22:30:00,1.872
2013-01-19 23:00:00,1.992
2013-01-19 23:30:00,1.823
2013-01-20 00:00:00,2.346
2013-01-20 00:30:00,1.882
2013-01-20 01:00:00,1.941
2013-01-20 01:30:00,1.605
2013-01-20 02:00:00,1.86
2013-01-20 02:30:00,1.804
2013-01-20 03:00:00,1.819
2013-01-20 03:30:00,1.582
2013-01-20 04:00:00,1.908
2013-01-20 04:30:00,1.559
2013-01-20 05:00:00,1.824
2013-01-20 05:30:00,1.873
2013-01-20 06:00:00,1.7309999
2013-01-20 06:30:00,1.551
2013-01-20 07:00:00,1.937
2013-01-20 07:30:00,1.554
2013-01-20 08:00:00,1.676
2013-01-20 08:30:00,2.4089999
2013-01-20 09:00:00,2.2119999
2013-01-20 09:30:00,2.109
2013-01-20 10:00:00,1.973
2013-01-20 10:30:00,1.85
2013-01-20 11:00:00,1.518
2013-01-20 11:30:00,0.674
2013-01-20 12:00:00,0.882
2013-01-20 12:30:00,1.145
2013-01-20 13:00:00,1.987
2013-01-20 13:30:00,0.971
2013-01-20 14:00:00,1.219
2013-01-20 14:30:00,1.0599999
2013-01-20 15:00:00,1.052
2013-01-20 15:30:00,1.178
2013-01-20 16:00:00,1.359
2013-01-20 16:30:00,1.53
2013-01-20 17:00:00,1.501
2013-01-20 17:30:00,1.48
2013-01-20 18:00:00,1.518
2013-01-20 18:30:00,1.661
2013-01-20 19:00:00,1.358
2013-01-20 19:30:00,1.357
2013-01-20 20:00:00,1.173
2013-01-20 20:30:00,1.4
2013-01-20 21:00:00,1.319
2013-01-20 21:30:00,1.506
2013-01-20 22:00:00,1.433
2013-01-20 22:30:00,1.5190001
2013-01-20 23:00:00,2.438
2013-01-20 23:30:00,2.6229999
2013-01-21 00:00:00,2.3199999
2013-01-21 00:30:00,2.234
2013-01-21 01:00:00,1.737
2013-01-21 01:30:00,2.0109999
2013-01-21 02:00:00,1.813
2013-01-21 02:30:00,1.905
2013-01-21 03:00:00,1.655
2013-01-21 03:30:00,2.118
2013-01-21 04:00:00,1.568
2013-01-21 04:30:00,1.9
2013-01-21 05:00:00,2.046
2013-01-21 05:30:00,2.0020001
2013-01-21 06:00:00,1.553
2013-01-21 06:30:00,1.86
2013-01-21 07:00:00,1.683
2013-01-21 07:30:00,1.91
2013-01-21 08:00:00,1.84
2013-01-21 08:30:00,2.02
2013-01-21 09:00:00,1.765
2013-01-21 09:30:00,2.0090001
2013-01-21 10:00:00,2.783
2013-01-21 10:30:00,2.5999999
2013-01-21 11:00:00,1.548
2013-01-21 11:30:00,1.9910001
2013-01-21 12:00:00,2.2720001
2013-01-21 12:30:00,2.0539999
2013-01-21 13:00:00,1.906
2013-01-21 13:30:00,1.641
2013-01-21 14:00:00,1.126
2013-01-21 14:30:00,0.937
2013-01-21 15:00:00,0.803
2013-01-21 15:30:00,1.13
2013-01-21 16:00:00,1.123
2013-01-21 16:30:00,1.085
2013-01-21 17:00:00,1.085
2013-01-21 17:30:00,1.6720001
2013-01-21 18:00:00,1.433
2013-01-21 18:30:00,1.4170001
2013-01-21 19:00:00,1.362
2013-01-21 19:30:00,1.529
2013-01-21 20:00:00,1.3559999
2013-01-21 20:30:00,1.533
2013-01-21 21:00:00,1.357
2013-01-21 21:30:00,1.425
2013-01-21 22:00:00,1.171
2013-01-21 22:30:00,1.145
2013-01-21 23:00:00,1.108
2013-01-21 23:30:00,1.484
2013-01-22 00:00:00,1.079
2013-01-22 00:30:00,1.238
2013-01-22 01:00:00,1.1619999
2013-01-22 01:30:00,1.455
2013-01-22 02:00:00,1.511
2013-01-22 02:30:00,1.674
2013-01-22 03:00:00,1.456
2013-01-22 03:30:00,1.512
2013-01-22 04:00:00,1.1440001
2013-01-22 04:30:00,1.557
2013-01-22 05:00:00,1.148
2013-01-22 05:30:00,1.461
2013-01-22 06:00:00,1.2640001
2013-01-22 06:30:00,1.419
2013-01-22 07:00:00,1.23
2013-01-22 07:30:00,1.747
2013-01-22 08:00:00,1.421
2013-01-22 08:30:00,2.158
2013-01-22 09:00:00,1.505
2013-01-22 09:30:00,1.745
2013-01-22 10:00:00,1.457
2013-01-22 10:30:00,1.609
2013-01-22 11:00:00,1.28
2013-01-22 11:30:00,1.358
2013-01-22 12:00:00,1.013
2013-01-22 12:30:00,1.244
2013-01-22 13:00:00,1.275
2013-01-22 13:30:00,1.149
2013-01-22 14:00:00,0.998
2013-01-22 14:30:00,1.545
2013-01-22 15:00:00,1.03
2013-01-22 15:30:00,1.128
2013-01-22 16:00:00,1.096
2013-01-22 16:30:00,1.448
2013-01-22 17:00:00,1.059
2013-01-22 17:30:00,1.17
2013-01-22 18:00:00,1.321
2013-01-22 18:30:00,1.5700001
2013-01-22 19:00:00,1.25
2013-01-22 19:30:00,2.665
2013-01-22 20:00:00,1.706
2013-01-22 20:30:00,2.2820001
2013-01-22 21:00:00,2.3
2013-01-22 21:30:00,1.624
2013-01-22 22:00:00,1.346
2013-01-22 22:30:00,1.597
2013-01-22 23:00:00,1.1440001
2013-01-22 23:30:00,1.23
2013-01-23 00:00:00,1.335
2013-01-23 00:30:00,1.312
2013-01-23 01:00:00,1.1440001
2013-01-23 01:30:00,1.3200001
2013-01-23 02:00:00,1.154
2013-01-23 02:30:00,1.494
2013-01-23 03:00:00,1.201
2013-01-23 03:30:00,1.678
2013-01-23 04:00:00,1.401
2013-01-23 04:30:00,1.446
2013-01-23 05:00:00,1.001
2013-01-23 05:30:00,1.331
2013-01-23 06:00:00,1.265
2013-01-23 06:30:00,1.393
2013-01-23 07:00:00,1.022
2013-01-23 07:30:00,1.4
2013-01-23 08:00:00,1.3150001
2013-01-23 08:30:00,1.082
2013-01-23 09:00:00,1.2180001
2013-01-23 09:30:00,1.459
2013-01-23 10:00:00,1.1720001
2013-01-23 10:30:00,1.609
2013-01-23 11:00:00,1.395
2013-01-23 11:30:00,1.5470001
2013-01-23 12:00:00,1.679
2013-01-23 12:30:00,2.0039999
2013-01-23 13:00:00,1.388
2013-01-23 13:30:00,1.8329999
2013-01-23 14:00:00,1.576
2013-01-23 14:30:00,2.3010001
2013-01-23 15:00:00,1.951
2013-01-23 15:30:00,1.979
2013-01-23 16:00:00,1.224
2013-01-23 16:30:00,1.637
2013-01-23 17:00:00,1.239
2013-01-23 17:30:00,1.524
2013-01-23 18:00:00,0.815
2013-01-23 18:30:00,1.472
2013-01-23 19:00:00,1.043
2013-01-23 19:30:00,1.41
2013-01-23 20:00:00,0.995
2013-01-23 20:30:00,1.476
2013-01-23 21:00:00,0.861
2013-01-23 21:30:00,1.252
2013-01-23 22:00:00,1.173
2013-01-23 22:30:00,1.347
2013-01-23 23:00:00,0.813
2013-01-23 23:30:00,1.3559999
2013-01-24 00:00:00,1.135
2013-01-24 00:30:00,1.143
2013-01-24 01:00:00,1.022
2013-01-24 01:30:00,1.362
2013-01-24 02:00:00,1.158
2013-01-24 02:30:00,1.2640001
2013-01-24 03:00:00,1.204
2013-01-24 03:30:00,1.169
2013-01-24 04:00:00,1.3150001
2013-01-24 04:30:00,1.329
2013-01-24 05:00:00,0.818
2013-01-24 05:30:00,1.415
2013-01-24 06:00:00,1.026
2013-01-24 06:30:00,1.37
2013-01-24 07:00:00,0.9
2013-01-24 07:30:00,1.293
2013-01-24 08:00:00,1.168
2013-01-24 08:30:00,1.131
2013-01-24 09:00:00,1.108
2013-01-24 09:30:00,1.252
2013-01-24 10:00:00,0.933
2013-01-24 10:30:00,1.3329999
2013-01-24 11:00:00,1.223
2013-01-24 11:30:00,1.1849999
2013-01-24 12:00:00,0.967
2013-01-24 12:30:00,1.2819999
2013-01-24 13:00:00,1.024
2013-01-24 13:30:00,1.399
2013-01-24 14:00:00,0.959
2013-01-24 14:30:00,1.238
2013-01-24 15:00:00,0.925
2013-01-24 15:30:00,1.399
2013-01-24 16:00:00,0.84
2013-01-24 16:30:00,1.312
2013-01-24 17:00:00,0.92
2013-01-24 17:30:00,1.311
2013-01-24 18:00:00,0.95
2013-01-24 18:30:00,1.268
2013-01-24 19:00:00,1.012
2013-01-24 19:30:00,1.4299999
2013-01-24 20:00:00,0.85
2013-01-24 20:30:00,1.51
2013-01-24 21:00:00,0.89
2013-01-24 21:30:00,1.414
2013-01-24 22:00:00,0.813
2013-01-24 22:30:00,1.459
2013-01-24 23:00:00,1.036
2013-01-24 23:30:00,1.3380001
2013-01-25 00:00:00,0.948
2013-01-25 00:30:00,1.281
2013-01-25 01:00:00,1.112
2013-01-25 01:30:00,1.434
2013-01-25 02:00:00,0.924
2013-01-25 02:30:00,1.3
2013-01-25 03:00:00,1.188
2013-01-25 03:30:00,1.2819999
2013-01-25 04:00:00,0.984
2013-01-25 04:30:00,1.351
2013-01-25 05:00:00,1.115
2013-01-25 05:30:00,1.288
2013-01-25 06:00:00,0.93
2013-01-25 06:30:00,1.37
2013-01-25 07:00:00,0.943
2013-01-25 07:30:00,1.427
2013-01-25 08:00:00,0.77
2013-01-25 08:30:00,1.441
2013-01-25 09:00:00,0.955
2013-01-25 09:30:00,1.402
2013-01-25 10:00:00,0.96
2013-01-25 10:30:00,1.253
2013-01-25 11:00:00,0.887
2013-01-25 11:30:00,1.427
2013-01-25 12:00:00,1.0089999
2013-01-25 12:30:00,1.256
2013-01-25 13:00:00,0.84
2013-01-25 13:30:00,1.36
2013-01-25 14:00:00,0.987
2013-01-25 14:30:00,1.243
2013-01-25 15:00:00,0.9
2013-01-25 15:30:00,1.317
2013-01-25 16:00:00,1.152
2013-01-25 16:30:00,1.187
2013-01-25 17:00:00,0.948
2013-01-25 17:30:00,1.132
2013-01-25 18:00:00,1.067
2013-01-25 18:30:00,1.3279999
2013-01-25 19:00:00,0.755
2013-01-25 19:30:00,1.4069999
2013-01-25 20:00:00,1.079
2013-01-25 20:30:00,1.402
2013-01-25 21:00:00,0.907
2013-01-25 21:30:00,1.476
2013-01-25 22:00:00,0.939
2013-01-25 22:30:00,1.222
2013-01-25 23:00:00,1.239
2013-01-25 23:30:00,1.226
2013-01-26 00:00:00,0.945
2013-01-26 00:30:00,1.473
2013-01-26 01:00:00,0.857
2013-01-26 01:30:00,1.558
2013-01-26 02:00:00,1.112
2013-01-26 02:30:00,1.533
2013-01-26 03:00:00,0.897
2013-01-26 03:30:00,1.316
2013-01-26 04:00:00,1.015
2013-01-26 04:30:00,1.553
2013-01-26 05:00:00,1.05
2013-01-26 05:30:00,1.335
2013-01-26 06:00:00,0.968
2013-01-26 06:30:00,1.6160001
2013-01-26 07:00:00,0.789
2013-01-26 07:30:00,1.442
2013-01-26 08:00:00,0.953
2013-01-26 08:30:00,1.613
2013-01-26 09:00:00,0.903
2013-01-26 09:30:00,1.4069999
2013-01-26 10:00:00,1.1210001
2013-01-26 10:30:00,1.3710001
2013-01-26 11:00:00,1.063
2013-01-26 11:30:00,1.303
2013-01-26 12:00:00,1.104
2013-01-26 12:30:00,1.284
2013-01-26 13:00:00,0.846
2013-01-26 13:30:00,1.325
2013-01-26 14:00:00,1.109
2013-01-26 14:30:00,1.029
2013-01-26 15:00:00,1.038
2013-01-26 15:30:00,1.272
2013-01-26 16:00:00,0.99
2013-01-26 16:30:00,1.0319999
2013-01-26 17:00:00,1.015
2013-01-26 17:30:00,1.288
2013-01-26 18:00:00,0.861
2013-01-26 18:30:00,1.314
2013-01-26 19:00:00,1.013
2013-01-26 19:30:00,1.288
2013-01-26 20:00:00,0.997
2013-01-26 20:30:00,1.317
2013-01-26 21:00:00,1.052
2013-01-26 21:30:00,1.383
2013-01-26 22:00:00,0.985
2013-01-26 22:30:00,1.344
2013-01-26 23:00:00,0.893
2013-01-26 23:30:00,1.324
2013-01-27 00:00:00,1.1619999
2013-01-27 00:30:00,1.168
2013-01-27 01:00:00,1.091
2013-01-27 01:30:00,1.331
2013-01-27 02:00:00,1.077
2013-01-27 02:30:00,1.301
2013-01-27 03:00:00,0.958
2013-01-27 03:30:00,1.411
2013-01-27 04:00:00,1.062
2013-01-27 04:30:00,1.319
2013-01-27 05:00:00,0.952
2013-01-27 05:30:00,1.563
2013-01-27 06:00:00,0.853
2013-01-27 06:30:00,1.476
2013-01-27 07:00:00,0.883
2013-01-27 07:30:00,1.22
2013-01-27 08:00:00,1.035
2013-01-27 08:30:00,1.339
2013-01-27 09:00:00,1.3839999
2013-01-27 09:30:00,1.0319999
2013-01-27 10:00:00,1.112
2013-01-27 10:30:00,1.432
2013-01-27 11:00:00,0.915
2013-01-27 11:30:00,1.375
2013-01-27 12:00:00,0.787
2013-01-27 12:30:00,1.1569999
2013-01-27 13:00:00,1.112
2013-01-27 13:30:00,0.926
2013-01-27 14:00:00,1.062
2013-01-27 14:30:00,1.214
2013-01-27 15:00:00,0.715
2013-01-27 15:30:00,1.094
2013-01-27 16:00:00,0.66
2013-01-27 16:30:00,1.235
2013-01-27 17:00:00,1.036
2013-01-27 17:30:00,0.816
2013-01-27 18:00:00,1.0369999
2013-01-27 18:30:00,1.0599999
2013-01-27 19:00:00,0.765
2013-01-27 19:30:00,1.3200001
2013-01-27 20:00:00,0.859
2013-01-27 20:30:00,1.4069999
2013-01-27 21:00:00,0.59
2013-01-27 21:30:00,1.256
2013-01-27 22:00:00,0.704
2013-01-27 22:30:00,1.5700001
2013-01-27 23:00:00,0.638
2013-01-27 23:30:00,1.299
2013-01-28 00:00:00,0.709
2013-01-28 00:30:00,1.388
2013-01-28 01:00:00,0.615
2013-01-28 01:30:00,1.352
2013-01-28 02:00:00,0.973
2013-01-28 02:30:00,1.346
2013-01-28 03:00:00,0.737
2013-01-28 03:30:00,1.517
2013-01-28 04:00:00,1.007
2013-01-28 04:30:00,0.945
2013-01-28 05:00:00,1.227
2013-01-28 05:30:00,1.036
2013-01-28 06:00:00,1.0650001
2013-01-28 06:30:00,1.263
2013-01-28 07:00:00,0.799
2013-01-28 07:30:00,1.454
2013-01-28 08:00:00,0.734
2013-01-28 08:30:00,1.263
2013-01-28 09:00:00,1.041
2013-01-28 09:30:00,1.209
2013-01-28 10:00:00,1.0319999
2013-01-28 10:30:00,1.2539999
2013-01-28 11:00:00,0.704
2013-01-28 11:30:00,1.1569999
2013-01-28 12:00:00,1.024
2013-01-28 12:30:00,1.091
2013-01-28 13:00:00,1.033
2013-01-28 13:30:00,1.036
2013-01-28 14:00:00,1.142
2013-01-28 14:30:00,1.082
2013-01-28 15:00:00,1.126
2013-01-28 15:30:00,1.251
2013-01-28 16:00:00,1.066
2013-01-28 16:30:00,1.457
2013-01-28 17:00:00,0.759
2013-01-28 17:30:00,1.352
2013-01-28 18:00:00,1.163
2013-01-28 18:30:00,1.04
2013-01-28 19:00:00,1.074
2013-01-28 19:30:00,1.2359999
2013-01-28 20:00:00,1.201
2013-01-28 20:30:00,1.149
2013-01-28 21:00:00,0.956
2013-01-28 21:30:00,1.056
2013-01-28 22:00:00,1.184
2013-01-28 22:30:00,1.418
2013-01-28 23:00:00,0.774
2013-01-28 23:30:00,1.489
2013-01-29 00:00:00,0.873
2013-01-29 00:30:00,1.3049999
2013-01-29 01:00:00,1.158
2013-01-29 01:30:00,1.437
2013-01-29 02:00:00,0.859
2013-01-29 02:30:00,1.34
2013-01-29 03:00:00,1.071
2013-01-29 03:30:00,1.326
2013-01-29 04:00:00,1.127
2013-01-29 04:30:00,1.382
2013-01-29 05:00:00,0.948
2013-01-29 05:30:00,1.319
2013-01-29 06:00:00,0.928
2013-01-29 06:30:00,1.153
2013-01-29 07:00:00,1.013
2013-01-29 07:30:00,1.1670001
2013-01-29 08:00:00,1.05
2013-01-29 08:30:00,1.017
2013-01-29 09:00:00,1.163
2013-01-29 09:30:00,1.326
2013-01-29 10:00:00,1.142
2013-01-29 10:30:00,1.284
2013-01-29 11:00:00,0.925
2013-01-29 11:30:00,1.226
2013-01-29 12:00:00,1.12
2013-01-29 12:30:00,1.271
2013-01-29 13:00:00,1.09
2013-01-29 13:30:00,1.2640001
2013-01-29 14:00:00,1.067
2013-01-29 14:30:00,1.27
2013-01-29 15:00:00,1.035
2013-01-29 15:30:00,1.272
2013-01-29 16:00:00,1.128
2013-01-29 16:30:00,1.013
2013-01-29 17:00:00,1.035
2013-01-29 17:30:00,1.284
2013-01-29 18:00:00,1.109
2013-01-29 18:30:00,1.275
2013-01-29 19:00:00,1.008
2013-01-29 19:30:00,1.322
2013-01-29 20:00:00,1.0880001
2013-01-29 20:30:00,1.2460001
2013-01-29 21:00:00,1.015
2013-01-29 21:30:00,1.33
2013-01-29 22:00:00,1.098
2013-01-29 22:30:00,1.2359999
2013-01-29 23:00:00,0.724
2013-01-29 23:30:00,1.2029999
2013-01-30 00:00:00,1.112
2013-01-30 00:30:00,1.036
2013-01-30 01:00:00,0.985
2013-01-30 01:30:00,1.39
2013-01-30 02:00:00,1.072
2013-01-30 02:30:00,1.21
2013-01-30 03:00:00,1.108
2013-01-30 03:30:00,1.2819999
2013-01-30 04:00:00,0.673
2013-01-30 04:30:00,1.202
2013-01-30 05:00:00,0.951
2013-01-30 05:30:00,0.973
2013-01-30 06:00:00,1.034
2013-01-30 06:30:00,1.039
2013-01-30 07:00:00,1.086
2013-01-30 07:30:00,1.084
2013-01-30 08:00:00,0.803
2013-01-30 08:30:00,1.302
2013-01-30 09:00:00,0.734
2013-01-30 09:30:00,1.051
2013-01-30 10:00:00,1.125
2013-01-30 10:30:00,0.892
2013-01-30 11:00:00,0.902
2013-01-30 11:30:00,1.14
2013-01-30 12:00:00,1.108
2013-01-30 12:30:00,1.137
2013-01-30 13:00:00,0.931
2013-01-30 13:30:00,1.138
2013-01-30 14:00:00,0.973
2013-01-30 14:30:00,0.99
2013-01-30 15:00:00,0.785
2013-01-30 15:30:00,0.902
2013-01-30 16:00:00,1.206
2013-01-30 16:30:00,0.936
2013-01-30 17:00:00,0.844
2013-01-30 17:30:00,1.135
2013-01-30 18:00:00,0.693
2013-01-30 18:30:00,1.0369999
2013-01-30 19:00:00,0.816
2013-01-30 19:30:00,1.136
2013-01-30 20:00:00,1.007
2013-01-30 20:30:00,0.67
2013-01-30 21:00:00,0.945
2013-01-30 21:30:00,0.78
2013-01-30 22:00:00,0.905
2013-01-30 22:30:00,1.256
2013-01-30 23:00:00,0.743
2013-01-30 23:30:00,1.2589999
2013-01-31 00:00:00,0.842
2013-01-31 00:30:00,0.798
2013-01-31 01:00:00,1.151
2013-01-31 01:30:00,1.273
2013-01-31 02:00:00,0.833
2013-01-31 02:30:00,1.355
2013-01-31 03:00:00,0.908
2013-01-31 03:30:00,1.1440001
2013-01-31 04:00:00,1.085
2013-01-31 04:30:00,0.841
2013-01-31 05:00:00,0.996
2013-01-31 05:30:00,1.326
2013-01-31 06:00:00,0.662
2013-01-31 06:30:00,1.421
2013-01-31 07:00:00,1.1440001
2013-01-31 07:30:00,0.846
2013-01-31 08:00:00,0.638
2013-01-31 08:30:00,1.364
2013-01-31 09:00:00,1.09
2013-01-31 09:30:00,0.949
2013-01-31 10:00:00,1.113
2013-01-31 10:30:00,1.322
2013-01-31 11:00:00,0.832
2013-01-31 11:30:00,1.181
2013-01-31 12:00:00,0.872
2013-01-31 12:30:00,1.252
2013-01-31 13:00:00,0.581
2013-01-31 13:30:00,1.101
2013-01-31 14:00:00,1.087
2013-01-31 14:30:00,1.064
2013-01-31 15:00:00,0.854
2013-01-31 15:30:00,0.978
2013-01-31 16:00:00,1.0880001
2013-01-31 16:30:00,0.797
2013-01-31 17:00:00,0.781
2013-01-31 17:30:00,1.201
2013-01-31 18:00:00,0.742
2013-01-31 18:30:00,1.133
2013-01-31 19:00:00,0.78
2013-01-31 19:30:00,0.862
2013-01-31 20:00:00,1.183
2013-01-31 20:30:00,0.815
2013-01-31 21:00:00,1.027
2013-01-31 21:30:00,1.347
2013-01-31 22:00:00,0.675
2013-01-31 22:30:00,1.27
2013-01-31 23:00:00,1.051
2013-01-31 23:30:00,1.051
2013-02-01 00:00:00,1.131
2013-02-01 00:30:00,0.819
2013-02-01 01:00:00,1.158
2013-02-01 01:30:00,1.3049999
2013-02-01 02:00:00,0.709
2013-02-01 02:30:00,1.398
2013-02-01 03:00:00,0.703
2013-02-01 03:30:00,1.39
2013-02-01 04:00:00,0.748
2013-02-01 04:30:00,1.321
2013-02-01 05:00:00,0.827
2013-02-01 05:30:00,1.006
2013-02-01 06:00:00,1.153
2013-02-01 06:30:00,1.209
2013-02-01 07:00:00,0.904
2013-02-01 07:30:00,1.204
2013-02-01 08:00:00,0.874
2013-02-01 08:30:00,1.341
2013-02-01 09:00:00,0.662
2013-02-01 09:30:00,1.253
2013-02-01 10:00:00,0.945
2013-02-01 10:30:00,0.974
2013-02-01 11:00:00,1.125
2013-02-01 11:30:00,0.81
2013-02-01 12:00:00,0.965
2013-02-01 12:30:00,1.062
2013-02-01 13:00:00,0.975
2013-02-01 13:30:00,0.982
2013-02-01 14:00:00,0.867
2013-02-01 14:30:00,1.165
2013-02-01 15:00:00,0.563
2013-02-01 15:30:00,1.086
2013-02-01 16:00:00,1.094
2013-02-01 16:30:00,1.069
2013-02-01 17:00:00,0.61
2013-02-01 17:30:00,1.002
2013-02-01 18:00:00,0.912
2013-02-01 18:30:00,0.934
2013-02-01 19:00:00,1.149
2013-02-01 19:30:00,0.953
2013-02-01 20:00:00,0.873
2013-02-01 20:30:00,1.3430001
2013-02-01 21:00:00,0.843
2013-02-01 21:30:00,1.446
2013-02-01 22:00:00,0.991
2013-02-01 22:30:00,1.204
2013-02-01 23:00:00,0.875
2013-02-01 23:30:00,1.151
2013-02-02 00:00:00,0.897
2013-02-02 00:30:00,0.961
2013-02-02 01:00:00,0.799
2013-02-02 01:30:00,0.962
2013-02-02 02:00:00,0.764
2013-02-02 02:30:00,1.001
2013-02-02 03:00:00,0.71
2013-02-02 03:30:00,0.958
2013-02-02 04:00:00,0.887
2013-02-02 04:30:00,0.907
2013-02-02 05:00:00,0.727
2013-02-02 05:30:00,1.1440001
2013-02-02 06:00:00,0.711
2013-02-02 06:30:00,0.926
2013-02-02 07:00:00,0.879
2013-02-02 07:30:00,0.989
2013-02-02 08:00:00,0.748
2013-02-02 08:30:00,2.661
2013-02-02 09:00:00,1.084
2013-02-02 09:30:00,1.165
2013-02-02 10:00:00,1.005
2013-02-02 10:30:00,1.414
2013-02-02 11:00:00,2.168
2013-02-02 11:30:00,2.3559999
2013-02-02 12:00:00,1.512
2013-02-02 12:30:00,1.665
2013-02-02 13:00:00,2.0510001
2013-02-02 13:30:00,1.438
2013-02-02 14:00:00,1.159
2013-02-02 14:30:00,1.102
2013-02-02 15:00:00,0.615
2013-02-02 15:30:00,1.2920001
2013-02-02 16:00:00,0.73
2013-02-02 16:30:00,0.827
2013-02-02 17:00:00,1.189
2013-02-02 17:30:00,1.325
2013-02-02 18:00:00,2.086
2013-02-02 18:30:00,2.122
2013-02-02 19:00:00,2.247
2013-02-02 19:30:00,2.2449999
2013-02-02 20:00:00,2.178
2013-02-02 20:30:00,2.4289999
2013-02-02 21:00:00,1.686
2013-02-02 21:30:00,1.719
2013-02-02 22:00:00,1.513
2013-02-02 22:30:00,1.772
2013-02-02 23:00:00,1.778
2013-02-02 23:30:00,1.824
2013-02-03 00:00:00,1.755
2013-02-03 00:30:00,1.678
2013-02-03 01:00:00,1.472
2013-02-03 01:30:00,1.63
2013-02-03 02:00:00,1.404
2013-02-03 02:30:00,1.574
2013-02-03 03:00:00,1.485
2013-02-03 03:30:00,1.473
2013-02-03 04:00:00,1.531
2013-02-03 04:30:00,1.591
2013-02-03 05:00:00,1.244
2013-02-03 05:30:00,1.6799999
2013-02-03 06:00:00,1.277
2013-02-03 06:30:00,1.5140001
2013-02-03 07:00:00,1.341
2013-02-03 07:30:00,1.546
2013-02-03 08:00:00,1.955
2013-02-03 08:30:00,1.901
2013-02-03 09:00:00,1.4069999
2013-02-03 09:30:00,1.7920001
2013-02-03 10:00:00,2.339
2013-02-03 10:30:00,1.961
2013-02-03 11:00:00,0.714
2013-02-03 11:30:00,0.684
2013-02-03 12:00:00,1.0369999
2013-02-03 12:30:00,0.929
2013-02-03 13:00:00,0.939
2013-02-03 13:30:00,0.63
2013-02-03 14:00:00,0.493
2013-02-03 14:30:00,0.667
2013-02-03 15:00:00,0.592
2013-02-03 15:30:00,0.542
2013-02-03 16:00:00,0.706
2013-02-03 16:30:00,1.013
2013-02-03 17:00:00,1.882
2013-02-03 17:30:00,1.8279999
2013-02-03 18:00:00,2.0599999
2013-02-03 18:30:00,1.652
2013-02-03 19:00:00,2.3499999
2013-02-03 19:30:00,3.0569999
2013-02-03 20:00:00,1.99
2013-02-03 20:30:00,1.293
2013-02-03 21:00:00,1.646
2013-02-03 21:30:00,1.2180001
2013-02-03 22:00:00,1.603
2013-02-03 22:30:00,1.408
2013-02-03 23:00:00,1.7690001
2013-02-03 23:30:00,1.633
2013-02-04 00:00:00,1.854
2013-02-04 00:30:00,1.266
2013-02-04 01:00:00,1.728
2013-02-04 01:30:00,1.143
2013-02-04 02:00:00,1.76
2013-02-04 02:30:00,1.216
2013-02-04 03:00:00,1.3660001
2013-02-04 03:30:00,1.209
2013-02-04 04:00:00,1.6210001
2013-02-04 04:30:00,1.1
2013-02-04 05:00:00,1.699
2013-02-04 05:30:00,1.0700001
2013-02-04 06:00:00,1.442
2013-02-04 06:30:00,1.0420001
2013-02-04 07:00:00,1.767
2013-02-04 07:30:00,1.0140001
2013-02-04 08:00:00,1.454
2013-02-04 08:30:00,1.243
2013-02-04 09:00:00,1.76
2013-02-04 09:30:00,1.155
2013-02-04 10:00:00,2.5120001
2013-02-04 10:30:00,1.342
2013-02-04 11:00:00,1.001
2013-02-04 11:30:00,0.908
2013-02-04 12:00:00,1.2130001
2013-02-04 12:30:00,1.211
2013-02-04 13:00:00,1.12
2013-02-04 13:30:00,0.352
2013-02-04 14:00:00,0.616
2013-02-04 14:30:00,0.665
2013-02-04 15:00:00,0.271
2013-02-04 15:30:00,0.789
2013-02-04 16:00:00,0.849
2013-02-04 16:30:00,0.225
2013-02-04 17:00:00,0.467
2013-02-04 17:30:00,0.802
2013-02-04 18:00:00,0.726
2013-02-04 18:30:00,0.804
2013-02-04 19:00:00,0.541
2013-02-04 19:30:00,0.839
2013-02-04 20:00:00,0.631
2013-02-04 20:30:00,0.831
2013-02-04 21:00:00,1.28
2013-02-04 21:30:00,0.849
2013-02-04 22:00:00,0.785
2013-02-04 22:30:00,1.255
2013-02-04 23:00:00,1.094
2013-02-04 23:30:00,0.618
2013-02-05 00:00:00,0.575
2013-02-05 00:30:00,0.554
2013-02-05 01:00:00,0.576
2013-02-05 01:30:00,0.837
2013-02-05 02:00:00,0.619
2013-02-05 02:30:00,0.664
2013-02-05 03:00:00,0.635
2013-02-05 03:30:00,1.4069999
2013-02-05 04:00:00,1.124
2013-02-05 04:30:00,0.827
2013-02-05 05:00:00,1.3049999
2013-02-05 05:30:00,0.904
2013-02-05 06:00:00,0.822
2013-02-05 06:30:00,0.922
2013-02-05 07:00:00,0.616
2013-02-05 07:30:00,0.872
2013-02-05 08:00:00,0.599
2013-02-05 08:30:00,1.188
2013-02-05 09:00:00,0.83
2013-02-05 09:30:00,1.327
2013-02-05 10:00:00,1.911
2013-02-05 10:30:00,2.0309999
2013-02-05 11:00:00,0.689
2013-02-05 11:30:00,0.904
2013-02-05 12:00:00,0.485
2013-02-05 12:30:00,0.891
2013-02-05 13:00:00,0.6
2013-02-05 13:30:00,0.955
2013-02-05 14:00:00,0.458
2013-02-05 14:30:00,0.679
2013-02-05 15:00:00,0.59
2013-02-05 15:30:00,0.589
2013-02-05 16:00:00,0.465
2013-02-05 16:30:00,0.729
2013-02-05 17:00:00,1.066
2013-02-05 17:30:00,0.918
2013-02-05 18:00:00,1.076
2013-02-05 18:30:00,1.049
2013-02-05 19:00:00,1.346
2013-02-05 19:30:00,1.397
2013-02-05 20:00:00,0.823
2013-02-05 20:30:00,0.864
2013-02-05 21:00:00,0.661
2013-02-05 21:30:00,0.853
2013-02-05 22:00:00,0.972
2013-02-05 22:30:00,0.874
2013-02-05 23:00:00,0.744
2013-02-05 23:30:00,0.848
2013-02-06 00:00:00,1.406
2013-02-06 00:30:00,1.424
2013-02-06 01:00:00,0.989
2013-02-06 01:30:00,1.119
2013-02-06 02:00:00,0.698
2013-02-06 02:30:00,1.207
2013-02-06 03:00:00,0.664
2013-02-06 03:30:00,1.094
2013-02-06 04:00:00,0.901
2013-02-06 04:30:00,0.928
2013-02-06 05:00:00,0.937
2013-02-06 05:30:00,0.926
2013-02-06 06:00:00,1.057
2013-02-06 06:30:00,0.893
2013-02-06 07:00:00,0.843
2013-02-06 07:30:00,1.247
2013-02-06 08:00:00,0.845
2013-02-06 08:30:00,1.0089999
2013-02-06 09:00:00,1.6109999
2013-02-06 09:30:00,1.983
2013-02-06 10:00:00,2.2260001
2013-02-06 10:30:00,2.168
2013-02-06 11:00:00,1.862
2013-02-06 11:30:00,1.654
2013-02-06 12:00:00,1.697
2013-02-06 12:30:00,1.706
2013-02-06 13:00:00,1.728
2013-02-06 13:30:00,1.584
2013-02-06 14:00:00,1.375
2013-02-06 14:30:00,1.367
2013-02-06 15:00:00,1.14
2013-02-06 15:30:00,1.171
2013-02-06 16:00:00,1.013
2013-02-06 16:30:00,1.17
2013-02-06 17:00:00,1.199
2013-02-06 17:30:00,1.146
2013-02-06 18:00:00,1.309
2013-02-06 18:30:00,1.469
2013-02-06 19:00:00,1.242
2013-02-06 19:30:00,1.152
2013-02-06 20:00:00,1.193
2013-02-06 20:30:00,1.332
2013-02-06 21:00:00,1.166
2013-02-06 21:30:00,1.415
2013-02-06 22:00:00,1.7309999
2013-02-06 22:30:00,2.0409999
2013-02-06 23:00:00,1.854
2013-02-06 23:30:00,1.6160001
2013-02-07 00:00:00,1.8559999
2013-02-07 00:30:00,1.5420001
2013-02-07 01:00:00,1.344
2013-02-07 01:30:00,1.288
2013-02-07 02:00:00,1.332
2013-02-07 02:30:00,1.39
2013-02-07 03:00:00,1.3430001
2013-02-07 03:30:00,1.327
2013-02-07 04:00:00,1.347
2013-02-07 04:30:00,1.432
2013-02-07 05:00:00,1.341
2013-02-07 05:30:00,1.5
2013-02-07 06:00:00,1.3710001
2013-02-07 06:30:00,1.424
2013-02-07 07:00:00,1.36
2013-02-07 07:30:00,1.364
2013-02-07 08:00:00,1.4400001
2013-02-07 08:30:00,2.2290001
2013-02-07 09:00:00,1.739
2013-02-07 09:30:00,2.128
2013-02-07 10:00:00,1.513
2013-02-07 10:30:00,1.614
2013-02-07 11:00:00,2.2190001
2013-02-07 11:30:00,2.0120001
2013-02-07 12:00:00,1.51
2013-02-07 12:30:00,1.4910001
2013-02-07 13:00:00,1.9220001
2013-02-07 13:30:00,2.5969999
2013-02-07 14:00:00,2.556
2013-02-07 14:30:00,1.465
2013-02-07 15:00:00,1.54
2013-02-07 15:30:00,2.118
2013-02-07 16:00:00,2.855
2013-02-07 16:30:00,2.3150001
2013-02-07 17:00:00,2.904
2013-02-07 17:30:00,2.325
2013-02-07 18:00:00,2.187
2013-02-07 18:30:00,2.0539999
2013-02-07 19:00:00,1.447
2013-02-07 19:30:00,1.638
2013-02-07 20:00:00,1.368
2013-02-07 20:30:00,1.5470001
2013-02-07 21:00:00,1.497
2013-02-07 21:30:00,1.645
2013-02-07 22:00:00,1.357
2013-02-07 22:30:00,1.607
2013-02-07 23:00:00,1.477
2013-02-07 23:30:00,1.689
2013-02-08 00:00:00,2.46
2013-02-08 00:30:00,2.964
2013-02-08 01:00:00,3.109
2013-02-08 01:30:00,2.8010001
2013-02-08 02:00:00,2.8080001
2013-02-08 02:30:00,2.773
2013-02-08 03:00:00,2.8080001
2013-02-08 03:30:00,2.688
2013-02-08 04:00:00,2.6400001
2013-02-08 04:30:00,2.6930001
2013-02-08 05:00:00,2.5669999
2013-02-08 05:30:00,2.6459999
2013-02-08 06:00:00,2.664
2013-02-08 06:30:00,2.7079999
2013-02-08 07:00:00,2.5
2013-02-08 07:30:00,2.661
2013-02-08 08:00:00,2.6659999
2013-02-08 08:30:00,2.168
2013-02-08 09:00:00,2.23
2013-02-08 09:30:00,2.372
2013-02-08 10:00:00,2.697
2013-02-08 10:30:00,2.1459999
2013-02-08 11:00:00,1.753
2013-02-08 11:30:00,1.2
2013-02-08 12:00:00,0.803
2013-02-08 12:30:00,0.753
2013-02-08 13:00:00,0.755
2013-02-08 13:30:00,0.716
2013-02-08 14:00:00,0.576
2013-02-08 14:30:00,0.512
2013-02-08 15:00:00,0.665
2013-02-08 15:30:00,0.793
2013-02-08 16:00:00,1.0
2013-02-08 16:30:00,1.327
2013-02-08 17:00:00,0.9
2013-02-08 17:30:00,0.995
2013-02-08 18:00:00,1.048
2013-02-08 18:30:00,1.092
2013-02-08 19:00:00,0.884
2013-02-08 19:30:00,0.951
2013-02-08 20:00:00,0.768
2013-02-08 20:30:00,0.919
2013-02-08 21:00:00,0.857
2013-02-08 21:30:00,0.93
2013-02-08 22:00:00,0.787
2013-02-08 22:30:00,0.97
2013-02-08 23:00:00,1.035
2013-02-08 23:30:00,1.96
2013-02-09 00:00:00,1.993
2013-02-09 00:30:00,2.1619999
2013-02-09 01:00:00,1.865
2013-02-09 01:30:00,1.817
2013-02-09 02:00:00,1.689
2013-02-09 02:30:00,1.702
2013-02-09 03:00:00,1.479
2013-02-09 03:30:00,1.734
2013-02-09 04:00:00,1.568
2013-02-09 04:30:00,1.761
2013-02-09 05:00:00,1.575
2013-02-09 05:30:00,1.6799999
2013-02-09 06:00:00,1.405
2013-02-09 06:30:00,1.568
2013-02-09 07:00:00,1.484
2013-02-09 07:30:00,1.692
2013-02-09 08:00:00,1.433
2013-02-09 08:30:00,1.6619999
2013-02-09 09:00:00,1.462
2013-02-09 09:30:00,1.668
2013-02-09 10:00:00,1.423
2013-02-09 10:30:00,1.655
2013-02-09 11:00:00,0.637
2013-02-09 11:30:00,1.232
2013-02-09 12:00:00,1.204
2013-02-09 12:30:00,1.049
2013-02-09 13:00:00,1.704
2013-02-09 13:30:00,2.0250001
2013-02-09 14:00:00,1.773
2013-02-09 14:30:00,1.5829999
2013-02-09 15:00:00,1.499
2013-02-09 15:30:00,1.377
2013-02-09 16:00:00,1.645
2013-02-09 16:30:00,1.419
2013-02-09 17:00:00,1.609
2013-02-09 17:30:00,1.699
2013-02-09 18:00:00,1.687
2013-02-09 18:30:00,1.339
2013-02-09 19:00:00,1.7130001
2013-02-09 19:30:00,1.398
2013-02-09 20:00:00,1.692
2013-02-09 20:30:00,1.665
2013-02-09 21:00:00,2.007
2013-02-09 21:30:00,1.811
2013-02-09 22:00:00,1.903
2013-02-09 22:30:00,1.363
2013-02-09 23:00:00,1.826
2013-02-09 23:30:00,1.6440001
2013-02-10 00:00:00,2.059
2013-02-10 00:30:00,1.9069999
2013-02-10 01:00:00,2.2309999
2013-02-10 01:30:00,1.268
2013-02-10 02:00:00,1.438
2013-02-10 02:30:00,1.184
2013-02-10 03:00:00,1.518
2013-02-10 03:30:00,1.247
2013-02-10 04:00:00,1.469
2013-02-10 04:30:00,1.3940001
2013-02-10 05:00:00,1.489
2013-02-10 05:30:00,1.0930001
2013-02-10 06:00:00,1.402
2013-02-10 06:30:00,1.141
2013-02-10 07:00:00,1.348
2013-02-10 07:30:00,1.098
2013-02-10 08:00:00,1.441
2013-02-10 08:30:00,1.095
2013-02-10 09:00:00,1.535
2013-02-10 09:30:00,1.36
2013-02-10 10:00:00,1.6619999
2013-02-10 10:30:00,1.232
2013-02-10 11:00:00,1.541
2013-02-10 11:30:00,0.785
2013-02-10 12:00:00,0.723
2013-02-10 12:30:00,0.383
2013-02-10 13:00:00,0.251
2013-02-10 13:30:00,0.28
2013-02-10 14:00:00,0.24
2013-02-10 14:30:00,0.436
2013-02-10 15:00:00,0.736
2013-02-10 15:30:00,0.274
2013-02-10 16:00:00,0.362
2013-02-10 16:30:00,0.368
2013-02-10 17:00:00,0.433
2013-02-10 17:30:00,0.369
2013-02-10 18:00:00,0.547
2013-02-10 18:30:00,0.657
2013-02-10 19:00:00,0.657
2013-02-10 19:30:00,0.639
2013-02-10 20:00:00,0.689
2013-02-10 20:30:00,0.771
2013-02-10 21:00:00,0.537
2013-02-10 21:30:00,0.704
2013-02-10 22:00:00,0.759
2013-02-10 22:30:00,0.779
2013-02-10 23:00:00,0.537
2013-02-10 23:30:00,0.735
2013-02-11 00:00:00,0.581
2013-02-11 00:30:00,0.652
2013-02-11 01:00:00,0.628
2013-02-11 01:30:00,0.762
2013-02-11 02:00:00,0.607
2013-02-11 02:30:00,0.719
2013-02-11 03:00:00,0.702
2013-02-11 03:30:00,0.858
2013-02-11 04:00:00,0.67
2013-02-11 04:30:00,0.949
2013-02-11 05:00:00,0.851
2013-02-11 05:30:00,0.998
2013-02-11 06:00:00,0.648
2013-02-11 06:30:00,0.867
2013-02-11 07:00:00,0.69
2013-02-11 07:30:00,0.845
2013-02-11 08:00:00,0.691
2013-02-11 08:30:00,0.905
2013-02-11 09:00:00,0.706
2013-02-11 09:30:00,0.898
2013-02-11 10:00:00,0.958
2013-02-11 10:30:00,1.883
2013-02-11 11:00:00,0.905
2013-02-11 11:30:00,2.5209999
2013-02-11 12:00:00,1.86
2013-02-11 12:30:00,1.118
2013-02-11 13:00:00,1.2539999
2013-02-11 13:30:00,1.308
2013-02-11 14:00:00,1.3099999
2013-02-11 14:30:00,1.438
2013-02-11 15:00:00,1.284
2013-02-11 15:30:00,1.574
2013-02-11 16:00:00,1.2079999
2013-02-11 16:30:00,1.964
2013-02-11 17:00:00,2.536
2013-02-11 17:30:00,1.465
2013-02-11 18:00:00,1.364
2013-02-11 18:30:00,2.3269999
2013-02-11 19:00:00,1.164
2013-02-11 19:30:00,1.446
2013-02-11 20:00:00,1.177
2013-02-11 20:30:00,1.467
2013-02-11 21:00:00,1.135
2013-02-11 21:30:00,1.482
2013-02-11 22:00:00,1.2309999
2013-02-11 22:30:00,1.372
2013-02-11 23:00:00,1.311
2013-02-11 23:30:00,1.7029999
2013-02-12 00:00:00,1.1720001
2013-02-12 00:30:00,1.415
2013-02-12 01:00:00,1.211
2013-02-12 01:30:00,1.425
2013-02-12 02:00:00,1.152
2013-02-12 02:30:00,1.449
2013-02-12 03:00:00,1.174
2013-02-12 03:30:00,1.472
2013-02-12 04:00:00,1.274
2013-02-12 04:30:00,1.873
2013-02-12 05:00:00,1.434
2013-02-12 05:30:00,1.647
2013-02-12 06:00:00,1.499
2013-02-12 06:30:00,1.6160001
2013-02-12 07:00:00,1.102
2013-02-12 07:30:00,1.474
2013-02-12 08:00:00,1.178
2013-02-12 08:30:00,1.424
2013-02-12 09:00:00,1.163
2013-02-12 09:30:00,1.4680001
2013-02-12 10:00:00,1.175
2013-02-12 10:30:00,1.462
2013-02-12 11:00:00,1.133
2013-02-12 11:30:00,1.51
2013-02-12 12:00:00,1.228
2013-02-12 12:30:00,1.318
2013-02-12 13:00:00,1.152
2013-02-12 13:30:00,1.431
2013-02-12 14:00:00,1.112
2013-02-12 14:30:00,1.425
2013-02-12 15:00:00,1.2130001
2013-02-12 15:30:00,1.4349999
2013-02-12 16:00:00,1.1720001
2013-02-12 16:30:00,2.1070001
2013-02-12 17:00:00,1.622
2013-02-12 17:30:00,1.54
2013-02-12 18:00:00,1.265
2013-02-12 18:30:00,1.641
2013-02-12 19:00:00,1.5369999
2013-02-12 19:30:00,2.45
2013-02-12 20:00:00,1.313
2013-02-12 20:30:00,1.54
2013-02-12 21:00:00,0.938
2013-02-12 21:30:00,1.085
2013-02-12 22:00:00,0.796
2013-02-12 22:30:00,0.98
2013-02-12 23:00:00,0.903
2013-02-12 23:30:00,1.252
2013-02-13 00:00:00,0.912
2013-02-13 00:30:00,1.006
2013-02-13 01:00:00,0.807
2013-02-13 01:30:00,0.95
2013-02-13 02:00:00,0.77
2013-02-13 02:30:00,1.0369999
2013-02-13 03:00:00,0.746
2013-02-13 03:30:00,1.533
2013-02-13 04:00:00,1.587
2013-02-13 04:30:00,1.1619999
2013-02-13 05:00:00,1.795
2013-02-13 05:30:00,1.284
2013-02-13 06:00:00,0.86
2013-02-13 06:30:00,0.92
2013-02-13 07:00:00,0.805
2013-02-13 07:30:00,1.012
2013-02-13 08:00:00,0.745
2013-02-13 08:30:00,1.427
2013-02-13 09:00:00,0.934
2013-02-13 09:30:00,1.212
2013-02-13 10:00:00,0.961
2013-02-13 10:30:00,1.316
2013-02-13 11:00:00,0.818
2013-02-13 11:30:00,1.034
2013-02-13 12:00:00,0.707
2013-02-13 12:30:00,1.0039999
2013-02-13 13:00:00,1.182
2013-02-13 13:30:00,0.908
2013-02-13 14:00:00,0.746
2013-02-13 14:30:00,1.0039999
2013-02-13 15:00:00,0.798
2013-02-13 15:30:00,0.913
2013-02-13 16:00:00,0.742
2013-02-13 16:30:00,1.053
2013-02-13 17:00:00,0.708
2013-02-13 17:30:00,0.97
2013-02-13 18:00:00,0.812
2013-02-13 18:30:00,1.057
2013-02-13 19:00:00,0.687
2013-02-13 19:30:00,1.082
2013-02-13 20:00:00,0.896
2013-02-13 20:30:00,1.21
2013-02-13 21:00:00,0.97
2013-02-13 21:30:00,1.085
2013-02-13 22:00:00,0.788
2013-02-13 22:30:00,1.052
2013-02-13 23:00:00,0.722
2013-02-13 23:30:00,1.077
2013-02-14 00:00:00,0.831
2013-02-14 00:30:00,0.986
2013-02-14 01:00:00,0.842
2013-02-14 01:30:00,1.2180001
2013-02-14 02:00:00,0.904
2013-02-14 02:30:00,1.0549999
2013-02-14 03:00:00,0.761
2013-02-14 03:30:00,1.097
2013-02-14 04:00:00,0.746
2013-02-14 04:30:00,1.024
2013-02-14 05:00:00,0.767
2013-02-14 05:30:00,0.983
2013-02-14 06:00:00,0.752
2013-02-14 06:30:00,1.148
2013-02-14 07:00:00,1.378
2013-02-14 07:30:00,1.625
2013-02-14 08:00:00,1.388
2013-02-14 08:30:00,1.577
2013-02-14 09:00:00,1.245
2013-02-14 09:30:00,1.318
2013-02-14 10:00:00,1.522
2013-02-14 10:30:00,1.3559999
2013-02-14 11:00:00,1.335
2013-02-14 11:30:00,2.154
2013-02-14 12:00:00,1.136
2013-02-14 12:30:00,1.501
2013-02-14 13:00:00,0.463
2013-02-14 13:30:00,0.641
2013-02-14 14:00:00,0.48
2013-02-14 14:30:00,0.604
2013-02-14 15:00:00,0.815
2013-02-14 15:30:00,1.061
2013-02-14 16:00:00,1.003
2013-02-14 16:30:00,0.744
2013-02-14 17:00:00,0.794
2013-02-14 17:30:00,1.227
2013-02-14 18:00:00,1.024
2013-02-14 18:30:00,1.107
2013-02-14 19:00:00,0.753
2013-02-14 19:30:00,1.899
2013-02-14 20:00:00,1.335
2013-02-14 20:30:00,1.234
2013-02-14 21:00:00,0.859
2013-02-14 21:30:00,1.025
2013-02-14 22:00:00,0.78
2013-02-14 22:30:00,0.929
2013-02-14 23:00:00,0.697
2013-02-14 23:30:00,0.75
2013-02-15 00:00:00,0.598
2013-02-15 00:30:00,0.834
2013-02-15 01:00:00,0.631
2013-02-15 01:30:00,0.756
2013-02-15 02:00:00,0.68
2013-02-15 02:30:00,0.876
2013-02-15 03:00:00,0.594
2013-02-15 03:30:00,1.067
2013-02-15 04:00:00,0.937
2013-02-15 04:30:00,1.8150001
2013-02-15 05:00:00,0.799
2013-02-15 05:30:00,0.932
2013-02-15 06:00:00,0.71
2013-02-15 06:30:00,0.837
2013-02-15 07:00:00,0.647
2013-02-15 07:30:00,0.969
2013-02-15 08:00:00,0.798
2013-02-15 08:30:00,0.953
2013-02-15 09:00:00,0.893
2013-02-15 09:30:00,1.003
2013-02-15 10:00:00,0.748
2013-02-15 10:30:00,0.868
2013-02-15 11:00:00,0.798
2013-02-15 11:30:00,1.003
2013-02-15 12:00:00,0.718
2013-02-15 12:30:00,0.801
2013-02-15 13:00:00,0.658
2013-02-15 13:30:00,1.224
2013-02-15 14:00:00,0.908
2013-02-15 14:30:00,1.158
2013-02-15 15:00:00,0.662
2013-02-15 15:30:00,0.529
2013-02-15 16:00:00,0.953
2013-02-15 16:30:00,0.89
2013-02-15 17:00:00,0.54
2013-02-15 17:30:00,0.722
2013-02-15 18:00:00,0.586
2013-02-15 18:30:00,0.83
2013-02-15 19:00:00,0.826
2013-02-15 19:30:00,1.049
2013-02-15 20:00:00,0.842
2013-02-15 20:30:00,0.956
2013-02-15 21:00:00,0.782
2013-02-15 21:30:00,0.913
2013-02-15 22:00:00,0.675
2013-02-15 22:30:00,1.191
2013-02-15 23:00:00,0.979
2013-02-15 23:30:00,0.792
2013-02-16 00:00:00,0.753
2013-02-16 00:30:00,0.869
2013-02-16 01:00:00,0.612
2013-02-16 01:30:00,0.801
2013-02-16 02:00:00,0.651
2013-02-16 02:30:00,0.869
2013-02-16 03:00:00,0.567
2013-02-16 03:30:00,0.878
2013-02-16 04:00:00,0.64
2013-02-16 04:30:00,0.783
2013-02-16 05:00:00,0.676
2013-02-16 05:30:00,1.012
2013-02-16 06:00:00,0.828
2013-02-16 06:30:00,0.871
2013-02-16 07:00:00,0.632
2013-02-16 07:30:00,0.844
2013-02-16 08:00:00,0.586
2013-02-16 08:30:00,1.02
2013-02-16 09:00:00,2.1099999
2013-02-16 09:30:00,1.915
2013-02-16 10:00:00,1.661
2013-02-16 10:30:00,2.05
2013-02-16 11:00:00,1.7640001
2013-02-16 11:30:00,2.2349999
2013-02-16 12:00:00,1.326
2013-02-16 12:30:00,1.859
2013-02-16 13:00:00,1.064
2013-02-16 13:30:00,0.994
2013-02-16 14:00:00,1.276
2013-02-16 14:30:00,1.228
2013-02-16 15:00:00,0.838
2013-02-16 15:30:00,0.846
2013-02-16 16:00:00,1.054
2013-02-16 16:30:00,0.956
2013-02-16 17:00:00,1.071
2013-02-16 17:30:00,1.336
2013-02-16 18:00:00,1.4119999
2013-02-16 18:30:00,1.557
2013-02-16 19:00:00,1.42
2013-02-16 19:30:00,1.768
2013-02-16 20:00:00,1.883
2013-02-16 20:30:00,1.8940001
2013-02-16 21:00:00,1.811
2013-02-16 21:30:00,1.8660001
2013-02-16 22:00:00,1.679
2013-02-16 22:30:00,1.758
2013-02-16 23:00:00,2.082
2013-02-16 23:30:00,2.819
2013-02-17 00:00:00,2.6359999
2013-02-17 00:30:00,2.608
2013-02-17 01:00:00,2.4330001
2013-02-17 01:30:00,2.131
2013-02-17 02:00:00,2.348
2013-02-17 02:30:00,2.2409999
2013-02-17 03:00:00,2.22
2013-02-17 03:30:00,2.1170001
2013-02-17 04:00:00,2.2809999
2013-02-17 04:30:00,2.2079999
2013-02-17 05:00:00,2.3599999
2013-02-17 05:30:00,2.2049999
2013-02-17 06:00:00,2.2869999
2013-02-17 06:30:00,1.974
2013-02-17 07:00:00,2.2420001
2013-02-17 07:30:00,2.2249999
2013-02-17 08:00:00,2.401
2013-02-17 08:30:00,2.198
2013-02-17 09:00:00,2.155
2013-02-17 09:30:00,2.859
2013-02-17 10:00:00,3.5309999
2013-02-17 10:30:00,1.985
2013-02-17 11:00:00,1.187
2013-02-17 11:30:00,0.802
2013-02-17 12:00:00,2.151
2013-02-17 12:30:00,1.3099999
2013-02-17 13:00:00,2.191
2013-02-17 13:30:00,1.7
2013-02-17 14:00:00,1.192
2013-02-17 14:30:00,1.109
2013-02-17 15:00:00,0.905
2013-02-17 15:30:00,1.228
2013-02-17 16:00:00,0.641
2013-02-17 16:30:00,0.571
2013-02-17 17:00:00,0.589
2013-02-17 17:30:00,0.677
2013-02-17 18:00:00,0.642
2013-02-17 18:30:00,0.605
2013-02-17 19:00:00,0.82
2013-02-17 19:30:00,1.399
2013-02-17 20:00:00,1.2819999
2013-02-17 20:30:00,1.09
2013-02-17 21:00:00,1.125
2013-02-17 21:30:00,2.0339999
2013-02-17 22:00:00,2.3510001
2013-02-17 22:30:00,2.2290001
2013-02-17 23:00:00,2.4260001
2013-02-17 23:30:00,2.184
2013-02-18 00:00:00,2.2609999
2013-02-18 00:30:00,1.883
2013-02-18 01:00:00,2.1229999
2013-02-18 01:30:00,1.875
2013-02-18 02:00:00,2.1170001
2013-02-18 02:30:00,1.8660001
2013-02-18 03:00:00,2.0810001
2013-02-18 03:30:00,1.786
2013-02-18 04:00:00,2.154
2013-02-18 04:30:00,1.836
2013-02-18 05:00:00,2.3699999
2013-02-18 05:30:00,1.748
2013-02-18 06:00:00,2.0780001
2013-02-18 06:30:00,1.716
2013-02-18 07:00:00,2.075
2013-02-18 07:30:00,1.8609999
2013-02-18 08:00:00,2.346
2013-02-18 08:30:00,2.497
2013-02-18 09:00:00,2.8199999
2013-02-18 09:30:00,1.4299999
2013-02-18 10:00:00,1.9400001
2013-02-18 10:30:00,1.962
2013-02-18 11:00:00,1.131
2013-02-18 11:30:00,0.622
2013-02-18 12:00:00,0.668
2013-02-18 12:30:00,0.622
2013-02-18 13:00:00,0.75
2013-02-18 13:30:00,1.068
2013-02-18 14:00:00,1.376
2013-02-18 14:30:00,0.555
2013-02-18 15:00:00,0.636
2013-02-18 15:30:00,0.29
2013-02-18 16:00:00,0.744
2013-02-18 16:30:00,0.262
2013-02-18 17:00:00,0.32
2013-02-18 17:30:00,0.249
2013-02-18 18:00:00,0.364
2013-02-18 18:30:00,1.533
2013-02-18 19:00:00,0.831
2013-02-18 19:30:00,1.1670001
2013-02-18 20:00:00,0.921
2013-02-18 20:30:00,0.989
2013-02-18 21:00:00,1.123
2013-02-18 21:30:00,1.3660001
2013-02-18 22:00:00,1.947
2013-02-18 22:30:00,1.005
2013-02-18 23:00:00,0.923
2013-02-18 23:30:00,0.953
2013-02-19 00:00:00,0.901
2013-02-19 00:30:00,0.932
2013-02-19 01:00:00,1.018
2013-02-19 01:30:00,1.142
2013-02-19 02:00:00,0.925
2013-02-19 02:30:00,1.205
2013-02-19 03:00:00,1.069
2013-02-19 03:30:00,1.175
2013-02-19 04:00:00,0.916
2013-02-19 04:30:00,1.136
2013-02-19 05:00:00,1.188
2013-02-19 05:30:00,1.437
2013-02-19 06:00:00,1.115
2013-02-19 06:30:00,1.289
2013-02-19 07:00:00,1.063
2013-02-19 07:30:00,1.193
2013-02-19 08:00:00,1.199
2013-02-19 08:30:00,1.237
2013-02-19 09:00:00,0.626
2013-02-19 09:30:00,0.826
2013-02-19 10:00:00,0.579
2013-02-19 10:30:00,0.706
2013-02-19 11:00:00,0.602
2013-02-19 11:30:00,0.626
2013-02-19 12:00:00,0.515
2013-02-19 12:30:00,0.741
2013-02-19 13:00:00,1.158
2013-02-19 13:30:00,0.411
2013-02-19 14:00:00,0.546
2013-02-19 14:30:00,0.753
2013-02-19 15:00:00,1.3380001
2013-02-19 15:30:00,0.328
2013-02-19 16:00:00,0.317
2013-02-19 16:30:00,0.283
2013-02-19 17:00:00,1.11
2013-02-19 17:30:00,0.656
2013-02-19 18:00:00,0.789
2013-02-19 18:30:00,1.0039999
2013-02-19 19:00:00,0.804
2013-02-19 19:30:00,2.2690001
2013-02-19 20:00:00,1.6950001
2013-02-19 20:30:00,1.5420001
2013-02-19 21:00:00,1.885
2013-02-19 21:30:00,1.383
2013-02-19 22:00:00,1.23
2013-02-19 22:30:00,1.403
2013-02-19 23:00:00,1.2130001
2013-02-19 23:30:00,1.255
2013-02-20 00:00:00,1.119
2013-02-20 00:30:00,1.293
2013-02-20 01:00:00,1.011
2013-02-20 01:30:00,1.2589999
2013-02-20 02:00:00,1.067
2013-02-20 02:30:00,1.284
2013-02-20 03:00:00,1.131
2013-02-20 03:30:00,1.42
2013-02-20 04:00:00,1.036
2013-02-20 04:30:00,1.275
2013-02-20 05:00:00,1.446
2013-02-20 05:30:00,1.4680001
2013-02-20 06:00:00,1.16
2013-02-20 06:30:00,1.404
2013-02-20 07:00:00,1.131
2013-02-20 07:30:00,1.267
2013-02-20 08:00:00,1.193
2013-02-20 08:30:00,1.4400001
2013-02-20 09:00:00,0.864
2013-02-20 09:30:00,0.995
2013-02-20 10:00:00,0.767
2013-02-20 10:30:00,1.499
2013-02-20 11:00:00,0.607
2013-02-20 11:30:00,0.764
2013-02-20 12:00:00,0.581
2013-02-20 12:30:00,0.66
2013-02-20 13:00:00,0.449
2013-02-20 13:30:00,0.782
2013-02-20 14:00:00,1.124
2013-02-20 14:30:00,1.249
2013-02-20 15:00:00,0.517
2013-02-20 15:30:00,0.545
2013-02-20 16:00:00,0.601
2013-02-20 16:30:00,0.837
2013-02-20 17:00:00,0.711
2013-02-20 17:30:00,0.913
2013-02-20 18:00:00,0.655
2013-02-20 18:30:00,1.835
2013-02-20 19:00:00,1.352
2013-02-20 19:30:00,1.63
2013-02-20 20:00:00,2.1029999
2013-02-20 20:30:00,2.175
2013-02-20 21:00:00,1.771
2013-02-20 21:30:00,1.61
2013-02-20 22:00:00,1.669
2013-02-20 22:30:00,1.399
2013-02-20 23:00:00,1.124
2013-02-20 23:30:00,1.41
2013-02-21 00:00:00,1.153
2013-02-21 00:30:00,1.273
2013-02-21 01:00:00,1.21
2013-02-21 01:30:00,1.354
2013-02-21 02:00:00,1.059
2013-02-21 02:30:00,1.52
2013-02-21 03:00:00,1.2819999
2013-02-21 03:30:00,1.433
2013-02-21 04:00:00,1.318
2013-02-21 04:30:00,1.553
2013-02-21 05:00:00,1.441
2013-02-21 05:30:00,1.489
2013-02-21 06:00:00,1.202
2013-02-21 06:30:00,1.386
2013-02-21 07:00:00,1.1109999
2013-02-21 07:30:00,1.497
2013-02-21 08:00:00,1.247
2013-02-21 08:30:00,2.533
2013-02-21 09:00:00,2.3499999
2013-02-21 09:30:00,1.9069999
2013-02-21 10:00:00,1.376
2013-02-21 10:30:00,1.651
2013-02-21 11:00:00,1.196
2013-02-21 11:30:00,1.339
2013-02-21 12:00:00,1.933
2013-02-21 12:30:00,1.886
2013-02-21 13:00:00,1.286
2013-02-21 13:30:00,1.251
2013-02-21 14:00:00,1.159
2013-02-21 14:30:00,1.492
2013-02-21 15:00:00,1.077
2013-02-21 15:30:00,1.551
2013-02-21 16:00:00,1.276
2013-02-21 16:30:00,1.484
2013-02-21 17:00:00,1.257
2013-02-21 17:30:00,1.439
2013-02-21 18:00:00,2.085
2013-02-21 18:30:00,1.6059999
2013-02-21 19:00:00,1.4299999
2013-02-21 19:30:00,1.688
2013-02-21 20:00:00,2.2950001
2013-02-21 20:30:00,2.711
2013-02-21 21:00:00,2.4590001
2013-02-21 21:30:00,2.652
2013-02-21 22:00:00,2.3340001
2013-02-21 22:30:00,3.266
2013-02-21 23:00:00,2.3410001
2013-02-21 23:30:00,1.859
2013-02-22 00:00:00,1.617
2013-02-22 00:30:00,1.767
2013-02-22 01:00:00,1.5930001
2013-02-22 01:30:00,1.709
2013-02-22 02:00:00,1.671
2013-02-22 02:30:00,1.8710001
2013-02-22 03:00:00,1.702
2013-02-22 03:30:00,1.96
2013-02-22 04:00:00,1.706
2013-02-22 04:30:00,1.733
2013-02-22 05:00:00,1.954
2013-02-22 05:30:00,2.2360001
2013-02-22 06:00:00,1.635
2013-02-22 06:30:00,1.85
2013-02-22 07:00:00,1.8150001
2013-02-22 07:30:00,2.1860001
2013-02-22 08:00:00,2.5309999
2013-02-22 08:30:00,2.2219999
2013-02-22 09:00:00,1.789
2013-02-22 09:30:00,1.855
2013-02-22 10:00:00,1.594
2013-02-22 10:30:00,1.689
2013-02-22 11:00:00,1.5420001
2013-02-22 11:30:00,1.707
2013-02-22 12:00:00,2.2079999
2013-02-22 12:30:00,1.892
2013-02-22 13:00:00,1.678
2013-02-22 13:30:00,1.622
2013-02-22 14:00:00,1.615
2013-02-22 14:30:00,1.677
2013-02-22 15:00:00,1.625
2013-02-22 15:30:00,1.788
2013-02-22 16:00:00,1.6619999
2013-02-22 16:30:00,1.6390001
2013-02-22 17:00:00,1.719
2013-02-22 17:30:00,1.768
2013-02-22 18:00:00,2.0369999
2013-02-22 18:30:00,2.9990001
2013-02-22 19:00:00,2.789
2013-02-22 19:30:00,3.0480001
2013-02-22 20:00:00,3.1359999
2013-02-22 20:30:00,2.421
2013-02-22 21:00:00,2.2060001
2013-02-22 21:30:00,2.98
2013-02-22 22:00:00,4.2529998
2013-02-22 22:30:00,3.2550001
2013-02-22 23:00:00,5.0050001
2013-02-22 23:30:00,2.733
2013-02-23 00:00:00,2.164
2013-02-23 00:30:00,1.601
2013-02-23 01:00:00,1.952
2013-02-23 01:30:00,1.623
2013-02-23 02:00:00,1.868
2013-02-23 02:30:00,1.598
2013-02-23 03:00:00,1.943
2013-02-23 03:30:00,1.643
2013-02-23 04:00:00,2.027
2013-02-23 04:30:00,1.689
2013-02-23 05:00:00,2.0179999
2013-02-23 05:30:00,1.916
2013-02-23 06:00:00,2.026
2013-02-23 06:30:00,1.559
2013-02-23 07:00:00,1.955
2013-02-23 07:30:00,2.1029999
2013-02-23 08:00:00,2.234
2013-02-23 08:30:00,2.7119999
2013-02-23 09:00:00,2.3889999
2013-02-23 09:30:00,2.1589999
2013-02-23 10:00:00,2.29
2013-02-23 10:30:00,1.673
2013-02-23 11:00:00,2.507
2013-02-23 11:30:00,1.351
2013-02-23 12:00:00,1.4220001
2013-02-23 12:30:00,1.321
2013-02-23 13:00:00,1.182
2013-02-23 13:30:00,0.889
2013-02-23 14:00:00,0.914
2013-02-23 14:30:00,1.1720001
2013-02-23 15:00:00,1.228
2013-02-23 15:30:00,1.3890001
2013-02-23 16:00:00,1.197
2013-02-23 16:30:00,1.2539999
2013-02-23 17:00:00,1.173
2013-02-23 17:30:00,1.933
2013-02-23 18:00:00,2.082
2013-02-23 18:30:00,1.766
2013-02-23 19:00:00,1.4220001
2013-02-23 19:30:00,1.457
2013-02-23 20:00:00,1.413
2013-02-23 20:30:00,1.742
2013-02-23 21:00:00,2.01
2013-02-23 21:30:00,1.877
2013-02-23 22:00:00,1.617
2013-02-23 22:30:00,2.5
2013-02-23 23:00:00,2.915
2013-02-23 23:30:00,2.71
2013-02-24 00:00:00,2.559
2013-02-24 00:30:00,2.26
2013-02-24 01:00:00,2.062
2013-02-24 01:30:00,1.993
2013-02-24 02:00:00,2.1930001
2013-02-24 02:30:00,1.862
2013-02-24 03:00:00,1.786
2013-02-24 03:30:00,1.795
2013-02-24 04:00:00,1.801
2013-02-24 04:30:00,1.868
2013-02-24 05:00:00,1.881
2013-02-24 05:30:00,2.198
2013-02-24 06:00:00,2.0209999
2013-02-24 06:30:00,1.874
2013-02-24 07:00:00,1.809
2013-02-24 07:30:00,1.964
2013-02-24 08:00:00,1.87
2013-02-24 08:30:00,2.4489999
2013-02-24 09:00:00,2.54
2013-02-24 09:30:00,2.5710001
2013-02-24 10:00:00,1.8049999
2013-02-24 10:30:00,1.9220001
2013-02-24 11:00:00,2.197
2013-02-24 11:30:00,1.017
2013-02-24 12:00:00,0.957
2013-02-24 12:30:00,0.964
2013-02-24 13:00:00,0.989
2013-02-24 13:30:00,0.849
2013-02-24 14:00:00,0.995
2013-02-24 14:30:00,0.96
2013-02-24 15:00:00,0.988
2013-02-24 15:30:00,0.928
2013-02-24 16:00:00,1.1210001
2013-02-24 16:30:00,1.084
2013-02-24 17:00:00,1.107
2013-02-24 17:30:00,1.201
2013-02-24 18:00:00,1.202
2013-02-24 18:30:00,1.11
2013-02-24 19:00:00,1.024
2013-02-24 19:30:00,1.7359999
2013-02-24 20:00:00,2.092
2013-02-24 20:30:00,1.744
2013-02-24 21:00:00,2.401
2013-02-24 21:30:00,2.618
2013-02-24 22:00:00,2.425
2013-02-24 22:30:00,2.3670001
2013-02-24 23:00:00,3.0380001
2013-02-24 23:30:00,2.6589999
2013-02-25 00:00:00,2.309
2013-02-25 00:30:00,2.783
2013-02-25 01:00:00,2.302
2013-02-25 01:30:00,2.4400001
2013-02-25 02:00:00,1.951
2013-02-25 02:30:00,2.398
2013-02-25 03:00:00,2.0139999
2013-02-25 03:30:00,2.46
2013-02-25 04:00:00,2.217
2013-02-25 04:30:00,2.434
2013-02-25 05:00:00,2.2809999
2013-02-25 05:30:00,2.2690001
2013-02-25 06:00:00,1.942
2013-02-25 06:30:00,2.336
2013-02-25 07:00:00,2.0239999
2013-02-25 07:30:00,2.2279999
2013-02-25 08:00:00,2.0869999
2013-02-25 08:30:00,2.5999999
2013-02-25 09:00:00,2.2360001
2013-02-25 09:30:00,2.73
2013-02-25 10:00:00,2.7639999
2013-02-25 10:30:00,2.5250001
2013-02-25 11:00:00,1.383
2013-02-25 11:30:00,2.221
2013-02-25 12:00:00,2.3
2013-02-25 12:30:00,1.916
2013-02-25 13:00:00,1.45
2013-02-25 13:30:00,1.376
2013-02-25 14:00:00,1.373
2013-02-25 14:30:00,1.4630001
2013-02-25 15:00:00,1.289
2013-02-25 15:30:00,1.454
2013-02-25 16:00:00,3.0480001
2013-02-25 16:30:00,2.171
2013-02-25 17:00:00,1.881
2013-02-25 17:30:00,1.756
2013-02-25 18:00:00,1.812
2013-02-25 18:30:00,2.267
2013-02-25 19:00:00,2.5610001
2013-02-25 19:30:00,1.886
2013-02-25 20:00:00,1.648
2013-02-25 20:30:00,1.485
2013-02-25 21:00:00,1.687
2013-02-25 21:30:00,3.2620001
2013-02-25 22:00:00,3.052
2013-02-25 22:30:00,1.901
2013-02-25 23:00:00,1.4680001
2013-02-25 23:30:00,1.108
2013-02-26 00:00:00,0.963
2013-02-26 00:30:00,1.064
2013-02-26 01:00:00,0.983
2013-02-26 01:30:00,1.0599999
2013-02-26 02:00:00,0.859
2013-02-26 02:30:00,1.1390001
2013-02-26 03:00:00,1.01
2013-02-26 03:30:00,1.0700001
2013-02-26 04:00:00,0.987
2013-02-26 04:30:00,1.147
2013-02-26 05:00:00,1.228
2013-02-26 05:30:00,1.686
2013-02-26 06:00:00,1.239
2013-02-26 06:30:00,1.3559999
2013-02-26 07:00:00,1.283
2013-02-26 07:30:00,1.464
2013-02-26 08:00:00,1.656
2013-02-26 08:30:00,2.3900001
2013-02-26 09:00:00,1.2359999
2013-02-26 09:30:00,1.3660001
2013-02-26 10:00:00,1.107
2013-02-26 10:30:00,1.325
2013-02-26 11:00:00,1.187
2013-02-26 11:30:00,1.309
2013-02-26 12:00:00,1.145
2013-02-26 12:30:00,1.383
2013-02-26 13:00:00,1.148
2013-02-26 13:30:00,1.443
2013-02-26 14:00:00,1.322
2013-02-26 14:30:00,1.561
2013-02-26 15:00:00,1.258
2013-02-26 15:30:00,1.725
2013-02-26 16:00:00,1.508
2013-02-26 16:30:00,1.35
2013-02-26 17:00:00,1.151
2013-02-26 17:30:00,1.299
2013-02-26 18:00:00,1.038
2013-02-26 18:30:00,1.221
2013-02-26 19:00:00,1.633
2013-02-26 19:30:00,2.5120001
2013-02-26 20:00:00,3.5480001
2013-02-26 20:30:00,3.523
2013-02-26 21:00:00,1.8890001
2013-02-26 21:30:00,1.64
2013-02-26 22:00:00,1.061
2013-02-26 22:30:00,1.317
2013-02-26 23:00:00,1.1059999
2013-02-26 23:30:00,1.2690001
2013-02-27 00:00:00,1.066
2013-02-27 00:30:00,1.382
2013-02-27 01:00:00,1.0190001
2013-02-27 01:30:00,1.283
2013-02-27 02:00:00,1.123
2013-02-27 02:30:00,1.318
2013-02-27 03:00:00,1.077
2013-02-27 03:30:00,1.289
2013-02-27 04:00:00,1.149
2013-02-27 04:30:00,1.274
2013-02-27 05:00:00,1.204
2013-02-27 05:30:00,1.592
2013-02-27 06:00:00,1.22
2013-02-27 06:30:00,1.341
2013-02-27 07:00:00,1.165
2013-02-27 07:30:00,1.99
2013-02-27 08:00:00,1.249
2013-02-27 08:30:00,2.957
2013-02-27 09:00:00,1.279
2013-02-27 09:30:00,1.3839999
2013-02-27 10:00:00,1.0
2013-02-27 10:30:00,1.392
2013-02-27 11:00:00,1.11
2013-02-27 11:30:00,1.24
2013-02-27 12:00:00,1.102
2013-02-27 12:30:00,1.274
2013-02-27 13:00:00,1.062
2013-02-27 13:30:00,1.199
2013-02-27 14:00:00,1.101
2013-02-27 14:30:00,1.5650001
2013-02-27 15:00:00,1.029
2013-02-27 15:30:00,0.985
2013-02-27 16:00:00,1.1390001
2013-02-27 16:30:00,1.92
2013-02-27 17:00:00,1.2819999
2013-02-27 17:30:00,1.161
2013-02-27 18:00:00,0.966
2013-02-27 18:30:00,1.183
2013-02-27 19:00:00,1.053
2013-02-27 19:30:00,1.38
2013-02-27 20:00:00,1.2359999
2013-02-27 20:30:00,2.915
2013-02-27 21:00:00,1.229
2013-02-27 21:30:00,1.286
2013-02-27 22:00:00,1.089
2013-02-27 22:30:00,1.291
2013-02-27 23:00:00,0.992
2013-02-27 23:30:00,1.234
2013-02-28 00:00:00,1.062
2013-02-28 00:30:00,1.248
2013-02-28 01:00:00,0.994
2013-02-28 01:30:00,1.347
2013-02-28 02:00:00,1.022
2013-02-28 02:30:00,1.275
2013-02-28 03:00:00,1.064
2013-02-28 03:30:00,1.347
2013-02-28 04:00:00,1.024
2013-02-28 04:30:00,1.3380001
2013-02-28 05:00:00,1.295
2013-02-28 05:30:00,1.696
2013-02-28 06:00:00,1.7359999
2013-02-28 06:30:00,2.023
2013-02-28 07:00:00,1.1440001
2013-02-28 07:30:00,1.4069999
2013-02-28 08:00:00,1.151
2013-02-28 08:30:00,1.589
2013-02-28 09:00:00,1.684
2013-02-28 09:30:00,1.85
2013-02-28 10:00:00,2.1600001
2013-02-28 10:30:00,2.2179999
2013-02-28 11:00:00,2.4549999
2013-02-28 11:30:00,1.95
2013-02-28 12:00:00,1.6950001
2013-02-28 12:30:00,1.982
2013-02-28 13:00:00,1.115
2013-02-28 13:30:00,1.206
2013-02-28 14:00:00,1.113
2013-02-28 14:30:00,1.58
2013-02-28 15:00:00,3.3540001
2013-02-28 15:30:00,1.682
2013-02-28 16:00:00,0.902
2013-02-28 16:30:00,1.076
2013-02-28 17:00:00,1.3789999
2013-02-28 17:30:00,1.248
2013-02-28 18:00:00,1.095
2013-02-28 18:30:00,1.283
2013-02-28 19:00:00,1.161
2013-02-28 19:30:00,2.359
2013-02-28 20:00:00,2.1359999
2013-02-28 20:30:00,1.349
2013-02-28 21:00:00,1.127
2013-02-28 21:30:00,2.5239999
2013-02-28 22:00:00,3.178
2013-02-28 22:30:00,1.816
2013-02-28 23:00:00,1.008
2013-02-28 23:30:00,1.242
2013-03-01 00:00:00,1.038
2013-03-01 00:30:00,1.2130001
2013-03-01 01:00:00,1.056
2013-03-01 01:30:00,1.276
2013-03-01 02:00:00,0.987
2013-03-01 02:30:00,1.235
2013-03-01 03:00:00,1.105
2013-03-01 03:30:00,1.206
2013-03-01 04:00:00,1.071
2013-03-01 04:30:00,1.279
2013-03-01 05:00:00,1.152
2013-03-01 05:30:00,1.403
2013-03-01 06:00:00,1.145
2013-03-01 06:30:00,1.4630001
2013-03-01 07:00:00,1.071
2013-03-01 07:30:00,1.476
2013-03-01 08:00:00,1.165
2013-03-01 08:30:00,1.212
2013-03-01 09:00:00,1.035
2013-03-01 09:30:00,1.377
2013-03-01 10:00:00,0.985
2013-03-01 10:30:00,1.227
2013-03-01 11:00:00,1.023
2013-03-01 11:30:00,1.214
2013-03-01 12:00:00,1.0039999
2013-03-01 12:30:00,1.16
2013-03-01 13:00:00,1.005
2013-03-01 13:30:00,1.184
2013-03-01 14:00:00,0.951
2013-03-01 14:30:00,1.219
2013-03-01 15:00:00,1.096
2013-03-01 15:30:00,1.137
2013-03-01 16:00:00,1.027
2013-03-01 16:30:00,1.217
2013-03-01 17:00:00,1.275
2013-03-01 17:30:00,1.707
2013-03-01 18:00:00,1.742
2013-03-01 18:30:00,1.8200001
2013-03-01 19:00:00,1.123
2013-03-01 19:30:00,1.402
2013-03-01 20:00:00,1.152
2013-03-01 20:30:00,1.2539999
2013-03-01 21:00:00,1.143
2013-03-01 21:30:00,1.673
2013-03-01 22:00:00,1.618
2013-03-01 22:30:00,1.521
2013-03-01 23:00:00,1.735
2013-03-01 23:30:00,1.2309999
2013-03-02 00:00:00,1.027
2013-03-02 00:30:00,1.296
2013-03-02 01:00:00,1.086
2013-03-02 01:30:00,1.209
2013-03-02 02:00:00,1.104
2013-03-02 02:30:00,1.312
2013-03-02 03:00:00,0.978
2013-03-02 03:30:00,1.324
2013-03-02 04:00:00,1.094
2013-03-02 04:30:00,1.2029999
2013-03-02 05:00:00,1.102
2013-03-02 05:30:00,1.329
2013-03-02 06:00:00,1.1289999
2013-03-02 06:30:00,1.3609999
2013-03-02 07:00:00,1.566
2013-03-02 07:30:00,3.2720001
2013-03-02 08:00:00,1.8279999
2013-03-02 08:30:00,3.0179999
2013-03-02 09:00:00,1.732
2013-03-02 09:30:00,3.0309999
2013-03-02 10:00:00,2.085
2013-03-02 10:30:00,2.415
2013-03-02 11:00:00,3.9000001
2013-03-02 11:30:00,2.1819999
2013-03-02 12:00:00,1.834
2013-03-02 12:30:00,1.4
2013-03-02 13:00:00,0.619
2013-03-02 13:30:00,0.681
2013-03-02 14:00:00,0.612
2013-03-02 14:30:00,0.69
2013-03-02 15:00:00,0.483
2013-03-02 15:30:00,0.635
2013-03-02 16:00:00,0.497
2013-03-02 16:30:00,0.945
2013-03-02 17:00:00,1.054
2013-03-02 17:30:00,1.0700001
2013-03-02 18:00:00,0.934
2013-03-02 18:30:00,1.201
2013-03-02 19:00:00,1.063
2013-03-02 19:30:00,1.976
2013-03-02 20:00:00,2.108
2013-03-02 20:30:00,3.125
2013-03-02 21:00:00,2.598
2013-03-02 21:30:00,1.687
2013-03-02 22:00:00,1.692
2013-03-02 22:30:00,1.365
2013-03-02 23:00:00,1.08
2013-03-02 23:30:00,1.251
2013-03-03 00:00:00,1.178
2013-03-03 00:30:00,1.232
2013-03-03 01:00:00,1.1059999
2013-03-03 01:30:00,1.318
2013-03-03 02:00:00,1.043
2013-03-03 02:30:00,1.288
2013-03-03 03:00:00,1.1569999
2013-03-03 03:30:00,1.267
2013-03-03 04:00:00,1.119
2013-03-03 04:30:00,1.3839999
2013-03-03 05:00:00,1.13
2013-03-03 05:30:00,1.8099999
2013-03-03 06:00:00,2.095
2013-03-03 06:30:00,1.457
2013-03-03 07:00:00,1.294
2013-03-03 07:30:00,1.785
2013-03-03 08:00:00,1.206
2013-03-03 08:30:00,1.415
2013-03-03 09:00:00,1.155
2013-03-03 09:30:00,1.348
2013-03-03 10:00:00,1.0829999
2013-03-03 10:30:00,1.164
2013-03-03 11:00:00,1.09
2013-03-03 11:30:00,1.17
2013-03-03 12:00:00,0.994
2013-03-03 12:30:00,1.062
2013-03-03 13:00:00,1.056
2013-03-03 13:30:00,1.018
2013-03-03 14:00:00,0.993
2013-03-03 14:30:00,1.069
2013-03-03 15:00:00,0.91
2013-03-03 15:30:00,0.821
2013-03-03 16:00:00,0.857
2013-03-03 16:30:00,0.905
2013-03-03 17:00:00,0.81
2013-03-03 17:30:00,0.974
2013-03-03 18:00:00,0.941
2013-03-03 18:30:00,0.97
2013-03-03 19:00:00,0.951
2013-03-03 19:30:00,1.08
2013-03-03 20:00:00,1.02
2013-03-03 20:30:00,1.487
2013-03-03 21:00:00,1.223
2013-03-03 21:30:00,1.239
2013-03-03 22:00:00,1.092
2013-03-03 22:30:00,1.303
2013-03-03 23:00:00,1.1160001
2013-03-03 23:30:00,1.2359999
2013-03-04 00:00:00,1.1670001
2013-03-04 00:30:00,1.29
2013-03-04 01:00:00,1.114
2013-03-04 01:30:00,1.2690001
2013-03-04 02:00:00,1.069
2013-03-04 02:30:00,1.278
2013-03-04 03:00:00,0.981
2013-03-04 03:30:00,1.2869999
2013-03-04 04:00:00,1.101
2013-03-04 04:30:00,1.211
2013-03-04 05:00:00,1.237
2013-03-04 05:30:00,1.596
2013-03-04 06:00:00,1.21
2013-03-04 06:30:00,1.358
2013-03-04 07:00:00,1.226
2013-03-04 07:30:00,2.016
2013-03-04 08:00:00,1.3099999
2013-03-04 08:30:00,2.128
2013-03-04 09:00:00,1.1900001
2013-03-04 09:30:00,2.312
2013-03-04 10:00:00,2.2809999
2013-03-04 10:30:00,2.0450001
2013-03-04 11:00:00,1.215
2013-03-04 11:30:00,2.0539999
2013-03-04 12:00:00,1.647
2013-03-04 12:30:00,1.011
2013-03-04 13:00:00,0.901
2013-03-04 13:30:00,1.027
2013-03-04 14:00:00,0.945
2013-03-04 14:30:00,0.877
2013-03-04 15:00:00,0.895
2013-03-04 15:30:00,0.741
2013-03-04 16:00:00,0.684
2013-03-04 16:30:00,0.786
2013-03-04 17:00:00,0.876
2013-03-04 17:30:00,0.846
2013-03-04 18:00:00,0.871
2013-03-04 18:30:00,1.072
2013-03-04 19:00:00,1.691
2013-03-04 19:30:00,1.687
2013-03-04 20:00:00,1.159
2013-03-04 20:30:00,1.398
2013-03-04 21:00:00,1.044
2013-03-04 21:30:00,1.091
2013-03-04 22:00:00,1.036
2013-03-04 22:30:00,1.036
2013-03-04 23:00:00,0.991
2013-03-04 23:30:00,1.1619999
2013-03-05 00:00:00,0.985
2013-03-05 00:30:00,1.091
2013-03-05 01:00:00,1.0369999
2013-03-05 01:30:00,1.227
2013-03-05 02:00:00,0.947
2013-03-05 02:30:00,1.165
2013-03-05 03:00:00,1.096
2013-03-05 03:30:00,1.1059999
2013-03-05 04:00:00,1.064
2013-03-05 04:30:00,1.1950001
2013-03-05 05:00:00,1.184
2013-03-05 05:30:00,1.3839999
2013-03-05 06:00:00,1.211
2013-03-05 06:30:00,1.2589999
2013-03-05 07:00:00,1.108
2013-03-05 07:30:00,1.508
2013-03-05 08:00:00,1.306
2013-03-05 08:30:00,1.242
2013-03-05 09:00:00,1.022
2013-03-05 09:30:00,1.235
2013-03-05 10:00:00,1.0779999
2013-03-05 10:30:00,1.1
2013-03-05 11:00:00,1.061
2013-03-05 11:30:00,0.977
2013-03-05 12:00:00,0.935
2013-03-05 12:30:00,0.904
2013-03-05 13:00:00,0.947
2013-03-05 13:30:00,0.899
2013-03-05 14:00:00,0.912
2013-03-05 14:30:00,0.883
2013-03-05 15:00:00,0.753
2013-03-05 15:30:00,0.687
2013-03-05 16:00:00,0.71
2013-03-05 16:30:00,0.872
2013-03-05 17:00:00,0.787
2013-03-05 17:30:00,0.785
2013-03-05 18:00:00,0.946
2013-03-05 18:30:00,0.774
2013-03-05 19:00:00,0.984
2013-03-05 19:30:00,1.632
2013-03-05 20:00:00,2.2320001
2013-03-05 20:30:00,1.113
2013-03-05 21:00:00,1.614
2013-03-05 21:30:00,1.525
2013-03-05 22:00:00,0.904
2013-03-05 22:30:00,1.0
2013-03-05 23:00:00,0.993
2013-03-05 23:30:00,0.947
2013-03-06 00:00:00,0.97
2013-03-06 00:30:00,0.996
2013-03-06 01:00:00,0.917
2013-03-06 01:30:00,0.975
2013-03-06 02:00:00,1.022
2013-03-06 02:30:00,0.952
2013-03-06 03:00:00,0.965
2013-03-06 03:30:00,1.0470001
2013-03-06 04:00:00,0.999
2013-03-06 04:30:00,0.977
2013-03-06 05:00:00,1.033
2013-03-06 05:30:00,1.378
2013-03-06 06:00:00,1.063
2013-03-06 06:30:00,1.149
2013-03-06 07:00:00,1.1
2013-03-06 07:30:00,1.05
2013-03-06 08:00:00,0.928
2013-03-06 08:30:00,1.102
2013-03-06 09:00:00,0.935
2013-03-06 09:30:00,0.977
2013-03-06 10:00:00,1.008
2013-03-06 10:30:00,0.958
2013-03-06 11:00:00,0.88
2013-03-06 11:30:00,0.914
2013-03-06 12:00:00,0.886
2013-03-06 12:30:00,0.764
2013-03-06 13:00:00,0.923
2013-03-06 13:30:00,0.822
2013-03-06 14:00:00,0.938
2013-03-06 14:30:00,0.945
2013-03-06 15:00:00,1.023
2013-03-06 15:30:00,0.922
2013-03-06 16:00:00,1.043
2013-03-06 16:30:00,1.05
2013-03-06 17:00:00,0.988
2013-03-06 17:30:00,1.08
2013-03-06 18:00:00,2.1210001
2013-03-06 18:30:00,1.707
2013-03-06 19:00:00,1.092
2013-03-06 19:30:00,1.104
2013-03-06 20:00:00,1.726
2013-03-06 20:30:00,3.1229999
2013-03-06 21:00:00,1.4450001
2013-03-06 21:30:00,1.202
2013-03-06 22:00:00,1.048
2013-03-06 22:30:00,1.015
2013-03-06 23:00:00,1.058
2013-03-06 23:30:00,0.999
2013-03-07 00:00:00,0.969
2013-03-07 00:30:00,1.073
2013-03-07 01:00:00,0.984
2013-03-07 01:30:00,0.971
2013-03-07 02:00:00,0.921
2013-03-07 02:30:00,1.016
2013-03-07 03:00:00,0.918
2013-03-07 03:30:00,1.0650001
2013-03-07 04:00:00,0.985
2013-03-07 04:30:00,0.946
2013-03-07 05:00:00,0.996
2013-03-07 05:30:00,1.3940001
2013-03-07 06:00:00,1.018
2013-03-07 06:30:00,1.152
2013-03-07 07:00:00,1.225
2013-03-07 07:30:00,1.124
2013-03-07 08:00:00,1.0
2013-03-07 08:30:00,1.12
2013-03-07 09:00:00,1.684
2013-03-07 09:30:00,1.249
2013-03-07 10:00:00,1.155
2013-03-07 10:30:00,1.198
2013-03-07 11:00:00,2.131
2013-03-07 11:30:00,1.154
2013-03-07 12:00:00,1.018
2013-03-07 12:30:00,1.068
2013-03-07 13:00:00,0.962
2013-03-07 13:30:00,1.008
2013-03-07 14:00:00,0.938
2013-03-07 14:30:00,0.992
2013-03-07 15:00:00,1.263
2013-03-07 15:30:00,0.985
2013-03-07 16:00:00,1.24
2013-03-07 16:30:00,1.046
2013-03-07 17:00:00,1.0319999
2013-03-07 17:30:00,1.062
2013-03-07 18:00:00,1.015
2013-03-07 18:30:00,1.098
2013-03-07 19:00:00,0.965
2013-03-07 19:30:00,1.301
2013-03-07 20:00:00,1.3279999
2013-03-07 20:30:00,1.492
2013-03-07 21:00:00,1.548
2013-03-07 21:30:00,1.194
2013-03-07 22:00:00,0.976
2013-03-07 22:30:00,0.982
2013-03-07 23:00:00,0.996
2013-03-07 23:30:00,1.031
2013-03-08 00:00:00,0.87
2013-03-08 00:30:00,1.041
2013-03-08 01:00:00,0.962
2013-03-08 01:30:00,1.007
2013-03-08 02:00:00,0.92
2013-03-08 02:30:00,1.074
2013-03-08 03:00:00,0.837
2013-03-08 03:30:00,1.09
2013-03-08 04:00:00,0.942
2013-03-08 04:30:00,1.006
2013-03-08 05:00:00,0.946
2013-03-08 05:30:00,1.434
2013-03-08 06:00:00,0.955
2013-03-08 06:30:00,1.123
2013-03-08 07:00:00,1.102
2013-03-08 07:30:00,1.174
2013-03-08 08:00:00,0.964
2013-03-08 08:30:00,1.1390001
2013-03-08 09:00:00,0.91
2013-03-08 09:30:00,1.015
2013-03-08 10:00:00,0.917
2013-03-08 10:30:00,1.017
2013-03-08 11:00:00,0.885
2013-03-08 11:30:00,0.944
2013-03-08 12:00:00,0.927
2013-03-08 12:30:00,0.983
2013-03-08 13:00:00,0.867
2013-03-08 13:30:00,0.977
2013-03-08 14:00:00,1.115
2013-03-08 14:30:00,1.029
2013-03-08 15:00:00,0.991
2013-03-08 15:30:00,1.365
2013-03-08 16:00:00,1.219
2013-03-08 16:30:00,0.96
2013-03-08 17:00:00,0.905
2013-03-08 17:30:00,1.008
2013-03-08 18:00:00,0.984
2013-03-08 18:30:00,1.962
2013-03-08 19:00:00,2.171
2013-03-08 19:30:00,2.154
2013-03-08 20:00:00,1.612
2013-03-08 20:30:00,1.278
2013-03-08 21:00:00,1.01
2013-03-08 21:30:00,1.623
2013-03-08 22:00:00,2.293
2013-03-08 22:30:00,1.222
2013-03-08 23:00:00,1.119
2013-03-08 23:30:00,1.5829999
2013-03-09 00:00:00,0.964
2013-03-09 00:30:00,1.0190001
2013-03-09 01:00:00,0.98
2013-03-09 01:30:00,1.059
2013-03-09 02:00:00,0.849
2013-03-09 02:30:00,1.015
2013-03-09 03:00:00,0.949
2013-03-09 03:30:00,0.902
2013-03-09 04:00:00,0.953
2013-03-09 04:30:00,1.081
2013-03-09 05:00:00,0.918
2013-03-09 05:30:00,1.753
2013-03-09 06:00:00,1.165
2013-03-09 06:30:00,1.169
2013-03-09 07:00:00,1.056
2013-03-09 07:30:00,1.225
2013-03-09 08:00:00,1.1339999
2013-03-09 08:30:00,2.401
2013-03-09 09:00:00,1.648
2013-03-09 09:30:00,1.3940001
2013-03-09 10:00:00,3.6849999
2013-03-09 10:30:00,2.3369999
2013-03-09 11:00:00,1.992
2013-03-09 11:30:00,2.233
2013-03-09 12:00:00,1.535
2013-03-09 12:30:00,1.087
2013-03-09 13:00:00,0.999
2013-03-09 13:30:00,0.996
2013-03-09 14:00:00,1.068
2013-03-09 14:30:00,1.189
2013-03-09 15:00:00,0.943
2013-03-09 15:30:00,1.095
2013-03-09 16:00:00,1.057
2013-03-09 16:30:00,1.0779999
2013-03-09 17:00:00,0.987
2013-03-09 17:30:00,1.085
2013-03-09 18:00:00,1.168
2013-03-09 18:30:00,1.276
2013-03-09 19:00:00,1.085
2013-03-09 19:30:00,1.281
2013-03-09 20:00:00,1.416
2013-03-09 20:30:00,1.631
2013-03-09 21:00:00,1.263
2013-03-09 21:30:00,1.318
2013-03-09 22:00:00,0.956
2013-03-09 22:30:00,1.255
2013-03-09 23:00:00,1.0650001
2013-03-09 23:30:00,1.11
2013-03-10 00:00:00,1.012
2013-03-10 00:30:00,1.168
2013-03-10 01:00:00,1.029
2013-03-10 01:30:00,1.112
2013-03-10 02:00:00,1.018
2013-03-10 02:30:00,1.2359999
2013-03-10 03:00:00,0.955
2013-03-10 03:30:00,1.201
2013-03-10 04:00:00,1.033
2013-03-10 04:30:00,1.205
2013-03-10 05:00:00,1.174
2013-03-10 05:30:00,1.533
2013-03-10 06:00:00,1.125
2013-03-10 06:30:00,1.2819999
2013-03-10 07:00:00,1.1339999
2013-03-10 07:30:00,1.363
2013-03-10 08:00:00,1.0829999
2013-03-10 08:30:00,1.358
2013-03-10 09:00:00,1.0930001
2013-03-10 09:30:00,1.291
2013-03-10 10:00:00,1.068
2013-03-10 10:30:00,1.2920001
2013-03-10 11:00:00,1.176
2013-03-10 11:30:00,1.242
2013-03-10 12:00:00,0.973
2013-03-10 12:30:00,1.221
2013-03-10 13:00:00,0.961
2013-03-10 13:30:00,1.184
2013-03-10 14:00:00,0.984
2013-03-10 14:30:00,1.163
2013-03-10 15:00:00,1.0
2013-03-10 15:30:00,1.209
2013-03-10 16:00:00,1.061
2013-03-10 16:30:00,1.135
2013-03-10 17:00:00,1.001
2013-03-10 17:30:00,1.304
2013-03-10 18:00:00,0.957
2013-03-10 18:30:00,1.224
2013-03-10 19:00:00,1.086
2013-03-10 19:30:00,1.23
2013-03-10 20:00:00,1.0319999
2013-03-10 20:30:00,1.312
2013-03-10 21:00:00,1.036
2013-03-10 21:30:00,1.2690001
2013-03-10 22:00:00,1.1210001
2013-03-10 22:30:00,1.404
2013-03-10 23:00:00,1.006
2013-03-10 23:30:00,1.322
2013-03-11 00:00:00,1.119
2013-03-11 00:30:00,1.3150001
2013-03-11 01:00:00,1.007
2013-03-11 01:30:00,1.409
2013-03-11 02:00:00,1.1720001
2013-03-11 02:30:00,1.279
2013-03-11 03:00:00,1.075
2013-03-11 03:30:00,1.375
2013-03-11 04:00:00,1.054
2013-03-11 04:30:00,1.3279999
2013-03-11 05:00:00,1.2
2013-03-11 05:30:00,1.604
2013-03-11 06:00:00,1.1390001
2013-03-11 06:30:00,1.522
2013-03-11 07:00:00,1.574
2013-03-11 07:30:00,2.132
2013-03-11 08:00:00,1.7180001
2013-03-11 08:30:00,2.016
2013-03-11 09:00:00,1.45
2013-03-11 09:30:00,2.0320001
2013-03-11 10:00:00,1.832
2013-03-11 10:30:00,1.589
2013-03-11 11:00:00,1.08
2013-03-11 11:30:00,1.462
2013-03-11 12:00:00,1.265
2013-03-11 12:30:00,1.4859999
2013-03-11 13:00:00,1.087
2013-03-11 13:30:00,1.2920001
2013-03-11 14:00:00,1.337
2013-03-11 14:30:00,1.416
2013-03-11 15:00:00,1.188
2013-03-11 15:30:00,1.374
2013-03-11 16:00:00,1.181
2013-03-11 16:30:00,1.3839999
2013-03-11 17:00:00,1.059
2013-03-11 17:30:00,1.471
2013-03-11 18:00:00,1.22
2013-03-11 18:30:00,1.428
2013-03-11 19:00:00,1.21
2013-03-11 19:30:00,1.599
2013-03-11 20:00:00,2.062
2013-03-11 20:30:00,3.1989999
2013-03-11 21:00:00,1.944
2013-03-11 21:30:00,1.6900001
2013-03-11 22:00:00,1.326
2013-03-11 22:30:00,1.4859999
2013-03-11 23:00:00,1.321
2013-03-11 23:30:00,1.5089999
2013-03-12 00:00:00,1.251
2013-03-12 00:30:00,1.536
2013-03-12 01:00:00,1.2079999
2013-03-12 01:30:00,1.612
2013-03-12 02:00:00,1.156
2013-03-12 02:30:00,1.572
2013-03-12 03:00:00,1.216
2013-03-12 03:30:00,1.627
2013-03-12 04:00:00,1.138
2013-03-12 04:30:00,1.598
2013-03-12 05:00:00,1.253
2013-03-12 05:30:00,1.788
2013-03-12 06:00:00,1.268
2013-03-12 06:30:00,1.706
2013-03-12 07:00:00,1.406
2013-03-12 07:30:00,1.568
2013-03-12 08:00:00,1.3839999
2013-03-12 08:30:00,1.633
2013-03-12 09:00:00,1.197
2013-03-12 09:30:00,1.4630001
2013-03-12 10:00:00,1.235
2013-03-12 10:30:00,1.47
2013-03-12 11:00:00,1.197
2013-03-12 11:30:00,1.271
2013-03-12 12:00:00,1.205
2013-03-12 12:30:00,1.3200001
2013-03-12 13:00:00,1.12
2013-03-12 13:30:00,1.207
2013-03-12 14:00:00,1.1289999
2013-03-12 14:30:00,1.226
2013-03-12 15:00:00,0.945
2013-03-12 15:30:00,1.1059999
2013-03-12 16:00:00,1.568
2013-03-12 16:30:00,1.35
2013-03-12 17:00:00,1.1950001
2013-03-12 17:30:00,1.37
2013-03-12 18:00:00,1.631
2013-03-12 18:30:00,1.276
2013-03-12 19:00:00,1.192
2013-03-12 19:30:00,1.351
2013-03-12 20:00:00,1.17
2013-03-12 20:30:00,1.86
2013-03-12 21:00:00,1.393
2013-03-12 21:30:00,1.304
2013-03-12 22:00:00,1.095
2013-03-12 22:30:00,1.308
2013-03-12 23:00:00,1.1950001
2013-03-12 23:30:00,1.3049999
2013-03-13 00:00:00,1.1210001
2013-03-13 00:30:00,1.4
2013-03-13 01:00:00,1.168
2013-03-13 01:30:00,1.33
2013-03-13 02:00:00,1.191
2013-03-13 02:30:00,1.428
2013-03-13 03:00:00,1.152
2013-03-13 03:30:00,1.409
2013-03-13 04:00:00,1.21
2013-03-13 04:30:00,1.439
2013-03-13 05:00:00,1.325
2013-03-13 05:30:00,1.6210001
2013-03-13 06:00:00,1.268
2013-03-13 06:30:00,1.594
2013-03-13 07:00:00,1.288
2013-03-13 07:30:00,1.586
2013-03-13 08:00:00,1.155
2013-03-13 08:30:00,1.484
2013-03-13 09:00:00,1.119
2013-03-13 09:30:00,1.529
2013-03-13 10:00:00,1.163
2013-03-13 10:30:00,1.382
2013-03-13 11:00:00,1.1289999
2013-03-13 11:30:00,1.304
2013-03-13 12:00:00,1.026
2013-03-13 12:30:00,1.184
2013-03-13 13:00:00,1.025
2013-03-13 13:30:00,1.2410001
2013-03-13 14:00:00,1.082
2013-03-13 14:30:00,1.114
2013-03-13 15:00:00,1.0930001
2013-03-13 15:30:00,1.001
2013-03-13 16:00:00,0.787
2013-03-13 16:30:00,1.444
2013-03-13 17:00:00,1.029
2013-03-13 17:30:00,1.425
2013-03-13 18:00:00,1.1
2013-03-13 18:30:00,1.723
2013-03-13 19:00:00,1.413
2013-03-13 19:30:00,1.283
2013-03-13 20:00:00,1.221
2013-03-13 20:30:00,1.367
2013-03-13 21:00:00,1.319
2013-03-13 21:30:00,1.316
2013-03-13 22:00:00,1.165
2013-03-13 22:30:00,1.404
2013-03-13 23:00:00,1.097
2013-03-13 23:30:00,1.362
2013-03-14 00:00:00,1.173
2013-03-14 00:30:00,1.352
2013-03-14 01:00:00,1.146
2013-03-14 01:30:00,1.429
2013-03-14 02:00:00,1.242
2013-03-14 02:30:00,1.375
2013-03-14 03:00:00,1.133
2013-03-14 03:30:00,1.544
2013-03-14 04:00:00,1.141
2013-03-14 04:30:00,1.461
2013-03-14 05:00:00,1.219
2013-03-14 05:30:00,2.3559999
2013-03-14 06:00:00,1.307
2013-03-14 06:30:00,2.4430001
2013-03-14 07:00:00,1.8099999
2013-03-14 07:30:00,1.938
2013-03-14 08:00:00,2.3959999
2013-03-14 08:30:00,1.7130001
2013-03-14 09:00:00,1.47
2013-03-14 09:30:00,3.316
2013-03-14 10:00:00,1.597
2013-03-14 10:30:00,1.937
2013-03-14 11:00:00,1.77
2013-03-14 11:30:00,2.2939999
2013-03-14 12:00:00,1.37
2013-03-14 12:30:00,1.275
2013-03-14 13:00:00,0.976
2013-03-14 13:30:00,1.147
2013-03-14 14:00:00,2.27
2013-03-14 14:30:00,1.696
2013-03-14 15:00:00,1.1109999
2013-03-14 15:30:00,1.067
2013-03-14 16:00:00,1.051
2013-03-14 16:30:00,1.052
2013-03-14 17:00:00,0.988
2013-03-14 17:30:00,1.288
2013-03-14 18:00:00,1.081
2013-03-14 18:30:00,1.55
2013-03-14 19:00:00,1.71
2013-03-14 19:30:00,2.8870001
2013-03-14 20:00:00,2.641
2013-03-14 20:30:00,2.7809999
2013-03-14 21:00:00,2.4760001
2013-03-14 21:30:00,1.789
2013-03-14 22:00:00,1.256
2013-03-14 22:30:00,1.391
2013-03-14 23:00:00,1.21
2013-03-14 23:30:00,1.341
2013-03-15 00:00:00,1.188
2013-03-15 00:30:00,1.3609999
2013-03-15 01:00:00,1.0829999
2013-03-15 01:30:00,1.355
2013-03-15 02:00:00,1.178
2013-03-15 02:30:00,1.341
2013-03-15 03:00:00,1.099
2013-03-15 03:30:00,1.447
2013-03-15 04:00:00,1.1210001
2013-03-15 04:30:00,1.3609999
2013-03-15 05:00:00,1.261
2013-03-15 05:30:00,1.6289999
2013-03-15 06:00:00,2.5439999
2013-03-15 06:30:00,1.561
2013-03-15 07:00:00,1.1950001
2013-03-15 07:30:00,1.735
2013-03-15 08:00:00,1.774
2013-03-15 08:30:00,1.46
2013-03-15 09:00:00,1.15
2013-03-15 09:30:00,1.309
2013-03-15 10:00:00,1.089
2013-03-15 10:30:00,1.351
2013-03-15 11:00:00,1.0369999
2013-03-15 11:30:00,1.242
2013-03-15 12:00:00,1.054
2013-03-15 12:30:00,1.234
2013-03-15 13:00:00,0.96
2013-03-15 13:30:00,1.207
2013-03-15 14:00:00,1.2029999
2013-03-15 14:30:00,1.337
2013-03-15 15:00:00,1.073
2013-03-15 15:30:00,1.6720001
2013-03-15 16:00:00,1.529
2013-03-15 16:30:00,1.122
2013-03-15 17:00:00,1.034
2013-03-15 17:30:00,1.475
2013-03-15 18:00:00,1.084
2013-03-15 18:30:00,1.707
2013-03-15 19:00:00,1.762
2013-03-15 19:30:00,1.402
2013-03-15 20:00:00,1.357
2013-03-15 20:30:00,2.072
2013-03-15 21:00:00,1.98
2013-03-15 21:30:00,2.227
2013-03-15 22:00:00,1.152
2013-03-15 22:30:00,1.215
2013-03-15 23:00:00,1.005
2013-03-15 23:30:00,1.2079999
2013-03-16 00:00:00,1.035
2013-03-16 00:30:00,1.147
2013-03-16 01:00:00,1.048
2013-03-16 01:30:00,1.3
2013-03-16 02:00:00,0.929
2013-03-16 02:30:00,1.209
2013-03-16 03:00:00,1.092
2013-03-16 03:30:00,1.151
2013-03-16 04:00:00,1.051
2013-03-16 04:30:00,1.232
2013-03-16 05:00:00,1.118
2013-03-16 05:30:00,1.368
2013-03-16 06:00:00,1.194
2013-03-16 06:30:00,1.36
2013-03-16 07:00:00,1.085
2013-03-16 07:30:00,1.332
2013-03-16 08:00:00,1.163
2013-03-16 08:30:00,1.2460001
2013-03-16 09:00:00,1.148
2013-03-16 09:30:00,1.495
2013-03-16 10:00:00,1.853
2013-03-16 10:30:00,1.244
2013-03-16 11:00:00,2.0550001
2013-03-16 11:30:00,2.1099999
2013-03-16 12:00:00,1.194
2013-03-16 12:30:00,1.24
2013-03-16 13:00:00,1.064
2013-03-16 13:30:00,1.27
2013-03-16 14:00:00,1.026
2013-03-16 14:30:00,1.7359999
2013-03-16 15:00:00,1.0700001
2013-03-16 15:30:00,1.022
2013-03-16 16:00:00,0.955
2013-03-16 16:30:00,0.994
2013-03-16 17:00:00,0.832
2013-03-16 17:30:00,1.023
2013-03-16 18:00:00,0.984
2013-03-16 18:30:00,0.995
2013-03-16 19:00:00,0.958
2013-03-16 19:30:00,1.1390001
2013-03-16 20:00:00,0.991
2013-03-16 20:30:00,1.082
2013-03-16 21:00:00,1.061
2013-03-16 21:30:00,1.1799999
2013-03-16 22:00:00,1.0190001
2013-03-16 22:30:00,1.207
2013-03-16 23:00:00,1.052
2013-03-16 23:30:00,1.142
2013-03-17 00:00:00,1.041
2013-03-17 00:30:00,1.239
2013-03-17 01:00:00,1.01
2013-03-17 01:30:00,1.215
2013-03-17 02:00:00,1.0880001
2013-03-17 02:30:00,1.209
2013-03-17 03:00:00,1.027
2013-03-17 03:30:00,1.345
2013-03-17 04:00:00,1.03
2013-03-17 04:30:00,1.199
2013-03-17 05:00:00,1.25
2013-03-17 05:30:00,1.5039999
2013-03-17 06:00:00,1.096
2013-03-17 06:30:00,1.347
2013-03-17 07:00:00,1.1619999
2013-03-17 07:30:00,1.312
2013-03-17 08:00:00,1.0599999
2013-03-17 08:30:00,1.411
2013-03-17 09:00:00,1.098
2013-03-17 09:30:00,1.273
2013-03-17 10:00:00,1.0599999
2013-03-17 10:30:00,1.279
2013-03-17 11:00:00,0.922
2013-03-17 11:30:00,1.2079999
2013-03-17 12:00:00,0.984
2013-03-17 12:30:00,1.168
2013-03-17 13:00:00,0.952
2013-03-17 13:30:00,1.178
2013-03-17 14:00:00,0.988
2013-03-17 14:30:00,1.104
2013-03-17 15:00:00,0.952
2013-03-17 15:30:00,1.141
2013-03-17 16:00:00,0.983
2013-03-17 16:30:00,1.103
2013-03-17 17:00:00,0.992
2013-03-17 17:30:00,1.133
2013-03-17 18:00:00,0.972
2013-03-17 18:30:00,1.198
2013-03-17 19:00:00,0.991
2013-03-17 19:30:00,1.216
2013-03-17 20:00:00,0.996
2013-03-17 20:30:00,1.223
2013-03-17 21:00:00,1.044
2013-03-17 21:30:00,1.225
2013-03-17 22:00:00,1.0420001
2013-03-17 22:30:00,1.2869999
2013-03-17 23:00:00,1.033
2013-03-17 23:30:00,1.392
2013-03-18 00:00:00,1.081
2013-03-18 00:30:00,1.321
2013-03-18 01:00:00,1.036
2013-03-18 01:30:00,1.365
2013-03-18 02:00:00,1.073
2013-03-18 02:30:00,1.2589999
2013-03-18 03:00:00,1.1289999
2013-03-18 03:30:00,1.354
2013-03-18 04:00:00,1.0039999
2013-03-18 04:30:00,1.4450001
2013-03-18 05:00:00,1.149
2013-03-18 05:30:00,1.678
2013-03-18 06:00:00,1.1569999
2013-03-18 06:30:00,1.5190001
2013-03-18 07:00:00,1.168
2013-03-18 07:30:00,1.436
2013-03-18 08:00:00,1.3099999
2013-03-18 08:30:00,3.2320001
2013-03-18 09:00:00,2.825
2013-03-18 09:30:00,2.154
2013-03-18 10:00:00,1.8789999
2013-03-18 10:30:00,2.3900001
2013-03-18 11:00:00,1.152
2013-03-18 11:30:00,1.592
2013-03-18 12:00:00,1.153
2013-03-18 12:30:00,1.193
2013-03-18 13:00:00,0.993
2013-03-18 13:30:00,1.248
2013-03-18 14:00:00,1.066
2013-03-18 14:30:00,1.202
2013-03-18 15:00:00,1.071
2013-03-18 15:30:00,1.321
2013-03-18 16:00:00,0.954
2013-03-18 16:30:00,1.258
2013-03-18 17:00:00,1.073
2013-03-18 17:30:00,1.252
2013-03-18 18:00:00,1.028
2013-03-18 18:30:00,1.364
2013-03-18 19:00:00,1.091
2013-03-18 19:30:00,1.465
2013-03-18 20:00:00,2.474
2013-03-18 20:30:00,1.937
2013-03-18 21:00:00,2.585
2013-03-18 21:30:00,1.789
2013-03-18 22:00:00,1.476
2013-03-18 22:30:00,1.808
2013-03-18 23:00:00,0.999
2013-03-18 23:30:00,1.354
2013-03-19 00:00:00,1.073
2013-03-19 00:30:00,1.2690001
2013-03-19 01:00:00,1.068
2013-03-19 01:30:00,1.3099999
2013-03-19 02:00:00,1.058
2013-03-19 02:30:00,1.262
2013-03-19 03:00:00,1.087
2013-03-19 03:30:00,1.319
2013-03-19 04:00:00,1.036
2013-03-19 04:30:00,1.3200001
2013-03-19 05:00:00,1.154
2013-03-19 05:30:00,1.541
2013-03-19 06:00:00,1.147
2013-03-19 06:30:00,1.8380001
2013-03-19 07:00:00,1.367
2013-03-19 07:30:00,1.3329999
2013-03-19 08:00:00,1.161
2013-03-19 08:30:00,1.369
2013-03-19 09:00:00,1.02
2013-03-19 09:30:00,1.262
2013-03-19 10:00:00,1.0700001
2013-03-19 10:30:00,1.286
2013-03-19 11:00:00,0.962
2013-03-19 11:30:00,1.301
2013-03-19 12:00:00,1.007
2013-03-19 12:30:00,1.228
2013-03-19 13:00:00,0.947
2013-03-19 13:30:00,1.29
2013-03-19 14:00:00,1.0650001
2013-03-19 14:30:00,1.1390001
2013-03-19 15:00:00,1.039
2013-03-19 15:30:00,1.081
2013-03-19 16:00:00,0.737
2013-03-19 16:30:00,0.828
2013-03-19 17:00:00,1.046
2013-03-19 17:30:00,1.607
2013-03-19 18:00:00,1.426
2013-03-19 18:30:00,1.326
2013-03-19 19:00:00,0.981
2013-03-19 19:30:00,1.251
2013-03-19 20:00:00,1.989
2013-03-19 20:30:00,1.4299999
2013-03-19 21:00:00,1.835
2013-03-19 21:30:00,2.3
2013-03-19 22:00:00,1.2130001
2013-03-19 22:30:00,1.189
2013-03-19 23:00:00,1.02
2013-03-19 23:30:00,1.277
2013-03-20 00:00:00,1.0140001
2013-03-20 00:30:00,1.204
2013-03-20 01:00:00,1.016
2013-03-20 01:30:00,1.33
2013-03-20 02:00:00,0.938
2013-03-20 02:30:00,1.266
2013-03-20 03:00:00,1.04
2013-03-20 03:30:00,1.288
2013-03-20 04:00:00,0.98
2013-03-20 04:30:00,1.336
2013-03-20 05:00:00,1.11
2013-03-20 05:30:00,1.439
2013-03-20 06:00:00,1.1059999
2013-03-20 06:30:00,1.377
2013-03-20 07:00:00,1.171
2013-03-20 07:30:00,1.404
2013-03-20 08:00:00,1.066
2013-03-20 08:30:00,1.274
2013-03-20 09:00:00,0.985
2013-03-20 09:30:00,1.345
2013-03-20 10:00:00,0.984
2013-03-20 10:30:00,1.182
2013-03-20 11:00:00,1.0
2013-03-20 11:30:00,1.253
2013-03-20 12:00:00,0.93
2013-03-20 12:30:00,1.181
2013-03-20 13:00:00,0.97
2013-03-20 13:30:00,1.115
2013-03-20 14:00:00,1.051
2013-03-20 14:30:00,1.147
2013-03-20 15:00:00,1.052
2013-03-20 15:30:00,1.081
2013-03-20 16:00:00,1.031
2013-03-20 16:30:00,1.256
2013-03-20 17:00:00,1.342
2013-03-20 17:30:00,1.527
2013-03-20 18:00:00,1.702
2013-03-20 18:30:00,1.326
2013-03-20 19:00:00,1.069
2013-03-20 19:30:00,1.316
2013-03-20 20:00:00,1.085
2013-03-20 20:30:00,1.467
2013-03-20 21:00:00,3.0929999
2013-03-20 21:30:00,2.401
2013-03-20 22:00:00,1.469
2013-03-20 22:30:00,1.237
2013-03-20 23:00:00,1.056
2013-03-20 23:30:00,1.262
2013-03-21 00:00:00,0.973
2013-03-21 00:30:00,1.258
2013-03-21 01:00:00,1.066
2013-03-21 01:30:00,1.257
2013-03-21 02:00:00,0.998
2013-03-21 02:30:00,1.349
2013-03-21 03:00:00,0.994
2013-03-21 03:30:00,1.2970001
2013-03-21 04:00:00,1.077
2013-03-21 04:30:00,1.357
2013-03-21 05:00:00,0.99
2013-03-21 05:30:00,1.664
2013-03-21 06:00:00,1.158
2013-03-21 06:30:00,1.374
2013-03-21 07:00:00,1.1569999
2013-03-21 07:30:00,1.487
2013-03-21 08:00:00,1.149
2013-03-21 08:30:00,1.334
2013-03-21 09:00:00,1.052
2013-03-21 09:30:00,1.722
2013-03-21 10:00:00,1.291
2013-03-21 10:30:00,1.4809999
2013-03-21 11:00:00,2.2460001
2013-03-21 11:30:00,1.533
2013-03-21 12:00:00,1.265
2013-03-21 12:30:00,1.224
2013-03-21 13:00:00,0.99
2013-03-21 13:30:00,1.066
2013-03-21 14:00:00,1.118
2013-03-21 14:30:00,1.169
2013-03-21 15:00:00,0.951
2013-03-21 15:30:00,1.112
2013-03-21 16:00:00,0.984
2013-03-21 16:30:00,1.048
2013-03-21 17:00:00,0.87
2013-03-21 17:30:00,1.186
2013-03-21 18:00:00,0.979
2013-03-21 18:30:00,1.067
2013-03-21 19:00:00,0.962
2013-03-21 19:30:00,1.256
2013-03-21 20:00:00,0.905
2013-03-21 20:30:00,1.235
2013-03-21 21:00:00,1.029
2013-03-21 21:30:00,2.2539999
2013-03-21 22:00:00,2.5650001
2013-03-21 22:30:00,1.9529999
2013-03-21 23:00:00,1.179
2013-03-21 23:30:00,1.298
2013-03-22 00:00:00,1.064
2013-03-22 00:30:00,1.299
2013-03-22 01:00:00,0.982
2013-03-22 01:30:00,1.354
2013-03-22 02:00:00,1.059
2013-03-22 02:30:00,1.235
2013-03-22 03:00:00,1.034
2013-03-22 03:30:00,1.385
2013-03-22 04:00:00,0.986
2013-03-22 04:30:00,1.316
2013-03-22 05:00:00,1.069
2013-03-22 05:30:00,1.52
2013-03-22 06:00:00,1.057
2013-03-22 06:30:00,1.4450001
2013-03-22 07:00:00,1.161
2013-03-22 07:30:00,1.348
2013-03-22 08:00:00,1.113
2013-03-22 08:30:00,1.329
2013-03-22 09:00:00,1.0549999
2013-03-22 09:30:00,1.229
2013-03-22 10:00:00,1.075
2013-03-22 10:30:00,1.2640001
2013-03-22 11:00:00,0.948
2013-03-22 11:30:00,1.222
2013-03-22 12:00:00,1.046
2013-03-22 12:30:00,1.135
2013-03-22 13:00:00,0.918
2013-03-22 13:30:00,1.1849999
2013-03-22 14:00:00,1.086
2013-03-22 14:30:00,1.153
2013-03-22 15:00:00,0.973
2013-03-22 15:30:00,1.201
2013-03-22 16:00:00,0.893
2013-03-22 16:30:00,1.148
2013-03-22 17:00:00,0.988
2013-03-22 17:30:00,1.248
2013-03-22 18:00:00,1.4910001
2013-03-22 18:30:00,1.37
2013-03-22 19:00:00,1.075
2013-03-22 19:30:00,1.24
2013-03-22 20:00:00,1.059
2013-03-22 20:30:00,1.323
2013-03-22 21:00:00,0.994
2013-03-22 21:30:00,1.289
2013-03-22 22:00:00,1.099
2013-03-22 22:30:00,1.319
2013-03-22 23:00:00,1.0700001
2013-03-22 23:30:00,1.337
2013-03-23 00:00:00,1.075
2013-03-23 00:30:00,1.234
2013-03-23 01:00:00,1.125
2013-03-23 01:30:00,1.339
2013-03-23 02:00:00,0.965
2013-03-23 02:30:00,1.37
2013-03-23 03:00:00,1.036
2013-03-23 03:30:00,1.342
2013-03-23 04:00:00,1.0190001
2013-03-23 04:30:00,1.396
2013-03-23 05:00:00,1.036
2013-03-23 05:30:00,1.559
2013-03-23 06:00:00,1.15
2013-03-23 06:30:00,1.413
2013-03-23 07:00:00,1.1900001
2013-03-23 07:30:00,1.443
2013-03-23 08:00:00,1.199
2013-03-23 08:30:00,1.432
2013-03-23 09:00:00,1.063
2013-03-23 09:30:00,1.681
2013-03-23 10:00:00,1.598
2013-03-23 10:30:00,2.2620001
2013-03-23 11:00:00,3.529
2013-03-23 11:30:00,1.901
2013-03-23 12:00:00,1.358
2013-03-23 12:30:00,1.358
2013-03-23 13:00:00,1.107
2013-03-23 13:30:00,1.349
2013-03-23 14:00:00,1.0319999
2013-03-23 14:30:00,1.342
2013-03-23 15:00:00,1.12
2013-03-23 15:30:00,1.267
2013-03-23 16:00:00,1.053
2013-03-23 16:30:00,1.367
2013-03-23 17:00:00,0.995
2013-03-23 17:30:00,1.346
2013-03-23 18:00:00,1.081
2013-03-23 18:30:00,1.3660001
2013-03-23 19:00:00,1.012
2013-03-23 19:30:00,1.443
2013-03-23 20:00:00,1.091
2013-03-23 20:30:00,1.306
2013-03-23 21:00:00,1.068
2013-03-23 21:30:00,1.405
2013-03-23 22:00:00,1.079
2013-03-23 22:30:00,1.399
2013-03-23 23:00:00,1.123
2013-03-23 23:30:00,1.4400001
2013-03-24 00:00:00,1.0549999
2013-03-24 00:30:00,1.4119999
2013-03-24 01:00:00,1.1059999
2013-03-24 01:30:00,1.4170001
2013-03-24 02:00:00,1.051
2013-03-24 02:30:00,1.4400001
2013-03-24 03:00:00,1.1440001
2013-03-24 03:30:00,1.3660001
2013-03-24 04:00:00,1.146
2013-03-24 04:30:00,1.478
2013-03-24 05:00:00,1.082
2013-03-24 05:30:00,1.601
2013-03-24 06:00:00,1.285
2013-03-24 06:30:00,1.535
2013-03-24 07:00:00,1.4680001
2013-03-24 07:30:00,2.6719999
2013-03-24 08:00:00,1.2410001
2013-03-24 08:30:00,1.39
2013-03-24 09:00:00,1.126
2013-03-24 09:30:00,1.531
2013-03-24 10:00:00,1.201
2013-03-24 10:30:00,2.744
2013-03-24 11:00:00,1.484
2013-03-24 11:30:00,1.6619999
2013-03-24 12:00:00,1.048
2013-03-24 12:30:00,1.396
2013-03-24 13:00:00,1.202
2013-03-24 13:30:00,1.367
2013-03-24 14:00:00,1.097
2013-03-24 14:30:00,1.531
2013-03-24 15:00:00,1.096
2013-03-24 15:30:00,1.38
2013-03-24 16:00:00,1.204
2013-03-24 16:30:00,1.433
2013-03-24 17:00:00,1.0470001
2013-03-24 17:30:00,1.515
2013-03-24 18:00:00,1.109
2013-03-24 18:30:00,1.375
2013-03-24 19:00:00,1.166
2013-03-24 19:30:00,1.47
2013-03-24 20:00:00,1.087
2013-03-24 20:30:00,1.478
2013-03-24 21:00:00,1.135
2013-03-24 21:30:00,1.452
2013-03-24 22:00:00,1.072
2013-03-24 22:30:00,1.5319999
2013-03-24 23:00:00,1.226
2013-03-24 23:30:00,1.52
2013-03-25 00:00:00,1.1059999
2013-03-25 00:30:00,1.524
2013-03-25 01:00:00,1.123
2013-03-25 01:30:00,1.518
2013-03-25 02:00:00,1.152
2013-03-25 02:30:00,1.489
2013-03-25 03:00:00,1.102
2013-03-25 03:30:00,1.516
2013-03-25 04:00:00,1.165
2013-03-25 04:30:00,1.455
2013-03-25 05:00:00,1.137
2013-03-25 05:30:00,1.737
2013-03-25 06:00:00,1.158
2013-03-25 06:30:00,1.5319999
2013-03-25 07:00:00,1.2309999
2013-03-25 07:30:00,1.538
2013-03-25 08:00:00,2.095
2013-03-25 08:30:00,2.5599999
2013-03-25 09:00:00,2.0439999
2013-03-25 09:30:00,1.893
2013-03-25 10:00:00,3.1059999
2013-03-25 10:30:00,1.854
2013-03-25 11:00:00,1.5880001
2013-03-25 11:30:00,3.0510001
2013-03-25 12:00:00,1.393
2013-03-25 12:30:00,1.584
2013-03-25 13:00:00,1.138
2013-03-25 13:30:00,1.3430001
2013-03-25 14:00:00,1.258
2013-03-25 14:30:00,1.482
2013-03-25 15:00:00,1.1210001
2013-03-25 15:30:00,1.442
2013-03-25 16:00:00,1.145
2013-03-25 16:30:00,1.405
2013-03-25 17:00:00,1.036
2013-03-25 17:30:00,1.512
2013-03-25 18:00:00,1.158
2013-03-25 18:30:00,1.9170001
2013-03-25 19:00:00,2.2460001
2013-03-25 19:30:00,2.51
2013-03-25 20:00:00,2.0810001
2013-03-25 20:30:00,3.777
2013-03-25 21:00:00,3.1170001
2013-03-25 21:30:00,2.3889999
2013-03-25 22:00:00,1.51
2013-03-25 22:30:00,1.563
2013-03-25 23:00:00,1.175
2013-03-25 23:30:00,1.479
2013-03-26 00:00:00,1.1210001
2013-03-26 00:30:00,1.507
2013-03-26 01:00:00,1.09
2013-03-26 01:30:00,1.446
2013-03-26 02:00:00,1.174
2013-03-26 02:30:00,1.433
2013-03-26 03:00:00,1.103
2013-03-26 03:30:00,1.53
2013-03-26 04:00:00,1.135
2013-03-26 04:30:00,1.4299999
2013-03-26 05:00:00,1.1339999
2013-03-26 05:30:00,1.694
2013-03-26 06:00:00,1.234
2013-03-26 06:30:00,1.522
2013-03-26 07:00:00,2.02
2013-03-26 07:30:00,2.1949999
2013-03-26 08:00:00,1.14
2013-03-26 08:30:00,1.51
2013-03-26 09:00:00,1.1720001
2013-03-26 09:30:00,1.33
2013-03-26 10:00:00,1.1390001
2013-03-26 10:30:00,1.444
2013-03-26 11:00:00,1.036
2013-03-26 11:30:00,1.354
2013-03-26 12:00:00,1.1059999
2013-03-26 12:30:00,1.391
2013-03-26 13:00:00,1.052
2013-03-26 13:30:00,1.321
2013-03-26 14:00:00,1.358
2013-03-26 14:30:00,1.414
2013-03-26 15:00:00,1.113
2013-03-26 15:30:00,1.398
2013-03-26 16:00:00,1.166
2013-03-26 16:30:00,1.449
2013-03-26 17:00:00,1.14
2013-03-26 17:30:00,1.488
2013-03-26 18:00:00,1.8660001
2013-03-26 18:30:00,1.9349999
2013-03-26 19:00:00,1.227
2013-03-26 19:30:00,1.446
2013-03-26 20:00:00,1.597
2013-03-26 20:30:00,1.987
2013-03-26 21:00:00,1.277
2013-03-26 21:30:00,1.385
2013-03-26 22:00:00,1.1569999
2013-03-26 22:30:00,1.4809999
2013-03-26 23:00:00,1.073
2013-03-26 23:30:00,1.438
2013-03-27 00:00:00,1.216
2013-03-27 00:30:00,1.431
2013-03-27 01:00:00,1.063
2013-03-27 01:30:00,1.525
2013-03-27 02:00:00,1.127
2013-03-27 02:30:00,1.451
2013-03-27 03:00:00,1.136
2013-03-27 03:30:00,1.551
2013-03-27 04:00:00,1.079
2013-03-27 04:30:00,1.451
2013-03-27 05:00:00,1.219
2013-03-27 05:30:00,1.761
2013-03-27 06:00:00,1.204
2013-03-27 06:30:00,1.597
2013-03-27 07:00:00,1.381
2013-03-27 07:30:00,1.501
2013-03-27 08:00:00,1.194
2013-03-27 08:30:00,1.5319999
2013-03-27 09:00:00,1.075
2013-03-27 09:30:00,1.423
2013-03-27 10:00:00,1.147
2013-03-27 10:30:00,1.331
2013-03-27 11:00:00,1.115
2013-03-27 11:30:00,1.353
2013-03-27 12:00:00,1.03
2013-03-27 12:30:00,1.279
2013-03-27 13:00:00,1.05
2013-03-27 13:30:00,1.265
2013-03-27 14:00:00,1.109
2013-03-27 14:30:00,1.406
2013-03-27 15:00:00,1.098
2013-03-27 15:30:00,1.27
2013-03-27 16:00:00,1.183
2013-03-27 16:30:00,1.277
2013-03-27 17:00:00,1.013
2013-03-27 17:30:00,1.302
2013-03-27 18:00:00,2.1300001
2013-03-27 18:30:00,2.7179999
2013-03-27 19:00:00,3.3870001
2013-03-27 19:30:00,2.517
2013-03-27 20:00:00,4.3299999
2013-03-27 20:30:00,3.802
2013-03-27 21:00:00,3.152
2013-03-27 21:30:00,3.631
2013-03-27 22:00:00,3.0109999
2013-03-27 22:30:00,2.266
2013-03-27 23:00:00,1.262
2013-03-27 23:30:00,1.502
2013-03-28 00:00:00,1.166
2013-03-28 00:30:00,1.347
2013-03-28 01:00:00,1.145
2013-03-28 01:30:00,1.464
2013-03-28 02:00:00,1.059
2013-03-28 02:30:00,1.474
2013-03-28 03:00:00,1.173
2013-03-28 03:30:00,1.393
2013-03-28 04:00:00,1.086
2013-03-28 04:30:00,1.587
2013-03-28 05:00:00,1.151
2013-03-28 05:30:00,1.809
2013-03-28 06:00:00,3.3099999
2013-03-28 06:30:00,2.559
2013-03-28 07:00:00,1.235
2013-03-28 07:30:00,1.572
2013-03-28 08:00:00,1.229
2013-03-28 08:30:00,2.2750001
2013-03-28 09:00:00,1.484
2013-03-28 09:30:00,1.753
2013-03-28 10:00:00,2.0090001
2013-03-28 10:30:00,1.824
2013-03-28 11:00:00,1.862
2013-03-28 11:30:00,1.596
2013-03-28 12:00:00,1.869
2013-03-28 12:30:00,1.313
2013-03-28 13:00:00,1.104
2013-03-28 13:30:00,1.227
2013-03-28 14:00:00,0.993
2013-03-28 14:30:00,1.444
2013-03-28 15:00:00,1.186
2013-03-28 15:30:00,1.165
2013-03-28 16:00:00,1.097
2013-03-28 16:30:00,1.314
2013-03-28 17:00:00,1.09
2013-03-28 17:30:00,1.345
2013-03-28 18:00:00,1.158
2013-03-28 18:30:00,1.847
2013-03-28 19:00:00,2.092
2013-03-28 19:30:00,2.5439999
2013-03-28 20:00:00,1.985
2013-03-28 20:30:00,1.962
2013-03-28 21:00:00,1.357
2013-03-28 21:30:00,1.556
2013-03-28 22:00:00,1.285
2013-03-28 22:30:00,1.469
2013-03-28 23:00:00,1.466
2013-03-28 23:30:00,2.0739999
2013-03-29 00:00:00,1.551
2013-03-29 00:30:00,1.446
2013-03-29 01:00:00,1.214
2013-03-29 01:30:00,1.351
2013-03-29 02:00:00,1.229
2013-03-29 02:30:00,1.392
2013-03-29 03:00:00,1.177
2013-03-29 03:30:00,1.375
2013-03-29 04:00:00,1.257
2013-03-29 04:30:00,1.511
2013-03-29 05:00:00,1.892
2013-03-29 05:30:00,1.8789999
2013-03-29 06:00:00,1.678
2013-03-29 06:30:00,1.693
2013-03-29 07:00:00,1.614
2013-03-29 07:30:00,1.753
2013-03-29 08:00:00,1.533
2013-03-29 08:30:00,1.796
2013-03-29 09:00:00,1.721
2013-03-29 09:30:00,1.6390001
2013-03-29 10:00:00,0.65
2013-03-29 10:30:00,0.768
2013-03-29 11:00:00,0.531
2013-03-29 11:30:00,1.237
2013-03-29 12:00:00,0.668
2013-03-29 12:30:00,0.685
2013-03-29 13:00:00,0.549
2013-03-29 13:30:00,0.663
2013-03-29 14:00:00,0.629
2013-03-29 14:30:00,0.692
2013-03-29 15:00:00,0.542
2013-03-29 15:30:00,1.2130001
2013-03-29 16:00:00,1.127
2013-03-29 16:30:00,1.13
2013-03-29 17:00:00,1.096
2013-03-29 17:30:00,1.291
2013-03-29 18:00:00,1.114
2013-03-29 18:30:00,1.382
2013-03-29 19:00:00,1.449
2013-03-29 19:30:00,1.421
2013-03-29 20:00:00,1.207
2013-03-29 20:30:00,1.439
2013-03-29 21:00:00,1.232
2013-03-29 21:30:00,1.471
2013-03-29 22:00:00,1.377
2013-03-29 22:30:00,1.574
2013-03-29 23:00:00,1.35
2013-03-29 23:30:00,1.534
2013-03-30 00:00:00,1.495
2013-03-30 00:30:00,1.335
2013-03-30 01:00:00,1.168
2013-03-30 01:30:00,1.3559999
2013-03-30 02:00:00,1.166
2013-03-30 02:30:00,1.253
2013-03-30 03:00:00,1.242
2013-03-30 03:30:00,1.323
2013-03-30 04:00:00,1.142
2013-03-30 04:30:00,1.415
2013-03-30 05:00:00,1.293
2013-03-30 05:30:00,1.444
2013-03-30 06:00:00,1.416
2013-03-30 06:30:00,1.5599999
2013-03-30 07:00:00,1.239
2013-03-30 07:30:00,1.301
2013-03-30 08:00:00,1.1619999
2013-03-30 08:30:00,1.353
2013-03-30 09:00:00,1.035
2013-03-30 09:30:00,1.426
2013-03-30 10:00:00,1.8890001
2013-03-30 10:30:00,1.609
2013-03-30 11:00:00,1.858
2013-03-30 11:30:00,3.1329999
2013-03-30 12:00:00,1.673
2013-03-30 12:30:00,0.895
2013-03-30 13:00:00,1.317
2013-03-30 13:30:00,0.906
2013-03-30 14:00:00,1.438
2013-03-30 14:30:00,1.9809999
2013-03-30 15:00:00,0.887
2013-03-30 15:30:00,1.359
2013-03-30 16:00:00,1.969
2013-03-30 16:30:00,1.925
2013-03-30 17:00:00,0.682
2013-03-30 17:30:00,1.926
2013-03-30 18:00:00,1.978
2013-03-30 18:30:00,1.466
2013-03-30 19:00:00,0.913
2013-03-30 19:30:00,1.066
2013-03-30 20:00:00,0.919
2013-03-30 20:30:00,1.026
2013-03-30 21:00:00,0.854
2013-03-30 21:30:00,1.038
2013-03-30 22:00:00,2.5639999
2013-03-30 22:30:00,3.2160001
2013-03-30 23:00:00,3.049
2013-03-30 23:30:00,2.8329999
2013-03-31 00:00:00,2.5940001
2013-03-31 00:30:00,2.1229999
2013-03-31 01:00:00,1.79
2013-03-31 01:30:00,1.957
2013-03-31 02:00:00,1.891
2013-03-31 02:30:00,1.8839999
2013-03-31 03:00:00,1.8660001
2013-03-31 03:30:00,2.141
2013-03-31 04:00:00,2.0780001
2013-03-31 04:30:00,1.9910001
2013-03-31 05:00:00,1.874
2013-03-31 05:30:00,1.7410001
2013-03-31 06:00:00,1.729
2013-03-31 06:30:00,1.834
2013-03-31 07:00:00,1.723
2013-03-31 07:30:00,1.738
2013-03-31 08:00:00,1.749
2013-03-31 08:30:00,1.563
2013-03-31 09:00:00,1.3789999
2013-03-31 09:30:00,1.469
2013-03-31 10:00:00,0.839
2013-03-31 10:30:00,1.247
2013-03-31 11:00:00,2.3039999
2013-03-31 11:30:00,2.178
2013-03-31 12:00:00,1.382
2013-03-31 12:30:00,1.84
2013-03-31 13:00:00,1.765
2013-03-31 13:30:00,1.76
2013-03-31 14:00:00,1.989
2013-03-31 14:30:00,2.339
2013-03-31 15:00:00,3.0139999
2013-03-31 15:30:00,2.714
2013-03-31 16:00:00,2.79
2013-03-31 16:30:00,2.9349999
2013-03-31 17:00:00,2.2390001
2013-03-31 17:30:00,1.7079999
2013-03-31 18:00:00,1.554
2013-03-31 18:30:00,1.263
2013-03-31 19:00:00,1.283
2013-03-31 19:30:00,1.411
2013-03-31 20:00:00,1.418
2013-03-31 20:30:00,2.5109999
2013-03-31 21:00:00,2.7460001
2013-03-31 21:30:00,2.73
2013-03-31 22:00:00,2.523
2013-03-31 22:30:00,3.6110001
2013-03-31 23:00:00,3.227
2013-03-31 23:30:00,3.2880001
2013-04-01 00:00:00,2.506
2013-04-01 00:30:00,2.8800001
2013-04-01 01:00:00,2.3840001
2013-04-01 01:30:00,2.767
2013-04-01 02:00:00,2.523
2013-04-01 02:30:00,2.6659999
2013-04-01 03:00:00,2.362
2013-04-01 03:30:00,2.714
2013-04-01 04:00:00,2.3599999
2013-04-01 04:30:00,2.8929999
2013-04-01 05:00:00,2.6029999
2013-04-01 05:30:00,2.9000001
2013-04-01 06:00:00,2.3410001
2013-04-01 06:30:00,2.809
2013-04-01 07:00:00,2.3529999
2013-04-01 07:30:00,3.1210001
2013-04-01 08:00:00,2.5639999
2013-04-01 08:30:00,4.2420001
2013-04-01 09:00:00,2.786
2013-04-01 09:30:00,2.6670001
2013-04-01 10:00:00,2.3640001
2013-04-01 10:30:00,4.092
2013-04-01 11:00:00,2.148
2013-04-01 11:30:00,1.637
2013-04-01 12:00:00,1.2819999
2013-04-01 12:30:00,1.24
2013-04-01 13:00:00,1.283
2013-04-01 13:30:00,1.284
2013-04-01 14:00:00,1.201
2013-04-01 14:30:00,1.294
2013-04-01 15:00:00,1.22
2013-04-01 15:30:00,1.14
2013-04-01 16:00:00,2.082
2013-04-01 16:30:00,0.726
2013-04-01 17:00:00,0.581
2013-04-01 17:30:00,0.817
2013-04-01 18:00:00,0.949
2013-04-01 18:30:00,1.903
2013-04-01 19:00:00,2.0769999
2013-04-01 19:30:00,2.7550001
2013-04-01 20:00:00,2.2449999
2013-04-01 20:30:00,2.365
2013-04-01 21:00:00,3.51
2013-04-01 21:30:00,1.8839999
2013-04-01 22:00:00,1.8839999
2013-04-01 22:30:00,1.914
2013-04-01 23:00:00,1.449
2013-04-01 23:30:00,1.296
2013-04-02 00:00:00,1.476
2013-04-02 00:30:00,1.424
2013-04-02 01:00:00,1.591
2013-04-02 01:30:00,1.74
2013-04-02 02:00:00,1.801
2013-04-02 02:30:00,1.697
2013-04-02 03:00:00,1.813
2013-04-02 03:30:00,1.8329999
2013-04-02 04:00:00,1.717
2013-04-02 04:30:00,1.975
2013-04-02 05:00:00,1.982
2013-04-02 05:30:00,2.036
2013-04-02 06:00:00,1.937
2013-04-02 06:30:00,3.0510001
2013-04-02 07:00:00,1.817
2013-04-02 07:30:00,1.638
2013-04-02 08:00:00,1.624
2013-04-02 08:30:00,1.579
2013-04-02 09:00:00,1.693
2013-04-02 09:30:00,1.6339999
2013-04-02 10:00:00,1.5700001
2013-04-02 10:30:00,2.227
2013-04-02 11:00:00,3.1440001
2013-04-02 11:30:00,2.1570001
2013-04-02 12:00:00,1.423
2013-04-02 12:30:00,1.5599999
2013-04-02 13:00:00,1.604
2013-04-02 13:30:00,0.782
2013-04-02 14:00:00,0.88
2013-04-02 14:30:00,0.784
2013-04-02 15:00:00,0.671
2013-04-02 15:30:00,0.744
2013-04-02 16:00:00,0.672
2013-04-02 16:30:00,0.756
2013-04-02 17:00:00,0.557
2013-04-02 17:30:00,0.687
2013-04-02 18:00:00,0.62
2013-04-02 18:30:00,1.1109999
2013-04-02 19:00:00,1.71
2013-04-02 19:30:00,0.966
2013-04-02 20:00:00,2.497
2013-04-02 20:30:00,2.266
2013-04-02 21:00:00,1.454
2013-04-02 21:30:00,2.6359999
2013-04-02 22:00:00,1.724
2013-04-02 22:30:00,1.552
2013-04-02 23:00:00,1.348
2013-04-02 23:30:00,1.383
2013-04-03 00:00:00,1.036
2013-04-03 00:30:00,1.092
2013-04-03 01:00:00,1.003
2013-04-03 01:30:00,1.178
2013-04-03 02:00:00,1.008
2013-04-03 02:30:00,1.21
2013-04-03 03:00:00,1.2180001
2013-04-03 03:30:00,1.478
2013-04-03 04:00:00,1.368
2013-04-03 04:30:00,1.789
2013-04-03 05:00:00,1.23
2013-04-03 05:30:00,1.4119999
2013-04-03 06:00:00,1.206
2013-04-03 06:30:00,1.414
2013-04-03 07:00:00,1.099
2013-04-03 07:30:00,1.3839999
2013-04-03 08:00:00,1.192
2013-04-03 08:30:00,1.374
2013-04-03 09:00:00,1.087
2013-04-03 09:30:00,1.192
2013-04-03 10:00:00,0.937
2013-04-03 10:30:00,1.673
2013-04-03 11:00:00,1.2640001
2013-04-03 11:30:00,1.471
2013-04-03 12:00:00,2.224
2013-04-03 12:30:00,2.223
2013-04-03 13:00:00,1.857
2013-04-03 13:30:00,2.046
2013-04-03 14:00:00,1.724
2013-04-03 14:30:00,1.974
2013-04-03 15:00:00,1.74
2013-04-03 15:30:00,1.961
2013-04-03 16:00:00,1.6059999
2013-04-03 16:30:00,1.9
2013-04-03 17:00:00,1.7460001
2013-04-03 17:30:00,1.903
2013-04-03 18:00:00,1.579
2013-04-03 18:30:00,2.1329999
2013-04-03 19:00:00,2.1919999
2013-04-03 19:30:00,3.8069999
2013-04-03 20:00:00,3.2709999
2013-04-03 20:30:00,2.3870001
2013-04-03 21:00:00,1.793
2013-04-03 21:30:00,2.2060001
2013-04-03 22:00:00,1.682
2013-04-03 22:30:00,1.836
2013-04-03 23:00:00,1.512
2013-04-03 23:30:00,1.8200001
2013-04-04 00:00:00,1.5369999
2013-04-04 00:30:00,1.772
2013-04-04 01:00:00,1.605
2013-04-04 01:30:00,2.082
2013-04-04 02:00:00,1.835
2013-04-04 02:30:00,2.1440001
2013-04-04 03:00:00,1.823
2013-04-04 03:30:00,1.967
2013-04-04 04:00:00,1.469
2013-04-04 04:30:00,2.059
2013-04-04 05:00:00,1.544
2013-04-04 05:30:00,1.8710001
2013-04-04 06:00:00,1.624
2013-04-04 06:30:00,1.766
2013-04-04 07:00:00,1.531
2013-04-04 07:30:00,3.961
2013-04-04 08:00:00,2.6300001
2013-04-04 08:30:00,2.437
2013-04-04 09:00:00,2.737
2013-04-04 09:30:00,2.4449999
2013-04-04 10:00:00,1.556
2013-04-04 10:30:00,1.748
2013-04-04 11:00:00,3.1589999
2013-04-04 11:30:00,1.916
2013-04-04 12:00:00,1.404
2013-04-04 12:30:00,2.3859999
2013-04-04 13:00:00,1.821
2013-04-04 13:30:00,1.808
2013-04-04 14:00:00,1.271
2013-04-04 14:30:00,1.1900001
2013-04-04 15:00:00,1.1109999
2013-04-04 15:30:00,1.464
2013-04-04 16:00:00,1.385
2013-04-04 16:30:00,1.285
2013-04-04 17:00:00,1.3279999
2013-04-04 17:30:00,1.233
2013-04-04 18:00:00,1.262
2013-04-04 18:30:00,1.359
2013-04-04 19:00:00,1.498
2013-04-04 19:30:00,1.517
2013-04-04 20:00:00,1.784
2013-04-04 20:30:00,2.207
2013-04-04 21:00:00,1.656
2013-04-04 21:30:00,1.682
2013-04-04 22:00:00,1.688
2013-04-04 22:30:00,1.654
2013-04-04 23:00:00,1.625
2013-04-04 23:30:00,1.734
2013-04-05 00:00:00,1.485
2013-04-05 00:30:00,1.503
2013-04-05 01:00:00,1.545
2013-04-05 01:30:00,1.498
2013-04-05 02:00:00,1.489
2013-04-05 02:30:00,1.525
2013-04-05 03:00:00,1.5470001
2013-04-05 03:30:00,1.4680001
2013-04-05 04:00:00,1.51
2013-04-05 04:30:00,2.0079999
2013-04-05 05:00:00,1.648
2013-04-05 05:30:00,1.799
2013-04-05 06:00:00,1.7359999
2013-04-05 06:30:00,1.6109999
2013-04-05 07:00:00,1.585
2013-04-05 07:30:00,1.62
2013-04-05 08:00:00,1.434
2013-04-05 08:30:00,1.5190001
2013-04-05 09:00:00,1.434
2013-04-05 09:30:00,2.072
2013-04-05 10:00:00,1.857
2013-04-05 10:30:00,1.605
2013-04-05 11:00:00,1.581
2013-04-05 11:30:00,2.0420001
2013-04-05 12:00:00,1.38
2013-04-05 12:30:00,1.152
2013-04-05 13:00:00,1.056
2013-04-05 13:30:00,1.126
2013-04-05 14:00:00,1.054
2013-04-05 14:30:00,0.861
2013-04-05 15:00:00,1.337
2013-04-05 15:30:00,1.227
2013-04-05 16:00:00,1.127
2013-04-05 16:30:00,1.099
2013-04-05 17:00:00,1.143
2013-04-05 17:30:00,0.982
2013-04-05 18:00:00,0.923
2013-04-05 18:30:00,1.091
2013-04-05 19:00:00,1.0140001
2013-04-05 19:30:00,1.258
2013-04-05 20:00:00,2.734
2013-04-05 20:30:00,2.454
2013-04-05 21:00:00,3.279
2013-04-05 21:30:00,1.957
2013-04-05 22:00:00,1.365
2013-04-05 22:30:00,1.267
2013-04-05 23:00:00,1.081
2013-04-05 23:30:00,1.294
2013-04-06 00:00:00,0.959
2013-04-06 00:30:00,1.221
2013-04-06 01:00:00,1.13
2013-04-06 01:30:00,1.173
2013-04-06 02:00:00,1.107
2013-04-06 02:30:00,1.256
2013-04-06 03:00:00,1.089
2013-04-06 03:30:00,1.235
2013-04-06 04:00:00,1.112
2013-04-06 04:30:00,1.424
2013-04-06 05:00:00,1.395
2013-04-06 05:30:00,1.595
2013-04-06 06:00:00,1.346
2013-04-06 06:30:00,1.375
2013-04-06 07:00:00,1.27
2013-04-06 07:30:00,2.1170001
2013-04-06 08:00:00,1.54
2013-04-06 08:30:00,2.852
2013-04-06 09:00:00,2.345
2013-04-06 09:30:00,1.6440001
2013-04-06 10:00:00,1.95
2013-04-06 10:30:00,2.5969999
2013-04-06 11:00:00,2.0090001
2013-04-06 11:30:00,1.354
2013-04-06 12:00:00,1.147
2013-04-06 12:30:00,0.943
2013-04-06 13:00:00,0.605
2013-04-06 13:30:00,0.92
2013-04-06 14:00:00,0.767
2013-04-06 14:30:00,0.942
2013-04-06 15:00:00,0.959
2013-04-06 15:30:00,0.731
2013-04-06 16:00:00,0.544
2013-04-06 16:30:00,0.603
2013-04-06 17:00:00,0.642
2013-04-06 17:30:00,1.2
2013-04-06 18:00:00,2.1670001
2013-04-06 18:30:00,1.2029999
2013-04-06 19:00:00,1.031
2013-04-06 19:30:00,1.301
2013-04-06 20:00:00,2.6370001
2013-04-06 20:30:00,2.645
2013-04-06 21:00:00,2.6059999
2013-04-06 21:30:00,3.8599999
2013-04-06 22:00:00,2.5550001
2013-04-06 22:30:00,2.7130001
2013-04-06 23:00:00,1.798
2013-04-06 23:30:00,2.0899999
2013-04-07 00:00:00,1.651
2013-04-07 00:30:00,2.086
2013-04-07 01:00:00,1.71
2013-04-07 01:30:00,2.0
2013-04-07 02:00:00,1.715
2013-04-07 02:30:00,2.0420001
2013-04-07 03:00:00,1.661
2013-04-07 03:30:00,2.0190001
2013-04-07 04:00:00,1.927
2013-04-07 04:30:00,2.266
2013-04-07 05:00:00,1.875
2013-04-07 05:30:00,2.2030001
2013-04-07 06:00:00,1.716
2013-04-07 06:30:00,1.9680001
2013-04-07 07:00:00,1.6160001
2013-04-07 07:30:00,2.0109999
2013-04-07 08:00:00,1.59
2013-04-07 08:30:00,1.959
2013-04-07 09:00:00,2.674
2013-04-07 09:30:00,2.8039999
2013-04-07 10:00:00,1.618
2013-04-07 10:30:00,1.151
2013-04-07 11:00:00,0.857
2013-04-07 11:30:00,0.852
2013-04-07 12:00:00,0.788
2013-04-07 12:30:00,0.701
2013-04-07 13:00:00,0.668
2013-04-07 13:30:00,0.628
2013-04-07 14:00:00,0.607
2013-04-07 14:30:00,0.764
2013-04-07 15:00:00,0.685
2013-04-07 15:30:00,0.755
2013-04-07 16:00:00,0.728
2013-04-07 16:30:00,0.807
2013-04-07 17:00:00,0.678
2013-04-07 17:30:00,0.729
2013-04-07 18:00:00,1.202
2013-04-07 18:30:00,0.898
2013-04-07 19:00:00,0.911
2013-04-07 19:30:00,1.71
2013-04-07 20:00:00,1.568
2013-04-07 20:30:00,1.5420001
2013-04-07 21:00:00,1.506
2013-04-07 21:30:00,1.1440001
2013-04-07 22:00:00,1.136
2013-04-07 22:30:00,0.959
2013-04-07 23:00:00,0.986
2013-04-07 23:30:00,0.848
2013-04-08 00:00:00,0.898
2013-04-08 00:30:00,1.029
2013-04-08 01:00:00,0.889
2013-04-08 01:30:00,0.978
2013-04-08 02:00:00,0.976
2013-04-08 02:30:00,1.265
2013-04-08 03:00:00,1.199
2013-04-08 03:30:00,1.408
2013-04-08 04:00:00,1.25
2013-04-08 04:30:00,1.347
2013-04-08 05:00:00,1.2130001
2013-04-08 05:30:00,1.319
2013-04-08 06:00:00,1.138
2013-04-08 06:30:00,1.188
2013-04-08 07:00:00,1.4910001
2013-04-08 07:30:00,1.122
2013-04-08 08:00:00,2.7909999
2013-04-08 08:30:00,2.247
2013-04-08 09:00:00,1.888
2013-04-08 09:30:00,1.341
2013-04-08 10:00:00,2.063
2013-04-08 10:30:00,2.3710001
2013-04-08 11:00:00,1.086
2013-04-08 11:30:00,0.869
2013-04-08 12:00:00,0.847
2013-04-08 12:30:00,0.996
2013-04-08 13:00:00,1.061
2013-04-08 13:30:00,1.262
2013-04-08 14:00:00,1.579
2013-04-08 14:30:00,1.051
2013-04-08 15:00:00,1.1390001
2013-04-08 15:30:00,0.612
2013-04-08 16:00:00,0.657
2013-04-08 16:30:00,0.64
2013-04-08 17:00:00,1.011
2013-04-08 17:30:00,1.402
2013-04-08 18:00:00,2.5
2013-04-08 18:30:00,2.52
2013-04-08 19:00:00,2.5120001
2013-04-08 19:30:00,2.0639999
2013-04-08 20:00:00,1.88
2013-04-08 20:30:00,1.931
2013-04-08 21:00:00,2.049
2013-04-08 21:30:00,2.527
2013-04-08 22:00:00,2.0599999
2013-04-08 22:30:00,2.105
2013-04-08 23:00:00,1.9220001
2013-04-08 23:30:00,1.401
2013-04-09 00:00:00,1.437
2013-04-09 00:30:00,1.428
2013-04-09 01:00:00,1.3380001
2013-04-09 01:30:00,1.4299999
2013-04-09 02:00:00,1.431
2013-04-09 02:30:00,1.383
2013-04-09 03:00:00,1.395
2013-04-09 03:30:00,1.499
2013-04-09 04:00:00,1.363
2013-04-09 04:30:00,1.865
2013-04-09 05:00:00,1.6900001
2013-04-09 05:30:00,1.543
2013-04-09 06:00:00,1.455
2013-04-09 06:30:00,2.214
2013-04-09 07:00:00,2.8039999
2013-04-09 07:30:00,1.7460001
2013-04-09 08:00:00,1.375
2013-04-09 08:30:00,1.413
2013-04-09 09:00:00,1.28
2013-04-09 09:30:00,1.39
2013-04-09 10:00:00,1.22
2013-04-09 10:30:00,1.044
2013-04-09 11:00:00,1.2460001
2013-04-09 11:30:00,0.98
2013-04-09 12:00:00,0.946
2013-04-09 12:30:00,1.039
2013-04-09 13:00:00,1.201
2013-04-09 13:30:00,1.1
2013-04-09 14:00:00,1.3710001
2013-04-09 14:30:00,1.306
2013-04-09 15:00:00,1.42
2013-04-09 15:30:00,1.1670001
2013-04-09 16:00:00,1.3890001
2013-04-09 16:30:00,1.243
2013-04-09 17:00:00,1.653
2013-04-09 17:30:00,1.568
2013-04-09 18:00:00,2.2880001
2013-04-09 18:30:00,2.6429999
2013-04-09 19:00:00,2.217
2013-04-09 19:30:00,1.863
2013-04-09 20:00:00,2.6199999
2013-04-09 20:30:00,1.911
2013-04-09 21:00:00,1.693
2013-04-09 21:30:00,1.6109999
2013-04-09 22:00:00,1.734
2013-04-09 22:30:00,1.705
2013-04-09 23:00:00,1.533
2013-04-09 23:30:00,1.4960001
2013-04-10 00:00:00,1.349
2013-04-10 00:30:00,1.393
2013-04-10 01:00:00,1.406
2013-04-10 01:30:00,1.393
2013-04-10 02:00:00,1.374
2013-04-10 02:30:00,1.395
2013-04-10 03:00:00,1.442
2013-04-10 03:30:00,1.372
2013-04-10 04:00:00,1.642
2013-04-10 04:30:00,1.941
2013-04-10 05:00:00,1.612
2013-04-10 05:30:00,1.7309999
2013-04-10 06:00:00,1.6210001
2013-04-10 06:30:00,1.698
2013-04-10 07:00:00,1.5
2013-04-10 07:30:00,1.48
2013-04-10 08:00:00,1.325
2013-04-10 08:30:00,1.37
2013-04-10 09:00:00,1.452
2013-04-10 09:30:00,1.25
2013-04-10 10:00:00,1.25
2013-04-10 10:30:00,1.041
2013-04-10 11:00:00,0.891
2013-04-10 11:30:00,0.982
2013-04-10 12:00:00,1.187
2013-04-10 12:30:00,1.1619999
2013-04-10 13:00:00,1.2589999
2013-04-10 13:30:00,1.5319999
2013-04-10 14:00:00,1.278
2013-04-10 14:30:00,0.583
2013-04-10 15:00:00,1.085
2013-04-10 15:30:00,1.745
2013-04-10 16:00:00,0.973
2013-04-10 16:30:00,0.764
2013-04-10 17:00:00,0.725
2013-04-10 17:30:00,0.707
2013-04-10 18:00:00,0.945
2013-04-10 18:30:00,0.982
2013-04-10 19:00:00,1.3049999
2013-04-10 19:30:00,1.4910001
2013-04-10 20:00:00,1.4299999
2013-04-10 20:30:00,1.548
2013-04-10 21:00:00,2.2780001
2013-04-10 21:30:00,1.943
2013-04-10 22:00:00,1.698
2013-04-10 22:30:00,1.758
2013-04-10 23:00:00,1.325
2013-04-10 23:30:00,1.336
2013-04-11 00:00:00,1.347
2013-04-11 00:30:00,1.387
2013-04-11 01:00:00,1.293
2013-04-11 01:30:00,1.404
2013-04-11 02:00:00,1.351
2013-04-11 02:30:00,1.513
2013-04-11 03:00:00,1.505
2013-04-11 03:30:00,1.51
2013-04-11 04:00:00,1.51
2013-04-11 04:30:00,1.448
2013-04-11 05:00:00,1.467
2013-04-11 05:30:00,1.382
2013-04-11 06:00:00,1.46
2013-04-11 06:30:00,1.457
2013-04-11 07:00:00,1.42
2013-04-11 07:30:00,1.772
2013-04-11 08:00:00,1.608
2013-04-11 08:30:00,1.49
2013-04-11 09:00:00,2.227
2013-04-11 09:30:00,2.4779999
2013-04-11 10:00:00,1.747
2013-04-11 10:30:00,1.811
2013-04-11 11:00:00,1.7079999
2013-04-11 11:30:00,2.118
2013-04-11 12:00:00,1.455
2013-04-11 12:30:00,1.5599999
2013-04-11 13:00:00,1.262
2013-04-11 13:30:00,1.288
2013-04-11 14:00:00,1.512
2013-04-11 14:30:00,1.2130001
2013-04-11 15:00:00,1.632
2013-04-11 15:30:00,1.2180001
2013-04-11 16:00:00,1.228
2013-04-11 16:30:00,1.1289999
2013-04-11 17:00:00,1.095
2013-04-11 17:30:00,2.477
2013-04-11 18:00:00,1.647
2013-04-11 18:30:00,1.286
2013-04-11 19:00:00,1.346
2013-04-11 19:30:00,1.438
2013-04-11 20:00:00,1.536
2013-04-11 20:30:00,1.5140001
2013-04-11 21:00:00,1.646
2013-04-11 21:30:00,1.395
2013-04-11 22:00:00,1.342
2013-04-11 22:30:00,1.351
2013-04-11 23:00:00,1.3200001
2013-04-11 23:30:00,1.291
2013-04-12 00:00:00,1.329
2013-04-12 00:30:00,1.4400001
2013-04-12 01:00:00,1.302
2013-04-12 01:30:00,1.29
2013-04-12 02:00:00,1.302
2013-04-12 02:30:00,1.3609999
2013-04-12 03:00:00,1.38
2013-04-12 03:30:00,1.456
2013-04-12 04:00:00,1.617
2013-04-12 04:30:00,1.8609999
2013-04-12 05:00:00,1.6720001
2013-04-12 05:30:00,2.2920001
2013-04-12 06:00:00,1.8710001
2013-04-12 06:30:00,2.0039999
2013-04-12 07:00:00,1.9119999
2013-04-12 07:30:00,1.4809999
2013-04-12 08:00:00,1.475
2013-04-12 08:30:00,1.476
2013-04-12 09:00:00,1.585
2013-04-12 09:30:00,1.416
2013-04-12 10:00:00,1.316
2013-04-12 10:30:00,1.166
2013-04-12 11:00:00,1.147
2013-04-12 11:30:00,0.967
2013-04-12 12:00:00,1.27
2013-04-12 12:30:00,2.286
2013-04-12 13:00:00,1.317
2013-04-12 13:30:00,0.788
2013-04-12 14:00:00,0.7
2013-04-12 14:30:00,0.619
2013-04-12 15:00:00,0.76
2013-04-12 15:30:00,0.79
2013-04-12 16:00:00,0.935
2013-04-12 16:30:00,0.837
2013-04-12 17:00:00,1.03
2013-04-12 17:30:00,1.082
2013-04-12 18:00:00,1.284
2013-04-12 18:30:00,1.535
2013-04-12 19:00:00,2.036
2013-04-12 19:30:00,2.7019999
2013-04-12 20:00:00,3.2739999
2013-04-12 20:30:00,2.8280001
2013-04-12 21:00:00,2.5139999
2013-04-12 21:30:00,2.1329999
2013-04-12 22:00:00,2.177
2013-04-12 22:30:00,2.0840001
2013-04-12 23:00:00,2.2279999
2013-04-12 23:30:00,1.969
2013-04-13 00:00:00,2.0380001
2013-04-13 00:30:00,1.755
2013-04-13 01:00:00,2.0020001
2013-04-13 01:30:00,1.651
2013-04-13 02:00:00,1.926
2013-04-13 02:30:00,1.619
2013-04-13 03:00:00,1.936
2013-04-13 03:30:00,1.671
2013-04-13 04:00:00,2.2550001
2013-04-13 04:30:00,1.755
2013-04-13 05:00:00,2.3499999
2013-04-13 05:30:00,2.0469999
2013-04-13 06:00:00,1.978
2013-04-13 06:30:00,1.561
2013-04-13 07:00:00,1.919
2013-04-13 07:30:00,1.508
2013-04-13 08:00:00,1.878
2013-04-13 08:30:00,1.25
2013-04-13 09:00:00,1.571
2013-04-13 09:30:00,1.304
2013-04-13 10:00:00,2.5899999
2013-04-13 10:30:00,0.799
2013-04-13 11:00:00,1.527
2013-04-13 11:30:00,1.559
2013-04-13 12:00:00,1.404
2013-04-13 12:30:00,0.648
2013-04-13 13:00:00,0.59
2013-04-13 13:30:00,0.807
2013-04-13 14:00:00,0.594
2013-04-13 14:30:00,0.476
2013-04-13 15:00:00,1.146
2013-04-13 15:30:00,1.553
2013-04-13 16:00:00,1.763
2013-04-13 16:30:00,0.841
2013-04-13 17:00:00,0.468
2013-04-13 17:30:00,0.601
2013-04-13 18:00:00,2.5699999
2013-04-13 18:30:00,1.577
2013-04-13 19:00:00,0.974
2013-04-13 19:30:00,1.022
2013-04-13 20:00:00,0.657
2013-04-13 20:30:00,1.109
2013-04-13 21:00:00,1.1339999
2013-04-13 21:30:00,2.122
2013-04-13 22:00:00,1.501
2013-04-13 22:30:00,1.4630001
2013-04-13 23:00:00,1.05
2013-04-13 23:30:00,0.944
2013-04-14 00:00:00,0.691
2013-04-14 00:30:00,0.57
2013-04-14 01:00:00,0.59
2013-04-14 01:30:00,0.585
2013-04-14 02:00:00,0.63
2013-04-14 02:30:00,0.686
2013-04-14 03:00:00,0.61
2013-04-14 03:30:00,0.634
2013-04-14 04:00:00,0.68
2013-04-14 04:30:00,0.753
2013-04-14 05:00:00,0.909
2013-04-14 05:30:00,0.932
2013-04-14 06:00:00,0.7
2013-04-14 06:30:00,0.732
2013-04-14 07:00:00,0.708
2013-04-14 07:30:00,1.1849999
2013-04-14 08:00:00,1.6059999
2013-04-14 08:30:00,1.886
2013-04-14 09:00:00,1.177
2013-04-14 09:30:00,1.4529999
2013-04-14 10:00:00,1.291
2013-04-14 10:30:00,1.557
2013-04-14 11:00:00,0.912
2013-04-14 11:30:00,0.839
2013-04-14 12:00:00,0.745
2013-04-14 12:30:00,0.593
2013-04-14 13:00:00,1.674
2013-04-14 13:30:00,1.737
2013-04-14 14:00:00,1.466
2013-04-14 14:30:00,1.543
2013-04-14 15:00:00,2.21
2013-04-14 15:30:00,1.863
2013-04-14 16:00:00,2.017
2013-04-14 16:30:00,0.981
2013-04-14 17:00:00,1.409
2013-04-14 17:30:00,1.11
2013-04-14 18:00:00,1.056
2013-04-14 18:30:00,1.6390001
2013-04-14 19:00:00,1.253
2013-04-14 19:30:00,1.081
2013-04-14 20:00:00,1.7539999
2013-04-14 20:30:00,1.054
2013-04-14 21:00:00,1.011
2013-04-14 21:30:00,0.837
2013-04-14 22:00:00,0.815
2013-04-14 22:30:00,0.801
2013-04-14 23:00:00,0.843
2013-04-14 23:30:00,0.763
2013-04-15 00:00:00,0.891
2013-04-15 00:30:00,0.813
2013-04-15 01:00:00,0.979
2013-04-15 01:30:00,0.829
2013-04-15 02:00:00,0.905
2013-04-15 02:30:00,0.891
2013-04-15 03:00:00,0.885
2013-04-15 03:30:00,0.893
2013-04-15 04:00:00,0.876
2013-04-15 04:30:00,1.066
2013-04-15 05:00:00,1.443
2013-04-15 05:30:00,1.307
2013-04-15 06:00:00,1.464
2013-04-15 06:30:00,1.071
2013-04-15 07:00:00,1.006
2013-04-15 07:30:00,1.095
2013-04-15 08:00:00,1.261
2013-04-15 08:30:00,1.2410001
2013-04-15 09:00:00,2.0550001
2013-04-15 09:30:00,1.107
2013-04-15 10:00:00,0.717
2013-04-15 10:30:00,1.058
2013-04-15 11:00:00,0.903
2013-04-15 11:30:00,0.535
2013-04-15 12:00:00,0.378
2013-04-15 12:30:00,0.348
2013-04-15 13:00:00,0.77
2013-04-15 13:30:00,0.633
2013-04-15 14:00:00,0.518
2013-04-15 14:30:00,0.602
2013-04-15 15:00:00,0.586
2013-04-15 15:30:00,0.251
2013-04-15 16:00:00,0.309
2013-04-15 16:30:00,0.505
2013-04-15 17:00:00,1.2589999
2013-04-15 17:30:00,0.928
2013-04-15 18:00:00,1.336
2013-04-15 18:30:00,1.724
2013-04-15 19:00:00,1.327
2013-04-15 19:30:00,2.925
2013-04-15 20:00:00,1.909
2013-04-15 20:30:00,1.0
2013-04-15 21:00:00,0.825
2013-04-15 21:30:00,0.632
2013-04-15 22:00:00,0.668
2013-04-15 22:30:00,0.61
2013-04-15 23:00:00,0.695
2013-04-15 23:30:00,0.6
2013-04-16 00:00:00,0.687
2013-04-16 00:30:00,0.658
2013-04-16 01:00:00,0.802
2013-04-16 01:30:00,0.635
2013-04-16 02:00:00,0.988
2013-04-16 02:30:00,1.067
2013-04-16 03:00:00,1.062
2013-04-16 03:30:00,0.935
2013-04-16 04:00:00,0.75
2013-04-16 04:30:00,0.916
2013-04-16 05:00:00,0.851
2013-04-16 05:30:00,0.83
2013-04-16 06:00:00,0.945
2013-04-16 06:30:00,0.863
2013-04-16 07:00:00,1.124
2013-04-16 07:30:00,1.054
2013-04-16 08:00:00,0.716
2013-04-16 08:30:00,0.656
2013-04-16 09:00:00,0.605
2013-04-16 09:30:00,0.595
2013-04-16 10:00:00,0.469
2013-04-16 10:30:00,0.483
2013-04-16 11:00:00,1.11
2013-04-16 11:30:00,1.753
2013-04-16 12:00:00,0.673
2013-04-16 12:30:00,0.434
2013-04-16 13:00:00,0.64
2013-04-16 13:30:00,0.3
2013-04-16 14:00:00,0.204
2013-04-16 14:30:00,0.171
2013-04-16 15:00:00,0.572
2013-04-16 15:30:00,0.344
2013-04-16 16:00:00,0.245
2013-04-16 16:30:00,0.34
2013-04-16 17:00:00,0.458
2013-04-16 17:30:00,0.987
2013-04-16 18:00:00,0.949
2013-04-16 18:30:00,0.446
2013-04-16 19:00:00,0.383
2013-04-16 19:30:00,0.653
2013-04-16 20:00:00,0.494
2013-04-16 20:30:00,0.449
2013-04-16 21:00:00,0.451
2013-04-16 21:30:00,0.384
2013-04-16 22:00:00,0.402
2013-04-16 22:30:00,0.229
2013-04-16 23:00:00,0.35
2013-04-16 23:30:00,0.336
2013-04-17 00:00:00,0.339
2013-04-17 00:30:00,0.427
2013-04-17 01:00:00,0.42
2013-04-17 01:30:00,0.415
2013-04-17 02:00:00,0.442
2013-04-17 02:30:00,0.568
2013-04-17 03:00:00,0.721
2013-04-17 03:30:00,0.692
2013-04-17 04:00:00,0.561
2013-04-17 04:30:00,1.103
2013-04-17 05:00:00,0.598
2013-04-17 05:30:00,0.594
2013-04-17 06:00:00,1.427
2013-04-17 06:30:00,1.243
2013-04-17 07:00:00,1.198
2013-04-17 07:30:00,0.503
2013-04-17 08:00:00,0.579
2013-04-17 08:30:00,0.608
2013-04-17 09:00:00,0.574
2013-04-17 09:30:00,0.521
2013-04-17 10:00:00,0.434
2013-04-17 10:30:00,0.315
2013-04-17 11:00:00,0.356
2013-04-17 11:30:00,0.316
2013-04-17 12:00:00,0.291
2013-04-17 12:30:00,0.305
2013-04-17 13:00:00,0.315
2013-04-17 13:30:00,0.401
2013-04-17 14:00:00,0.286
2013-04-17 14:30:00,0.289
2013-04-17 15:00:00,0.341
2013-04-17 15:30:00,0.267
2013-04-17 16:00:00,0.28
2013-04-17 16:30:00,0.174
2013-04-17 17:00:00,0.22
2013-04-17 17:30:00,0.666
2013-04-17 18:00:00,0.482
2013-04-17 18:30:00,1.318
2013-04-17 19:00:00,1.159
2013-04-17 19:30:00,1.556
2013-04-17 20:00:00,1.027
2013-04-17 20:30:00,0.489
2013-04-17 21:00:00,0.441
2013-04-17 21:30:00,0.492
2013-04-17 22:00:00,0.523
2013-04-17 22:30:00,0.323
2013-04-17 23:00:00,0.39
2013-04-17 23:30:00,0.386
2013-04-18 00:00:00,0.364
2013-04-18 00:30:00,0.437
2013-04-18 01:00:00,0.401
2013-04-18 01:30:00,0.429
2013-04-18 02:00:00,0.684
2013-04-18 02:30:00,0.73
2013-04-18 03:00:00,0.73
2013-04-18 03:30:00,0.591
2013-04-18 04:00:00,0.486
2013-04-18 04:30:00,0.791
2013-04-18 05:00:00,0.578
2013-04-18 05:30:00,0.547
2013-04-18 06:00:00,0.596
2013-04-18 06:30:00,0.748
2013-04-18 07:00:00,0.589
2013-04-18 07:30:00,0.638
2013-04-18 08:00:00,2.0610001
2013-04-18 08:30:00,0.9
2013-04-18 09:00:00,0.54
2013-04-18 09:30:00,0.874
2013-04-18 10:00:00,0.527
2013-04-18 10:30:00,0.828
2013-04-18 11:00:00,0.379
2013-04-18 11:30:00,1.74
2013-04-18 12:00:00,0.96
2013-04-18 12:30:00,0.459
2013-04-18 13:00:00,0.312
2013-04-18 13:30:00,0.341
2013-04-18 14:00:00,0.462
2013-04-18 14:30:00,0.337
2013-04-18 15:00:00,0.862
2013-04-18 15:30:00,0.349
2013-04-18 16:00:00,0.677
2013-04-18 16:30:00,1.183
2013-04-18 17:00:00,1.8609999
2013-04-18 17:30:00,0.985
2013-04-18 18:00:00,1.291
2013-04-18 18:30:00,3.533
2013-04-18 19:00:00,2.5739999
2013-04-18 19:30:00,2.438
2013-04-18 20:00:00,2.3940001
2013-04-18 20:30:00,2.0320001
2013-04-18 21:00:00,1.743
2013-04-18 21:30:00,2.1619999
2013-04-18 22:00:00,2.1170001
2013-04-18 22:30:00,2.1289999
2013-04-18 23:00:00,1.964
2013-04-18 23:30:00,1.904
2013-04-19 00:00:00,1.6799999
2013-04-19 00:30:00,1.661
2013-04-19 01:00:00,1.575
2013-04-19 01:30:00,1.589
2013-04-19 02:00:00,1.609
2013-04-19 02:30:00,1.5190001
2013-04-19 03:00:00,1.604
2013-04-19 03:30:00,1.38
2013-04-19 04:00:00,1.299
2013-04-19 04:30:00,1.296
2013-04-19 05:00:00,1.5190001
2013-04-19 05:30:00,1.7029999
2013-04-19 06:00:00,1.893
2013-04-19 06:30:00,1.128
2013-04-19 07:00:00,1.113
2013-04-19 07:30:00,1.03
2013-04-19 08:00:00,1.128
2013-04-19 08:30:00,1.057
2013-04-19 09:00:00,1.117
2013-04-19 09:30:00,0.882
2013-04-19 10:00:00,0.476
2013-04-19 10:30:00,0.156
2013-04-19 11:00:00,0.949
2013-04-19 11:30:00,0.635
2013-04-19 12:00:00,0.59
2013-04-19 12:30:00,0.288
2013-04-19 13:00:00,0.35
2013-04-19 13:30:00,0.417
2013-04-19 14:00:00,0.366
2013-04-19 14:30:00,0.803
2013-04-19 15:00:00,0.323
2013-04-19 15:30:00,0.246
2013-04-19 16:00:00,0.162
2013-04-19 16:30:00,0.468
2013-04-19 17:00:00,0.919
2013-04-19 17:30:00,0.807
2013-04-19 18:00:00,0.428
2013-04-19 18:30:00,0.149
2013-04-19 19:00:00,0.363
2013-04-19 19:30:00,2.5369999
2013-04-19 20:00:00,2.335
2013-04-19 20:30:00,2.108
2013-04-19 21:00:00,1.3940001
2013-04-19 21:30:00,1.4
2013-04-19 22:00:00,0.931
2013-04-19 22:30:00,1.668
2013-04-19 23:00:00,1.998
2013-04-19 23:30:00,1.345
2013-04-20 00:00:00,0.858
2013-04-20 00:30:00,1.1849999
2013-04-20 01:00:00,0.822
2013-04-20 01:30:00,1.189
2013-04-20 02:00:00,0.765
2013-04-20 02:30:00,1.3
2013-04-20 03:00:00,1.096
2013-04-20 03:30:00,1.431
2013-04-20 04:00:00,0.901
2013-04-20 04:30:00,1.163
2013-04-20 05:00:00,0.846
2013-04-20 05:30:00,1.438
2013-04-20 06:00:00,0.864
2013-04-20 06:30:00,1.605
2013-04-20 07:00:00,0.847
2013-04-20 07:30:00,1.696
2013-04-20 08:00:00,1.9119999
2013-04-20 08:30:00,2.316
2013-04-20 09:00:00,1.452
2013-04-20 09:30:00,2.197
2013-04-20 10:00:00,1.186
2013-04-20 10:30:00,1.988
2013-04-20 11:00:00,1.493
2013-04-20 11:30:00,1.238
2013-04-20 12:00:00,0.678
2013-04-20 12:30:00,0.523
2013-04-20 13:00:00,0.76
2013-04-20 13:30:00,1.851
2013-04-20 14:00:00,0.76
2013-04-20 14:30:00,0.859
2013-04-20 15:00:00,0.2
2013-04-20 15:30:00,0.191
2013-04-20 16:00:00,0.23
2013-04-20 16:30:00,0.308
2013-04-20 17:00:00,0.251
2013-04-20 17:30:00,0.219
2013-04-20 18:00:00,0.346
2013-04-20 18:30:00,0.167
2013-04-20 19:00:00,0.297
2013-04-20 19:30:00,0.357
2013-04-20 20:00:00,0.236
2013-04-20 20:30:00,0.26
2013-04-20 21:00:00,0.2
2013-04-20 21:30:00,0.489
2013-04-20 22:00:00,0.44
2013-04-20 22:30:00,0.485
2013-04-20 23:00:00,0.338
2013-04-20 23:30:00,0.223
2013-04-21 00:00:00,0.209
2013-04-21 00:30:00,0.181
2013-04-21 01:00:00,0.215
2013-04-21 01:30:00,0.18
2013-04-21 02:00:00,0.194
2013-04-21 02:30:00,0.196
2013-04-21 03:00:00,0.428
2013-04-21 03:30:00,0.301
2013-04-21 04:00:00,0.221
2013-04-21 04:30:00,0.156
2013-04-21 05:00:00,0.34
2013-04-21 05:30:00,0.476
2013-04-21 06:00:00,0.32
2013-04-21 06:30:00,0.313
2013-04-21 07:00:00,0.235
2013-04-21 07:30:00,0.237
2013-04-21 08:00:00,1.399
2013-04-21 08:30:00,1.998
2013-04-21 09:00:00,1.533
2013-04-21 09:30:00,0.787
2013-04-21 10:00:00,1.631
2013-04-21 10:30:00,0.729
2013-04-21 11:00:00,0.417
2013-04-21 11:30:00,0.235
2013-04-21 12:00:00,0.528
2013-04-21 12:30:00,0.363
2013-04-21 13:00:00,0.332
2013-04-21 13:30:00,0.299
2013-04-21 14:00:00,0.201
2013-04-21 14:30:00,0.434
2013-04-21 15:00:00,0.482
2013-04-21 15:30:00,0.455
2013-04-21 16:00:00,0.411
2013-04-21 16:30:00,0.429
2013-04-21 17:00:00,0.48
2013-04-21 17:30:00,0.516
2013-04-21 18:00:00,1.024
2013-04-21 18:30:00,1.197
2013-04-21 19:00:00,1.1160001
2013-04-21 19:30:00,1.138
2013-04-21 20:00:00,1.171
2013-04-21 20:30:00,2.2620001
2013-04-21 21:00:00,1.774
2013-04-21 21:30:00,2.089
2013-04-21 22:00:00,2.6129999
2013-04-21 22:30:00,1.58
2013-04-21 23:00:00,1.193
2013-04-21 23:30:00,1.485
2013-04-22 00:00:00,1.113
2013-04-22 00:30:00,1.3890001
2013-04-22 01:00:00,1.044
2013-04-22 01:30:00,1.376
2013-04-22 02:00:00,1.14
2013-04-22 02:30:00,1.492
2013-04-22 03:00:00,1.301
2013-04-22 03:30:00,1.568
2013-04-22 04:00:00,1.3099999
2013-04-22 04:30:00,1.76
2013-04-22 05:00:00,1.229
2013-04-22 05:30:00,1.326
2013-04-22 06:00:00,0.964
2013-04-22 06:30:00,1.411
2013-04-22 07:00:00,1.022
2013-04-22 07:30:00,1.7029999
2013-04-22 08:00:00,1.548
2013-04-22 08:30:00,2.4460001
2013-04-22 09:00:00,1.367
2013-04-22 09:30:00,1.451
2013-04-22 10:00:00,0.821
2013-04-22 10:30:00,0.477
2013-04-22 11:00:00,0.503
2013-04-22 11:30:00,0.616
2013-04-22 12:00:00,0.367
2013-04-22 12:30:00,0.244
2013-04-22 13:00:00,0.27
2013-04-22 13:30:00,0.205
2013-04-22 14:00:00,0.14
2013-04-22 14:30:00,0.184
2013-04-22 15:00:00,0.238
2013-04-22 15:30:00,0.116
2013-04-22 16:00:00,0.155
2013-04-22 16:30:00,0.215
2013-04-22 17:00:00,0.353
2013-04-22 17:30:00,0.273
2013-04-22 18:00:00,0.369
2013-04-22 18:30:00,2.066
2013-04-22 19:00:00,2.128
2013-04-22 19:30:00,1.362
2013-04-22 20:00:00,0.819
2013-04-22 20:30:00,0.649
2013-04-22 21:00:00,0.491
2013-04-22 21:30:00,0.427
2013-04-22 22:00:00,0.42
2013-04-22 22:30:00,0.417
2013-04-22 23:00:00,0.448
2013-04-22 23:30:00,0.223
2013-04-23 00:00:00,0.298
2013-04-23 00:30:00,0.267
2013-04-23 01:00:00,0.369
2013-04-23 01:30:00,0.234
2013-04-23 02:00:00,0.405
2013-04-23 02:30:00,0.282
2013-04-23 03:00:00,0.612
2013-04-23 03:30:00,0.687
2013-04-23 04:00:00,0.812
2013-04-23 04:30:00,0.899
2013-04-23 05:00:00,0.814
2013-04-23 05:30:00,0.71
2013-04-23 06:00:00,0.572
2013-04-23 06:30:00,0.448
2013-04-23 07:00:00,0.947
2013-04-23 07:30:00,0.826
2013-04-23 08:00:00,0.792
2013-04-23 08:30:00,0.693
2013-04-23 09:00:00,0.715
2013-04-23 09:30:00,1.528
2013-04-23 10:00:00,1.073
2013-04-23 10:30:00,0.312
2013-04-23 11:00:00,0.15
2013-04-23 11:30:00,0.101
2013-04-23 12:00:00,0.141
2013-04-23 12:30:00,0.15
2013-04-23 13:00:00,0.13
2013-04-23 13:30:00,0.223
2013-04-23 14:00:00,0.248
2013-04-23 14:30:00,0.308
2013-04-23 15:00:00,0.321
2013-04-23 15:30:00,0.232
2013-04-23 16:00:00,0.285
2013-04-23 16:30:00,0.207
2013-04-23 17:00:00,0.229
2013-04-23 17:30:00,0.35
2013-04-23 18:00:00,0.28
2013-04-23 18:30:00,0.273
2013-04-23 19:00:00,0.607
2013-04-23 19:30:00,1.211
2013-04-23 20:00:00,0.432
2013-04-23 20:30:00,0.475
2013-04-23 21:00:00,0.445
2013-04-23 21:30:00,0.452
2013-04-23 22:00:00,0.375
2013-04-23 22:30:00,0.277
2013-04-23 23:00:00,0.166
2013-04-23 23:30:00,0.134
2013-04-24 00:00:00,0.138
2013-04-24 00:30:00,0.165
2013-04-24 01:00:00,0.223
2013-04-24 01:30:00,0.135
2013-04-24 02:00:00,0.264
2013-04-24 02:30:00,0.253
2013-04-24 03:00:00,0.28
2013-04-24 03:30:00,0.416
2013-04-24 04:00:00,0.557
2013-04-24 04:30:00,0.843
2013-04-24 05:00:00,0.706
2013-04-24 05:30:00,0.649
2013-04-24 06:00:00,0.827
2013-04-24 06:30:00,0.526
2013-04-24 07:00:00,0.389
2013-04-24 07:30:00,0.292
2013-04-24 08:00:00,0.385
2013-04-24 08:30:00,0.303
2013-04-24 09:00:00,0.676
2013-04-24 09:30:00,0.298
2013-04-24 10:00:00,0.456
2013-04-24 10:30:00,1.198
2013-04-24 11:00:00,0.473
2013-04-24 11:30:00,0.864
2013-04-24 12:00:00,1.326
2013-04-24 12:30:00,0.493
2013-04-24 13:00:00,0.367
2013-04-24 13:30:00,0.574
2013-04-24 14:00:00,0.311
2013-04-24 14:30:00,0.476
2013-04-24 15:00:00,0.274
2013-04-24 15:30:00,0.21
2013-04-24 16:00:00,0.208
2013-04-24 16:30:00,0.206
2013-04-24 17:00:00,0.238
2013-04-24 17:30:00,0.311
2013-04-24 18:00:00,0.367
2013-04-24 18:30:00,0.711
2013-04-24 19:00:00,1.007
2013-04-24 19:30:00,0.452
2013-04-24 20:00:00,0.426
2013-04-24 20:30:00,0.468
2013-04-24 21:00:00,0.435
2013-04-24 21:30:00,0.4
2013-04-24 22:00:00,0.421
2013-04-24 22:30:00,0.23
2013-04-24 23:00:00,0.321
2013-04-24 23:30:00,0.181
2013-04-25 00:00:00,0.36
2013-04-25 00:30:00,0.261
2013-04-25 01:00:00,0.333
2013-04-25 01:30:00,0.312
2013-04-25 02:00:00,0.349
2013-04-25 02:30:00,0.318
2013-04-25 03:00:00,0.376
2013-04-25 03:30:00,0.359
2013-04-25 04:00:00,0.441
2013-04-25 04:30:00,0.641
2013-04-25 05:00:00,0.474
2013-04-25 05:30:00,0.418
2013-04-25 06:00:00,1.3940001
2013-04-25 06:30:00,2.418
2013-04-25 07:00:00,1.535
2013-04-25 07:30:00,1.224
2013-04-25 08:00:00,0.699
2013-04-25 08:30:00,0.558
2013-04-25 09:00:00,0.831
2013-04-25 09:30:00,0.641
2013-04-25 10:00:00,0.264
2013-04-25 10:30:00,0.245
2013-04-25 11:00:00,0.249
2013-04-25 11:30:00,0.641
2013-04-25 12:00:00,0.534
2013-04-25 12:30:00,0.583
2013-04-25 13:00:00,0.504
2013-04-25 13:30:00,0.77
2013-04-25 14:00:00,0.587
2013-04-25 14:30:00,0.432
2013-04-25 15:00:00,0.358
2013-04-25 15:30:00,0.282
2013-04-25 16:00:00,0.337
2013-04-25 16:30:00,0.487
2013-04-25 17:00:00,0.638
2013-04-25 17:30:00,1.102
2013-04-25 18:00:00,1.631
2013-04-25 18:30:00,0.799
2013-04-25 19:00:00,2.8
2013-04-25 19:30:00,0.672
2013-04-25 20:00:00,0.684
2013-04-25 20:30:00,0.453
2013-04-25 21:00:00,0.479
2013-04-25 21:30:00,0.486
2013-04-25 22:00:00,0.481
2013-04-25 22:30:00,0.24
2013-04-25 23:00:00,0.131
2013-04-25 23:30:00,0.17
2013-04-26 00:00:00,0.144
2013-04-26 00:30:00,0.113
2013-04-26 01:00:00,0.147
2013-04-26 01:30:00,0.15
2013-04-26 02:00:00,0.174
2013-04-26 02:30:00,0.208
2013-04-26 03:00:00,0.245
2013-04-26 03:30:00,0.516
2013-04-26 04:00:00,0.616
2013-04-26 04:30:00,0.568
2013-04-26 05:00:00,0.424
2013-04-26 05:30:00,0.285
2013-04-26 06:00:00,0.562
2013-04-26 06:30:00,0.404
2013-04-26 07:00:00,0.555
2013-04-26 07:30:00,0.456
2013-04-26 08:00:00,0.541
2013-04-26 08:30:00,0.512
2013-04-26 09:00:00,0.596
2013-04-26 09:30:00,0.337
2013-04-26 10:00:00,0.301
2013-04-26 10:30:00,0.197
2013-04-26 11:00:00,0.217
2013-04-26 11:30:00,0.203
2013-04-26 12:00:00,0.145
2013-04-26 12:30:00,0.225
2013-04-26 13:00:00,0.387
2013-04-26 13:30:00,0.306
2013-04-26 14:00:00,0.262
2013-04-26 14:30:00,0.308
2013-04-26 15:00:00,0.286
2013-04-26 15:30:00,0.348
2013-04-26 16:00:00,0.352
2013-04-26 16:30:00,0.357
2013-04-26 17:00:00,0.156
2013-04-26 17:30:00,0.258
2013-04-26 18:00:00,0.207
2013-04-26 18:30:00,0.122
2013-04-26 19:00:00,0.209
2013-04-26 19:30:00,0.215
2013-04-26 20:00:00,0.423
2013-04-26 20:30:00,1.142
2013-04-26 21:00:00,1.158
2013-04-26 21:30:00,0.895
2013-04-26 22:00:00,0.57
2013-04-26 22:30:00,0.491
2013-04-26 23:00:00,0.43
2013-04-26 23:30:00,0.449
2013-04-27 00:00:00,0.522
2013-04-27 00:30:00,0.442
2013-04-27 01:00:00,0.561
2013-04-27 01:30:00,0.814
2013-04-27 02:00:00,0.739
2013-04-27 02:30:00,0.739
2013-04-27 03:00:00,0.796
2013-04-27 03:30:00,0.803
2013-04-27 04:00:00,0.751
2013-04-27 04:30:00,0.648
2013-04-27 05:00:00,0.652
2013-04-27 05:30:00,0.771
2013-04-27 06:00:00,0.601
2013-04-27 06:30:00,0.729
2013-04-27 07:00:00,0.63
2013-04-27 07:30:00,0.677
2013-04-27 08:00:00,1.143
2013-04-27 08:30:00,0.776
2013-04-27 09:00:00,0.931
2013-04-27 09:30:00,0.7
2013-04-27 10:00:00,0.743
2013-04-27 10:30:00,0.463
2013-04-27 11:00:00,1.183
2013-04-27 11:30:00,0.834
2013-04-27 12:00:00,0.693
2013-04-27 12:30:00,0.486
2013-04-27 13:00:00,0.463
2013-04-27 13:30:00,0.307
2013-04-27 14:00:00,0.336
2013-04-27 14:30:00,0.243
2013-04-27 15:00:00,0.214
2013-04-27 15:30:00,0.256
2013-04-27 16:00:00,0.393
2013-04-27 16:30:00,0.391
2013-04-27 17:00:00,0.966
2013-04-27 17:30:00,1.789
2013-04-27 18:00:00,1.3200001
2013-04-27 18:30:00,0.945
2013-04-27 19:00:00,1.271
2013-04-27 19:30:00,0.831
2013-04-27 20:00:00,1.148
2013-04-27 20:30:00,1.857
2013-04-27 21:00:00,1.199
2013-04-27 21:30:00,0.941
2013-04-27 22:00:00,0.937
2013-04-27 22:30:00,0.791
2013-04-27 23:00:00,0.54
2013-04-27 23:30:00,0.685
2013-04-28 00:00:00,0.637
2013-04-28 00:30:00,0.707
2013-04-28 01:00:00,0.583
2013-04-28 01:30:00,0.792
2013-04-28 02:00:00,0.534
2013-04-28 02:30:00,0.777
2013-04-28 03:00:00,0.716
2013-04-28 03:30:00,0.912
2013-04-28 04:00:00,0.709
2013-04-28 04:30:00,1.131
2013-04-28 05:00:00,0.76
2013-04-28 05:30:00,0.829
2013-04-28 06:00:00,0.708
2013-04-28 06:30:00,0.794
2013-04-28 07:00:00,0.801
2013-04-28 07:30:00,0.925
2013-04-28 08:00:00,0.796
2013-04-28 08:30:00,1.0140001
2013-04-28 09:00:00,1.548
2013-04-28 09:30:00,1.632
2013-04-28 10:00:00,1.109
2013-04-28 10:30:00,0.621
2013-04-28 11:00:00,0.412
2013-04-28 11:30:00,0.328
2013-04-28 12:00:00,0.409
2013-04-28 12:30:00,0.317
2013-04-28 13:00:00,0.247
2013-04-28 13:30:00,0.244
2013-04-28 14:00:00,0.381
2013-04-28 14:30:00,0.205
2013-04-28 15:00:00,0.276
2013-04-28 15:30:00,0.258
2013-04-28 16:00:00,0.357
2013-04-28 16:30:00,0.245
2013-04-28 17:00:00,0.513
2013-04-28 17:30:00,0.489
2013-04-28 18:00:00,0.468
2013-04-28 18:30:00,1.073
2013-04-28 19:00:00,1.309
2013-04-28 19:30:00,0.831
2013-04-28 20:00:00,0.72
2013-04-28 20:30:00,1.567
2013-04-28 21:00:00,1.1950001
2013-04-28 21:30:00,1.1339999
2013-04-28 22:00:00,0.916
2013-04-28 22:30:00,1.033
2013-04-28 23:00:00,0.879
2013-04-28 23:30:00,1.04
2013-04-29 00:00:00,0.785
2013-04-29 00:30:00,1.15
2013-04-29 01:00:00,1.103
2013-04-29 01:30:00,1.35
2013-04-29 02:00:00,1.104
2013-04-29 02:30:00,1.27
2013-04-29 03:00:00,1.064
2013-04-29 03:30:00,1.353
2013-04-29 04:00:00,0.769
2013-04-29 04:30:00,1.148
2013-04-29 05:00:00,0.934
2013-04-29 05:30:00,0.998
2013-04-29 06:00:00,0.86
2013-04-29 06:30:00,1.206
2013-04-29 07:00:00,0.999
2013-04-29 07:30:00,1.224
2013-04-29 08:00:00,1.4910001
2013-04-29 08:30:00,1.533
2013-04-29 09:00:00,1.2920001
2013-04-29 09:30:00,1.023
2013-04-29 10:00:00,0.994
2013-04-29 10:30:00,2.253
2013-04-29 11:00:00,1.187
2013-04-29 11:30:00,0.69
2013-04-29 12:00:00,0.707
2013-04-29 12:30:00,1.25
2013-04-29 13:00:00,0.879
2013-04-29 13:30:00,0.932
2013-04-29 14:00:00,1.733
2013-04-29 14:30:00,0.588
2013-04-29 15:00:00,0.52
2013-04-29 15:30:00,0.468
2013-04-29 16:00:00,0.567
2013-04-29 16:30:00,0.554
2013-04-29 17:00:00,0.872
2013-04-29 17:30:00,0.691
2013-04-29 18:00:00,0.6
2013-04-29 18:30:00,0.826
2013-04-29 19:00:00,1.029
2013-04-29 19:30:00,0.876
2013-04-29 20:00:00,0.997
2013-04-29 20:30:00,1.059
2013-04-29 21:00:00,0.989
2013-04-29 21:30:00,0.883
2013-04-29 22:00:00,0.779
2013-04-29 22:30:00,0.914
2013-04-29 23:00:00,0.784
2013-04-29 23:30:00,0.862
2013-04-30 00:00:00,0.722
2013-04-30 00:30:00,0.871
2013-04-30 01:00:00,0.759
2013-04-30 01:30:00,1.061
2013-04-30 02:00:00,1.038
2013-04-30 02:30:00,1.0880001
2013-04-30 03:00:00,0.803
2013-04-30 03:30:00,0.839
2013-04-30 04:00:00,0.819
2013-04-30 04:30:00,1.158
2013-04-30 05:00:00,0.898
2013-04-30 05:30:00,1.118
2013-04-30 06:00:00,1.8430001
2013-04-30 06:30:00,1.925
2013-04-30 07:00:00,0.997
2013-04-30 07:30:00,0.655
2013-04-30 08:00:00,1.137
2013-04-30 08:30:00,0.525
2013-04-30 09:00:00,0.441
2013-04-30 09:30:00,0.591
2013-04-30 10:00:00,0.411
2013-04-30 10:30:00,0.267
2013-04-30 11:00:00,0.18
2013-04-30 11:30:00,0.148
2013-04-30 12:00:00,0.137
2013-04-30 12:30:00,0.098
2013-04-30 13:00:00,0.487
2013-04-30 13:30:00,0.634
2013-04-30 14:00:00,0.52
2013-04-30 14:30:00,0.456
2013-04-30 15:00:00,0.473
2013-04-30 15:30:00,0.498
2013-04-30 16:00:00,0.439
2013-04-30 16:30:00,0.5
2013-04-30 17:00:00,0.46
2013-04-30 17:30:00,0.996
2013-04-30 18:00:00,0.658
2013-04-30 18:30:00,0.578
2013-04-30 19:00:00,0.622
2013-04-30 19:30:00,0.628
2013-04-30 20:00:00,0.879
2013-04-30 20:30:00,2.108
2013-04-30 21:00:00,2.2079999
2013-04-30 21:30:00,1.1950001
2013-04-30 22:00:00,1.069
2013-04-30 22:30:00,0.695
2013-04-30 23:00:00,0.752
2013-04-30 23:30:00,0.794
2013-05-01 00:00:00,0.716
2013-05-01 00:30:00,0.807
2013-05-01 01:00:00,0.966
2013-05-01 01:30:00,0.876
2013-05-01 02:00:00,0.738
2013-05-01 02:30:00,0.888
2013-05-01 03:00:00,0.735
2013-05-01 03:30:00,0.857
2013-05-01 04:00:00,0.69
2013-05-01 04:30:00,1.223
2013-05-01 05:00:00,0.871
2013-05-01 05:30:00,0.952
2013-05-01 06:00:00,2.46
2013-05-01 06:30:00,1.841
2013-05-01 07:00:00,1.02
2013-05-01 07:30:00,0.763
2013-05-01 08:00:00,0.666
2013-05-01 08:30:00,0.725
2013-05-01 09:00:00,0.601
2013-05-01 09:30:00,0.682
2013-05-01 10:00:00,0.657
2013-05-01 10:30:00,0.666
2013-05-01 11:00:00,0.188
2013-05-01 11:30:00,0.142
2013-05-01 12:00:00,0.182
2013-05-01 12:30:00,0.089
2013-05-01 13:00:00,0.227
2013-05-01 13:30:00,0.224
2013-05-01 14:00:00,0.32
2013-05-01 14:30:00,0.148
2013-05-01 15:00:00,0.219
2013-05-01 15:30:00,0.11
2013-05-01 16:00:00,0.203
2013-05-01 16:30:00,0.234
2013-05-01 17:00:00,0.214
2013-05-01 17:30:00,0.27
2013-05-01 18:00:00,0.372
2013-05-01 18:30:00,0.47
2013-05-01 19:00:00,0.462
2013-05-01 19:30:00,2.175
2013-05-01 20:00:00,1.475
2013-05-01 20:30:00,1.549
2013-05-01 21:00:00,0.668
2013-05-01 21:30:00,0.571
2013-05-01 22:00:00,0.764
2013-05-01 22:30:00,0.855
2013-05-01 23:00:00,0.744
2013-05-01 23:30:00,0.67
2013-05-02 00:00:00,0.719
2013-05-02 00:30:00,0.734
2013-05-02 01:00:00,0.784
2013-05-02 01:30:00,0.775
2013-05-02 02:00:00,0.671
2013-05-02 02:30:00,0.831
2013-05-02 03:00:00,0.783
2013-05-02 03:30:00,1.036
2013-05-02 04:00:00,0.964
2013-05-02 04:30:00,1.131
2013-05-02 05:00:00,0.927
2013-05-02 05:30:00,1.049
2013-05-02 06:00:00,0.842
2013-05-02 06:30:00,0.863
2013-05-02 07:00:00,0.862
2013-05-02 07:30:00,1.2029999
2013-05-02 08:00:00,1.352
2013-05-02 08:30:00,1.237
2013-05-02 09:00:00,1.982
2013-05-02 09:30:00,1.0599999
2013-05-02 10:00:00,0.934
2013-05-02 10:30:00,1.556
2013-05-02 11:00:00,2.043
2013-05-02 11:30:00,1.189
2013-05-02 12:00:00,1.646
2013-05-02 12:30:00,0.791
2013-05-02 13:00:00,0.527
2013-05-02 13:30:00,0.469
2013-05-02 14:00:00,0.481
2013-05-02 14:30:00,0.493
2013-05-02 15:00:00,0.475
2013-05-02 15:30:00,0.397
2013-05-02 16:00:00,0.377
2013-05-02 16:30:00,0.464
2013-05-02 17:00:00,1.051
2013-05-02 17:30:00,0.81
2013-05-02 18:00:00,0.583
2013-05-02 18:30:00,0.877
2013-05-02 19:00:00,0.545
2013-05-02 19:30:00,0.509
2013-05-02 20:00:00,0.796
2013-05-02 20:30:00,0.798
2013-05-02 21:00:00,0.733
2013-05-02 21:30:00,0.731
2013-05-02 22:00:00,0.955
2013-05-02 22:30:00,0.802
2013-05-02 23:00:00,0.635
2013-05-02 23:30:00,0.565
2013-05-03 00:00:00,0.589
2013-05-03 00:30:00,0.632
2013-05-03 01:00:00,0.639
2013-05-03 01:30:00,0.724
2013-05-03 02:00:00,0.707
2013-05-03 02:30:00,0.704
2013-05-03 03:00:00,0.7
2013-05-03 03:30:00,0.983
2013-05-03 04:00:00,1.158
2013-05-03 04:30:00,1.286
2013-05-03 05:00:00,0.84
2013-05-03 05:30:00,0.788
2013-05-03 06:00:00,0.804
2013-05-03 06:30:00,0.814
2013-05-03 07:00:00,0.865
2013-05-03 07:30:00,0.878
2013-05-03 08:00:00,0.66
2013-05-03 08:30:00,0.73
2013-05-03 09:00:00,0.716
2013-05-03 09:30:00,0.814
2013-05-03 10:00:00,0.905
2013-05-03 10:30:00,0.91
2013-05-03 11:00:00,0.454
2013-05-03 11:30:00,1.034
2013-05-03 12:00:00,0.943
2013-05-03 12:30:00,0.563
2013-05-03 13:00:00,0.589
2013-05-03 13:30:00,0.562
2013-05-03 14:00:00,0.562
2013-05-03 14:30:00,0.514
2013-05-03 15:00:00,0.724
2013-05-03 15:30:00,0.454
2013-05-03 16:00:00,0.523
2013-05-03 16:30:00,0.575
2013-05-03 17:00:00,0.565
2013-05-03 17:30:00,0.736
2013-05-03 18:00:00,2.1240001
2013-05-03 18:30:00,2.227
2013-05-03 19:00:00,2.858
2013-05-03 19:30:00,1.262
2013-05-03 20:00:00,0.714
2013-05-03 20:30:00,0.637
2013-05-03 21:00:00,0.745
2013-05-03 21:30:00,1.226
2013-05-03 22:00:00,0.555
2013-05-03 22:30:00,0.439
2013-05-03 23:00:00,0.462
2013-05-03 23:30:00,0.457
2013-05-04 00:00:00,0.607
2013-05-04 00:30:00,0.464
2013-05-04 01:00:00,0.603
2013-05-04 01:30:00,0.46
2013-05-04 02:00:00,0.613
2013-05-04 02:30:00,0.573
2013-05-04 03:00:00,0.61
2013-05-04 03:30:00,0.67
2013-05-04 04:00:00,0.632
2013-05-04 04:30:00,0.672
2013-05-04 05:00:00,0.748
2013-05-04 05:30:00,1.1289999
2013-05-04 06:00:00,0.773
2013-05-04 06:30:00,0.737
2013-05-04 07:00:00,0.803
2013-05-04 07:30:00,0.93
2013-05-04 08:00:00,1.2640001
2013-05-04 08:30:00,1.281
2013-05-04 09:00:00,0.636
2013-05-04 09:30:00,0.765
2013-05-04 10:00:00,1.0420001
2013-05-04 10:30:00,0.731
2013-05-04 11:00:00,0.514
2013-05-04 11:30:00,0.521
2013-05-04 12:00:00,0.498
2013-05-04 12:30:00,0.549
2013-05-04 13:00:00,1.346
2013-05-04 13:30:00,0.772
2013-05-04 14:00:00,0.578
2013-05-04 14:30:00,0.441
2013-05-04 15:00:00,0.522
2013-05-04 15:30:00,0.45
2013-05-04 16:00:00,0.42
2013-05-04 16:30:00,0.442
2013-05-04 17:00:00,0.532
2013-05-04 17:30:00,0.503
2013-05-04 18:00:00,0.476
2013-05-04 18:30:00,0.391
2013-05-04 19:00:00,0.463
2013-05-04 19:30:00,0.458
2013-05-04 20:00:00,0.538
2013-05-04 20:30:00,0.582
2013-05-04 21:00:00,0.701
2013-05-04 21:30:00,0.662
2013-05-04 22:00:00,0.713
2013-05-04 22:30:00,0.654
2013-05-04 23:00:00,0.735
2013-05-04 23:30:00,0.685
2013-05-05 00:00:00,0.751
2013-05-05 00:30:00,0.791
2013-05-05 01:00:00,0.74
2013-05-05 01:30:00,0.782
2013-05-05 02:00:00,0.71
2013-05-05 02:30:00,0.8
2013-05-05 03:00:00,0.752
2013-05-05 03:30:00,0.767
2013-05-05 04:00:00,0.807
2013-05-05 04:30:00,0.815
2013-05-05 05:00:00,0.965
2013-05-05 05:30:00,0.989
2013-05-05 06:00:00,0.866
2013-05-05 06:30:00,0.857
2013-05-05 07:00:00,0.755
2013-05-05 07:30:00,0.883
2013-05-05 08:00:00,0.758
2013-05-05 08:30:00,0.751
2013-05-05 09:00:00,0.735
2013-05-05 09:30:00,0.72
2013-05-05 10:00:00,0.564
2013-05-05 10:30:00,0.492
2013-05-05 11:00:00,0.395
2013-05-05 11:30:00,0.444
2013-05-05 12:00:00,0.408
2013-05-05 12:30:00,0.503
2013-05-05 13:00:00,0.482
2013-05-05 13:30:00,0.484
2013-05-05 14:00:00,0.43
2013-05-05 14:30:00,0.465
2013-05-05 15:00:00,0.386
2013-05-05 15:30:00,0.42
2013-05-05 16:00:00,0.446
2013-05-05 16:30:00,0.403
2013-05-05 17:00:00,0.499
2013-05-05 17:30:00,0.476
2013-05-05 18:00:00,0.453
2013-05-05 18:30:00,0.43
2013-05-05 19:00:00,0.751
2013-05-05 19:30:00,0.535
2013-05-05 20:00:00,0.561
2013-05-05 20:30:00,0.572
2013-05-05 21:00:00,0.641
2013-05-05 21:30:00,0.57
2013-05-05 22:00:00,0.721
2013-05-05 22:30:00,0.603
2013-05-05 23:00:00,0.692
2013-05-05 23:30:00,0.675
2013-05-06 00:00:00,0.633
2013-05-06 00:30:00,0.666
2013-05-06 01:00:00,0.681
2013-05-06 01:30:00,0.655
2013-05-06 02:00:00,0.726
2013-05-06 02:30:00,0.722
2013-05-06 03:00:00,0.712
2013-05-06 03:30:00,0.796
2013-05-06 04:00:00,0.725
2013-05-06 04:30:00,0.912
2013-05-06 05:00:00,0.786
2013-05-06 05:30:00,0.706
2013-05-06 06:00:00,0.839
2013-05-06 06:30:00,0.67
2013-05-06 07:00:00,0.915
2013-05-06 07:30:00,0.731
2013-05-06 08:00:00,1.648
2013-05-06 08:30:00,1.2690001
2013-05-06 09:00:00,0.734
2013-05-06 09:30:00,2.05
2013-05-06 10:00:00,1.123
2013-05-06 10:30:00,1.038
2013-05-06 11:00:00,0.487
2013-05-06 11:30:00,1.799
2013-05-06 12:00:00,1.837
2013-05-06 12:30:00,1.171
2013-05-06 13:00:00,0.474
2013-05-06 13:30:00,1.877
2013-05-06 14:00:00,0.832
2013-05-06 14:30:00,0.751
2013-05-06 15:00:00,1.443
2013-05-06 15:30:00,0.543
2013-05-06 16:00:00,0.482
2013-05-06 16:30:00,0.379
2013-05-06 17:00:00,0.36
2013-05-06 17:30:00,0.375
2013-05-06 18:00:00,0.58
2013-05-06 18:30:00,0.704
2013-05-06 19:00:00,0.674
2013-05-06 19:30:00,0.458
2013-05-06 20:00:00,0.43
2013-05-06 20:30:00,0.396
2013-05-06 21:00:00,0.367
2013-05-06 21:30:00,0.352
2013-05-06 22:00:00,0.433
2013-05-06 22:30:00,0.459
2013-05-06 23:00:00,0.508
2013-05-06 23:30:00,0.443
2013-05-07 00:00:00,0.564
2013-05-07 00:30:00,0.469
2013-05-07 01:00:00,0.511
2013-05-07 01:30:00,0.482
2013-05-07 02:00:00,0.608
2013-05-07 02:30:00,0.474
2013-05-07 03:00:00,0.647
2013-05-07 03:30:00,0.548
2013-05-07 04:00:00,0.667
2013-05-07 04:30:00,0.774
2013-05-07 05:00:00,0.688
2013-05-07 05:30:00,0.653
2013-05-07 06:00:00,0.773
2013-05-07 06:30:00,0.607
2013-05-07 07:00:00,0.705
2013-05-07 07:30:00,0.514
2013-05-07 08:00:00,0.581
2013-05-07 08:30:00,0.518
2013-05-07 09:00:00,0.578
2013-05-07 09:30:00,0.439
2013-05-07 10:00:00,0.488
2013-05-07 10:30:00,0.321
2013-05-07 11:00:00,0.359
2013-05-07 11:30:00,0.313
2013-05-07 12:00:00,0.37
2013-05-07 12:30:00,0.303
2013-05-07 13:00:00,0.51
2013-05-07 13:30:00,0.461
2013-05-07 14:00:00,0.418
2013-05-07 14:30:00,0.397
2013-05-07 15:00:00,0.362
2013-05-07 15:30:00,0.368
2013-05-07 16:00:00,0.337
2013-05-07 16:30:00,0.467
2013-05-07 17:00:00,0.335
2013-05-07 17:30:00,0.418
2013-05-07 18:00:00,0.39
2013-05-07 18:30:00,0.665
2013-05-07 19:00:00,1.321
2013-05-07 19:30:00,1.097
2013-05-07 20:00:00,0.782
2013-05-07 20:30:00,0.502
2013-05-07 21:00:00,0.388
2013-05-07 21:30:00,0.35
2013-05-07 22:00:00,0.379
2013-05-07 22:30:00,0.396
2013-05-07 23:00:00,0.368
2013-05-07 23:30:00,0.406
2013-05-08 00:00:00,0.425
2013-05-08 00:30:00,0.362
2013-05-08 01:00:00,0.452
2013-05-08 01:30:00,0.431
2013-05-08 02:00:00,0.421
2013-05-08 02:30:00,0.455
2013-05-08 03:00:00,0.504
2013-05-08 03:30:00,0.488
2013-05-08 04:00:00,0.574
2013-05-08 04:30:00,1.14
2013-05-08 05:00:00,0.788
2013-05-08 05:30:00,1.976
2013-05-08 06:00:00,0.913
2013-05-08 06:30:00,0.524
2013-05-08 07:00:00,0.603
2013-05-08 07:30:00,0.523
2013-05-08 08:00:00,0.639
2013-05-08 08:30:00,0.444
2013-05-08 09:00:00,0.576
2013-05-08 09:30:00,0.453
2013-05-08 10:00:00,0.447
2013-05-08 10:30:00,0.385
2013-05-08 11:00:00,0.327
2013-05-08 11:30:00,0.359
2013-05-08 12:00:00,0.355
2013-05-08 12:30:00,0.499
2013-05-08 13:00:00,0.438
2013-05-08 13:30:00,0.403
2013-05-08 14:00:00,0.422
2013-05-08 14:30:00,0.332
2013-05-08 15:00:00,0.372
2013-05-08 15:30:00,0.405
2013-05-08 16:00:00,0.319
2013-05-08 16:30:00,0.326
2013-05-08 17:00:00,0.359
2013-05-08 17:30:00,0.355
2013-05-08 18:00:00,0.823
2013-05-08 18:30:00,0.69
2013-05-08 19:00:00,1.48
2013-05-08 19:30:00,1.063
2013-05-08 20:00:00,1.027
2013-05-08 20:30:00,0.502
2013-05-08 21:00:00,0.605
2013-05-08 21:30:00,0.576
2013-05-08 22:00:00,0.615
2013-05-08 22:30:00,0.615
2013-05-08 23:00:00,0.617
2013-05-08 23:30:00,0.655
2013-05-09 00:00:00,0.585
2013-05-09 00:30:00,0.633
2013-05-09 01:00:00,0.649
2013-05-09 01:30:00,0.631
2013-05-09 02:00:00,0.65
2013-05-09 02:30:00,0.653
2013-05-09 03:00:00,0.695
2013-05-09 03:30:00,0.733
2013-05-09 04:00:00,1.0880001
2013-05-09 04:30:00,0.825
2013-05-09 05:00:00,0.759
2013-05-09 05:30:00,0.779
2013-05-09 06:00:00,0.704
2013-05-09 06:30:00,0.77
2013-05-09 07:00:00,0.696
2013-05-09 07:30:00,0.82
2013-05-09 08:00:00,0.736
2013-05-09 08:30:00,0.686
2013-05-09 09:00:00,1.2460001
2013-05-09 09:30:00,1.883
2013-05-09 10:00:00,0.786
2013-05-09 10:30:00,1.302
2013-05-09 11:00:00,1.926
2013-05-09 11:30:00,0.451
2013-05-09 12:00:00,0.467
2013-05-09 12:30:00,0.384
2013-05-09 13:00:00,0.373
2013-05-09 13:30:00,0.458
2013-05-09 14:00:00,0.415
2013-05-09 14:30:00,0.437
2013-05-09 15:00:00,0.484
2013-05-09 15:30:00,0.392
2013-05-09 16:00:00,0.519
2013-05-09 16:30:00,0.531
2013-05-09 17:00:00,0.659
2013-05-09 17:30:00,0.718
2013-05-09 18:00:00,1.553
2013-05-09 18:30:00,1.831
2013-05-09 19:00:00,1.307
2013-05-09 19:30:00,0.815
2013-05-09 20:00:00,0.687
2013-05-09 20:30:00,0.812
2013-05-09 21:00:00,0.734
2013-05-09 21:30:00,0.814
2013-05-09 22:00:00,0.747
2013-05-09 22:30:00,0.771
2013-05-09 23:00:00,0.755
2013-05-09 23:30:00,0.794
2013-05-10 00:00:00,0.679
2013-05-10 00:30:00,0.808
2013-05-10 01:00:00,0.726
2013-05-10 01:30:00,0.824
2013-05-10 02:00:00,0.785
2013-05-10 02:30:00,0.838
2013-05-10 03:00:00,0.776
2013-05-10 03:30:00,0.796
2013-05-10 04:00:00,0.739
2013-05-10 04:30:00,1.212
2013-05-10 05:00:00,0.858
2013-05-10 05:30:00,0.917
2013-05-10 06:00:00,0.77
2013-05-10 06:30:00,1.178
2013-05-10 07:00:00,0.818
2013-05-10 07:30:00,0.839
2013-05-10 08:00:00,0.688
2013-05-10 08:30:00,0.697
2013-05-10 09:00:00,0.609
2013-05-10 09:30:00,0.704
2013-05-10 10:00:00,0.67
2013-05-10 10:30:00,0.705
2013-05-10 11:00:00,0.706
2013-05-10 11:30:00,0.622
2013-05-10 12:00:00,0.644
2013-05-10 12:30:00,0.492
2013-05-10 13:00:00,0.403
2013-05-10 13:30:00,0.424
2013-05-10 14:00:00,0.379
2013-05-10 14:30:00,0.582
2013-05-10 15:00:00,0.607
2013-05-10 15:30:00,0.494
2013-05-10 16:00:00,0.534
2013-05-10 16:30:00,0.462
2013-05-10 17:00:00,0.974
2013-05-10 17:30:00,1.364
2013-05-10 18:00:00,0.955
2013-05-10 18:30:00,0.906
2013-05-10 19:00:00,0.721
2013-05-10 19:30:00,0.689
2013-05-10 20:00:00,0.702
2013-05-10 20:30:00,0.678
2013-05-10 21:00:00,0.63
2013-05-10 21:30:00,0.685
2013-05-10 22:00:00,0.668
2013-05-10 22:30:00,0.656
2013-05-10 23:00:00,0.701
2013-05-10 23:30:00,0.769
2013-05-11 00:00:00,0.707
2013-05-11 00:30:00,0.805
2013-05-11 01:00:00,0.727
2013-05-11 01:30:00,0.812
2013-05-11 02:00:00,0.674
2013-05-11 02:30:00,0.824
2013-05-11 03:00:00,0.711
2013-05-11 03:30:00,0.814
2013-05-11 04:00:00,0.758
2013-05-11 04:30:00,0.867
2013-05-11 05:00:00,0.76
2013-05-11 05:30:00,2.076
2013-05-11 06:00:00,1.273
2013-05-11 06:30:00,1.687
2013-05-11 07:00:00,2.585
2013-05-11 07:30:00,1.274
2013-05-11 08:00:00,0.923
2013-05-11 08:30:00,0.955
2013-05-11 09:00:00,0.873
2013-05-11 09:30:00,0.789
2013-05-11 10:00:00,2.474
2013-05-11 10:30:00,0.624
2013-05-11 11:00:00,0.564
2013-05-11 11:30:00,0.555
2013-05-11 12:00:00,1.104
2013-05-11 12:30:00,1.191
2013-05-11 13:00:00,1.164
2013-05-11 13:30:00,1.057
2013-05-11 14:00:00,0.687
2013-05-11 14:30:00,0.499
2013-05-11 15:00:00,0.632
2013-05-11 15:30:00,0.5
2013-05-11 16:00:00,0.555
2013-05-11 16:30:00,0.602
2013-05-11 17:00:00,0.62
2013-05-11 17:30:00,0.628
2013-05-11 18:00:00,0.589
2013-05-11 18:30:00,0.631
2013-05-11 19:00:00,0.619
2013-05-11 19:30:00,0.7
2013-05-11 20:00:00,0.67
2013-05-11 20:30:00,0.74
2013-05-11 21:00:00,0.744
2013-05-11 21:30:00,0.863
2013-05-11 22:00:00,0.813
2013-05-11 22:30:00,0.807
2013-05-11 23:00:00,0.774
2013-05-11 23:30:00,0.831
2013-05-12 00:00:00,0.764
2013-05-12 00:30:00,0.886
2013-05-12 01:00:00,0.745
2013-05-12 01:30:00,0.95
2013-05-12 02:00:00,0.794
2013-05-12 02:30:00,0.989
2013-05-12 03:00:00,0.763
2013-05-12 03:30:00,0.93
2013-05-12 04:00:00,1.095
2013-05-12 04:30:00,1.051
2013-05-12 05:00:00,0.835
2013-05-12 05:30:00,1.02
2013-05-12 06:00:00,0.914
2013-05-12 06:30:00,0.986
2013-05-12 07:00:00,0.782
2013-05-12 07:30:00,0.973
2013-05-12 08:00:00,0.813
2013-05-12 08:30:00,0.854
2013-05-12 09:00:00,0.86
2013-05-12 09:30:00,0.847
2013-05-12 10:00:00,0.759
2013-05-12 10:30:00,0.647
2013-05-12 11:00:00,0.365
2013-05-12 11:30:00,0.402
2013-05-12 12:00:00,0.336
2013-05-12 12:30:00,0.426
2013-05-12 13:00:00,0.423
2013-05-12 13:30:00,0.441
2013-05-12 14:00:00,0.425
2013-05-12 14:30:00,0.355
2013-05-12 15:00:00,0.516
2013-05-12 15:30:00,0.443
2013-05-12 16:00:00,0.602
2013-05-12 16:30:00,0.617
2013-05-12 17:00:00,0.723
2013-05-12 17:30:00,0.687
2013-05-12 18:00:00,0.647
2013-05-12 18:30:00,0.774
2013-05-12 19:00:00,0.951
2013-05-12 19:30:00,0.776
2013-05-12 20:00:00,0.869
2013-05-12 20:30:00,0.793
2013-05-12 21:00:00,0.72
2013-05-12 21:30:00,0.798
2013-05-12 22:00:00,0.688
2013-05-12 22:30:00,0.773
2013-05-12 23:00:00,0.711
2013-05-12 23:30:00,0.735
2013-05-13 00:00:00,0.753
2013-05-13 00:30:00,0.781
2013-05-13 01:00:00,0.731
2013-05-13 01:30:00,0.861
2013-05-13 02:00:00,0.729
2013-05-13 02:30:00,0.872
2013-05-13 03:00:00,0.734
2013-05-13 03:30:00,0.812
2013-05-13 04:00:00,0.891
2013-05-13 04:30:00,0.938
2013-05-13 05:00:00,0.757
2013-05-13 05:30:00,0.867
2013-05-13 06:00:00,0.816
2013-05-13 06:30:00,0.831
2013-05-13 07:00:00,0.882
2013-05-13 07:30:00,0.781
2013-05-13 08:00:00,0.673
2013-05-13 08:30:00,0.788
2013-05-13 09:00:00,0.637
2013-05-13 09:30:00,0.765
2013-05-13 10:00:00,1.554
2013-05-13 10:30:00,1.227
2013-05-13 11:00:00,1.012
2013-05-13 11:30:00,2.5940001
2013-05-13 12:00:00,0.99
2013-05-13 12:30:00,1.003
2013-05-13 13:00:00,0.549
2013-05-13 13:30:00,0.442
2013-05-13 14:00:00,0.578
2013-05-13 14:30:00,0.985
2013-05-13 15:00:00,0.747
2013-05-13 15:30:00,0.542
2013-05-13 16:00:00,0.508
2013-05-13 16:30:00,0.601
2013-05-13 17:00:00,1.062
2013-05-13 17:30:00,0.798
2013-05-13 18:00:00,1.156
2013-05-13 18:30:00,0.813
2013-05-13 19:00:00,0.721
2013-05-13 19:30:00,0.702
2013-05-13 20:00:00,0.701
2013-05-13 20:30:00,0.712
2013-05-13 21:00:00,0.71
2013-05-13 21:30:00,0.729
2013-05-13 22:00:00,0.652
2013-05-13 22:30:00,0.778
2013-05-13 23:00:00,0.76
2013-05-13 23:30:00,0.839
2013-05-14 00:00:00,0.763
2013-05-14 00:30:00,0.811
2013-05-14 01:00:00,0.753
2013-05-14 01:30:00,0.792
2013-05-14 02:00:00,0.757
2013-05-14 02:30:00,0.814
2013-05-14 03:00:00,0.783
2013-05-14 03:30:00,0.927
2013-05-14 04:00:00,0.829
2013-05-14 04:30:00,1.041
2013-05-14 05:00:00,0.788
2013-05-14 05:30:00,0.882
2013-05-14 06:00:00,0.932
2013-05-14 06:30:00,0.847
2013-05-14 07:00:00,0.784
2013-05-14 07:30:00,0.883
2013-05-14 08:00:00,0.809
2013-05-14 08:30:00,0.703
2013-05-14 09:00:00,0.736
2013-05-14 09:30:00,0.676
2013-05-14 10:00:00,0.651
2013-05-14 10:30:00,0.712
2013-05-14 11:00:00,0.679
2013-05-14 11:30:00,0.589
2013-05-14 12:00:00,0.568
2013-05-14 12:30:00,0.548
2013-05-14 13:00:00,0.711
2013-05-14 13:30:00,0.64
2013-05-14 14:00:00,0.731
2013-05-14 14:30:00,0.645
2013-05-14 15:00:00,0.727
2013-05-14 15:30:00,0.633
2013-05-14 16:00:00,0.666
2013-05-14 16:30:00,0.71
2013-05-14 17:00:00,0.705
2013-05-14 17:30:00,1.502
2013-05-14 18:00:00,1.5089999
2013-05-14 18:30:00,1.367
2013-05-14 19:00:00,2.8099999
2013-05-14 19:30:00,1.931
2013-05-14 20:00:00,1.479
2013-05-14 20:30:00,2.1459999
2013-05-14 21:00:00,0.767
2013-05-14 21:30:00,0.833
2013-05-14 22:00:00,0.87
2013-05-14 22:30:00,0.929
2013-05-14 23:00:00,0.734
2013-05-14 23:30:00,0.856
2013-05-15 00:00:00,0.772
2013-05-15 00:30:00,0.838
2013-05-15 01:00:00,0.792
2013-05-15 01:30:00,0.889
2013-05-15 02:00:00,0.869
2013-05-15 02:30:00,0.991
2013-05-15 03:00:00,0.75
2013-05-15 03:30:00,0.96
2013-05-15 04:00:00,0.8
2013-05-15 04:30:00,1.536
2013-05-15 05:00:00,0.915
2013-05-15 05:30:00,1.0930001
2013-05-15 06:00:00,0.94
2013-05-15 06:30:00,1.048
2013-05-15 07:00:00,0.824
2013-05-15 07:30:00,0.92
2013-05-15 08:00:00,0.833
2013-05-15 08:30:00,0.873
2013-05-15 09:00:00,0.836
2013-05-15 09:30:00,0.977
2013-05-15 10:00:00,0.779
2013-05-15 10:30:00,0.864
2013-05-15 11:00:00,0.782
2013-05-15 11:30:00,0.791
2013-05-15 12:00:00,0.772
2013-05-15 12:30:00,0.845
2013-05-15 13:00:00,1.075
2013-05-15 13:30:00,1.646
2013-05-15 14:00:00,1.076
2013-05-15 14:30:00,0.716
2013-05-15 15:00:00,0.714
2013-05-15 15:30:00,0.715
2013-05-15 16:00:00,0.703
2013-05-15 16:30:00,0.723
2013-05-15 17:00:00,0.646
2013-05-15 17:30:00,0.644
2013-05-15 18:00:00,0.662
2013-05-15 18:30:00,1.226
2013-05-15 19:00:00,1.109
2013-05-15 19:30:00,1.125
2013-05-15 20:00:00,1.598
2013-05-15 20:30:00,1.284
2013-05-15 21:00:00,1.15
2013-05-15 21:30:00,1.307
2013-05-15 22:00:00,0.79
2013-05-15 22:30:00,0.789
2013-05-15 23:00:00,0.776
2013-05-15 23:30:00,0.863
2013-05-16 00:00:00,0.828
2013-05-16 00:30:00,0.877
2013-05-16 01:00:00,0.786
2013-05-16 01:30:00,0.896
2013-05-16 02:00:00,0.757
2013-05-16 02:30:00,0.877
2013-05-16 03:00:00,0.761
2013-05-16 03:30:00,0.964
2013-05-16 04:00:00,0.83
2013-05-16 04:30:00,1.369
2013-05-16 05:00:00,0.819
2013-05-16 05:30:00,0.992
2013-05-16 06:00:00,0.837
2013-05-16 06:30:00,0.888
2013-05-16 07:00:00,0.814
2013-05-16 07:30:00,0.961
2013-05-16 08:00:00,0.858
2013-05-16 08:30:00,0.892
2013-05-16 09:00:00,0.797
2013-05-16 09:30:00,0.808
2013-05-16 10:00:00,0.728
2013-05-16 10:30:00,0.712
2013-05-16 11:00:00,0.493
2013-05-16 11:30:00,0.469
2013-05-16 12:00:00,0.486
2013-05-16 12:30:00,0.445
2013-05-16 13:00:00,0.505
2013-05-16 13:30:00,0.396
2013-05-16 14:00:00,0.443
2013-05-16 14:30:00,0.487
2013-05-16 15:00:00,0.501
2013-05-16 15:30:00,0.493
2013-05-16 16:00:00,0.579
2013-05-16 16:30:00,0.678
2013-05-16 17:00:00,0.591
2013-05-16 17:30:00,0.927
2013-05-16 18:00:00,0.702
2013-05-16 18:30:00,0.646
2013-05-16 19:00:00,1.1900001
2013-05-16 19:30:00,1.34
2013-05-16 20:00:00,1.495
2013-05-16 20:30:00,0.952
2013-05-16 21:00:00,0.807
2013-05-16 21:30:00,0.818
2013-05-16 22:00:00,0.727
2013-05-16 22:30:00,0.785
2013-05-16 23:00:00,0.686
2013-05-16 23:30:00,0.798
2013-05-17 00:00:00,0.773
2013-05-17 00:30:00,0.872
2013-05-17 01:00:00,0.786
2013-05-17 01:30:00,0.872
2013-05-17 02:00:00,0.687
2013-05-17 02:30:00,0.867
2013-05-17 03:00:00,0.678
2013-05-17 03:30:00,0.883
2013-05-17 04:00:00,0.983
2013-05-17 04:30:00,1.1900001
2013-05-17 05:00:00,0.833
2013-05-17 05:30:00,0.975
2013-05-17 06:00:00,0.728
2013-05-17 06:30:00,0.827
2013-05-17 07:00:00,0.733
2013-05-17 07:30:00,0.819
2013-05-17 08:00:00,0.734
2013-05-17 08:30:00,0.791
2013-05-17 09:00:00,0.737
2013-05-17 09:30:00,0.706
2013-05-17 10:00:00,0.623
2013-05-17 10:30:00,0.637
2013-05-17 11:00:00,0.657
2013-05-17 11:30:00,0.652
2013-05-17 12:00:00,0.657
2013-05-17 12:30:00,0.703
2013-05-17 13:00:00,1.268
2013-05-17 13:30:00,0.733
2013-05-17 14:00:00,0.678
2013-05-17 14:30:00,0.668
2013-05-17 15:00:00,0.778
2013-05-17 15:30:00,0.805
2013-05-17 16:00:00,0.787
2013-05-17 16:30:00,0.954
2013-05-17 17:00:00,0.736
2013-05-17 17:30:00,0.728
2013-05-17 18:00:00,0.682
2013-05-17 18:30:00,0.789
2013-05-17 19:00:00,0.645
2013-05-17 19:30:00,0.87
2013-05-17 20:00:00,0.751
2013-05-17 20:30:00,0.845
2013-05-17 21:00:00,0.741
2013-05-17 21:30:00,0.826
2013-05-17 22:00:00,0.71
2013-05-17 22:30:00,0.866
2013-05-17 23:00:00,0.841
2013-05-17 23:30:00,0.862
2013-05-18 00:00:00,0.837
2013-05-18 00:30:00,0.878
2013-05-18 01:00:00,0.793
2013-05-18 01:30:00,0.816
2013-05-18 02:00:00,0.751
2013-05-18 02:30:00,0.834
2013-05-18 03:00:00,0.738
2013-05-18 03:30:00,0.844
2013-05-18 04:00:00,0.797
2013-05-18 04:30:00,0.908
2013-05-18 05:00:00,0.889
2013-05-18 05:30:00,1.063
2013-05-18 06:00:00,0.743
2013-05-18 06:30:00,0.871
2013-05-18 07:00:00,0.738
2013-05-18 07:30:00,0.818
2013-05-18 08:00:00,0.713
2013-05-18 08:30:00,0.703
2013-05-18 09:00:00,0.76
2013-05-18 09:30:00,0.763
2013-05-18 10:00:00,0.714
2013-05-18 10:30:00,0.624
2013-05-18 11:00:00,0.687
2013-05-18 11:30:00,0.633
2013-05-18 12:00:00,0.685
2013-05-18 12:30:00,0.635
2013-05-18 13:00:00,1.029
2013-05-18 13:30:00,1.653
2013-05-18 14:00:00,1.2410001
2013-05-18 14:30:00,1.265
2013-05-18 15:00:00,0.653
2013-05-18 15:30:00,0.544
2013-05-18 16:00:00,0.624
2013-05-18 16:30:00,0.66
2013-05-18 17:00:00,1.031
2013-05-18 17:30:00,2.0320001
2013-05-18 18:00:00,1.08
2013-05-18 18:30:00,0.836
2013-05-18 19:00:00,0.667
2013-05-18 19:30:00,1.783
2013-05-18 20:00:00,1.6109999
2013-05-18 20:30:00,1.678
2013-05-18 21:00:00,1.6160001
2013-05-18 21:30:00,1.4119999
2013-05-18 22:00:00,1.095
2013-05-18 22:30:00,0.965
2013-05-18 23:00:00,0.751
2013-05-18 23:30:00,0.721
2013-05-19 00:00:00,0.699
2013-05-19 00:30:00,0.746
2013-05-19 01:00:00,0.708
2013-05-19 01:30:00,0.751
2013-05-19 02:00:00,0.724
2013-05-19 02:30:00,0.771
2013-05-19 03:00:00,0.755
2013-05-19 03:30:00,0.842
2013-05-19 04:00:00,0.685
2013-05-19 04:30:00,0.803
2013-05-19 05:00:00,0.687
2013-05-19 05:30:00,1.194
2013-05-19 06:00:00,0.77
2013-05-19 06:30:00,0.852
2013-05-19 07:00:00,0.768
2013-05-19 07:30:00,0.819
2013-05-19 08:00:00,0.804
2013-05-19 08:30:00,0.838
2013-05-19 09:00:00,1.498
2013-05-19 09:30:00,0.853
2013-05-19 10:00:00,0.662
2013-05-19 10:30:00,0.504
2013-05-19 11:00:00,0.552
2013-05-19 11:30:00,0.446
2013-05-19 12:00:00,0.474
2013-05-19 12:30:00,0.398
2013-05-19 13:00:00,0.395
2013-05-19 13:30:00,0.379
2013-05-19 14:00:00,0.356
2013-05-19 14:30:00,0.45
2013-05-19 15:00:00,0.508
2013-05-19 15:30:00,0.433
2013-05-19 16:00:00,0.448
2013-05-19 16:30:00,0.435
2013-05-19 17:00:00,0.467
2013-05-19 17:30:00,0.431
2013-05-19 18:00:00,0.537
2013-05-19 18:30:00,0.451
2013-05-19 19:00:00,0.537
2013-05-19 19:30:00,0.659
2013-05-19 20:00:00,0.648
2013-05-19 20:30:00,0.564
2013-05-19 21:00:00,0.677
2013-05-19 21:30:00,0.578
2013-05-19 22:00:00,0.584
2013-05-19 22:30:00,0.646
2013-05-19 23:00:00,0.616
2013-05-19 23:30:00,0.719
2013-05-20 00:00:00,0.632
2013-05-20 00:30:00,0.726
2013-05-20 01:00:00,0.61
2013-05-20 01:30:00,0.701
2013-05-20 02:00:00,0.614
2013-05-20 02:30:00,0.703
2013-05-20 03:00:00,0.643
2013-05-20 03:30:00,0.696
2013-05-20 04:00:00,0.609
2013-05-20 04:30:00,0.893
2013-05-20 05:00:00,0.743
2013-05-20 05:30:00,0.715
2013-05-20 06:00:00,0.71
2013-05-20 06:30:00,0.791
2013-05-20 07:00:00,0.723
2013-05-20 07:30:00,0.768
2013-05-20 08:00:00,0.679
2013-05-20 08:30:00,0.718
2013-05-20 09:00:00,0.703
2013-05-20 09:30:00,1.057
2013-05-20 10:00:00,1.0829999
2013-05-20 10:30:00,2.3599999
2013-05-20 11:00:00,1.304
2013-05-20 11:30:00,0.98
2013-05-20 12:00:00,0.633
2013-05-20 12:30:00,0.609
2013-05-20 13:00:00,0.608
2013-05-20 13:30:00,0.572
2013-05-20 14:00:00,0.56
2013-05-20 14:30:00,0.533
2013-05-20 15:00:00,0.917
2013-05-20 15:30:00,0.686
2013-05-20 16:00:00,0.681
2013-05-20 16:30:00,0.828
2013-05-20 17:00:00,1.668
2013-05-20 17:30:00,2.0769999
2013-05-20 18:00:00,1.531
2013-05-20 18:30:00,0.718
2013-05-20 19:00:00,0.595
2013-05-20 19:30:00,0.679
2013-05-20 20:00:00,0.728
2013-05-20 20:30:00,0.674
2013-05-20 21:00:00,0.603
2013-05-20 21:30:00,0.562
2013-05-20 22:00:00,0.579
2013-05-20 22:30:00,0.584
2013-05-20 23:00:00,0.563
2013-05-20 23:30:00,0.547
2013-05-21 00:00:00,0.625
2013-05-21 00:30:00,0.627
2013-05-21 01:00:00,0.603
2013-05-21 01:30:00,0.63
2013-05-21 02:00:00,0.584
2013-05-21 02:30:00,0.566
2013-05-21 03:00:00,0.584
2013-05-21 03:30:00,0.598
2013-05-21 04:00:00,0.572
2013-05-21 04:30:00,0.955
2013-05-21 05:00:00,0.666
2013-05-21 05:30:00,0.706
2013-05-21 06:00:00,0.675
2013-05-21 06:30:00,0.848
2013-05-21 07:00:00,0.726
2013-05-21 07:30:00,0.608
2013-05-21 08:00:00,0.586
2013-05-21 08:30:00,0.614
2013-05-21 09:00:00,0.573
2013-05-21 09:30:00,0.578
2013-05-21 10:00:00,0.609
2013-05-21 10:30:00,0.629
2013-05-21 11:00:00,0.586
2013-05-21 11:30:00,0.629
2013-05-21 12:00:00,0.569
2013-05-21 12:30:00,0.571
2013-05-21 13:00:00,0.586
2013-05-21 13:30:00,0.522
2013-05-21 14:00:00,0.557
2013-05-21 14:30:00,0.512
2013-05-21 15:00:00,0.556
2013-05-21 15:30:00,0.57
2013-05-21 16:00:00,0.565
2013-05-21 16:30:00,0.484
2013-05-21 17:00:00,0.593
2013-05-21 17:30:00,0.487
2013-05-21 18:00:00,0.594
2013-05-21 18:30:00,1.135
2013-05-21 19:00:00,1.86
2013-05-21 19:30:00,1.762
2013-05-21 20:00:00,1.336
2013-05-21 20:30:00,0.787
2013-05-21 21:00:00,0.667
2013-05-21 21:30:00,0.728
2013-05-21 22:00:00,0.68
2013-05-21 22:30:00,0.616
2013-05-21 23:00:00,0.603
2013-05-21 23:30:00,0.636
2013-05-22 00:00:00,0.614
2013-05-22 00:30:00,0.622
2013-05-22 01:00:00,0.653
2013-05-22 01:30:00,0.713
2013-05-22 02:00:00,0.647
2013-05-22 02:30:00,0.741
2013-05-22 03:00:00,0.657
2013-05-22 03:30:00,0.762
2013-05-22 04:00:00,0.613
2013-05-22 04:30:00,1.178
2013-05-22 05:00:00,0.699
2013-05-22 05:30:00,0.789
2013-05-22 06:00:00,0.749
2013-05-22 06:30:00,0.813
2013-05-22 07:00:00,0.692
2013-05-22 07:30:00,0.789
2013-05-22 08:00:00,0.684
2013-05-22 08:30:00,0.682
2013-05-22 09:00:00,0.665
2013-05-22 09:30:00,0.697
2013-05-22 10:00:00,0.587
2013-05-22 10:30:00,0.682
2013-05-22 11:00:00,0.605
2013-05-22 11:30:00,0.744
2013-05-22 12:00:00,0.666
2013-05-22 12:30:00,0.647
2013-05-22 13:00:00,0.742
2013-05-22 13:30:00,1.086
2013-05-22 14:00:00,0.728
2013-05-22 14:30:00,0.628
2013-05-22 15:00:00,0.633
2013-05-22 15:30:00,0.638
2013-05-22 16:00:00,0.647
2013-05-22 16:30:00,0.615
2013-05-22 17:00:00,0.55
2013-05-22 17:30:00,0.583
2013-05-22 18:00:00,0.518
2013-05-22 18:30:00,0.656
2013-05-22 19:00:00,0.574
2013-05-22 19:30:00,0.733
2013-05-22 20:00:00,1.178
2013-05-22 20:30:00,2.132
2013-05-22 21:00:00,1.735
2013-05-22 21:30:00,1.11
2013-05-22 22:00:00,0.749
2013-05-22 22:30:00,0.771
2013-05-22 23:00:00,0.67
2013-05-22 23:30:00,0.797
2013-05-23 00:00:00,0.706
2013-05-23 00:30:00,0.759
2013-05-23 01:00:00,0.762
2013-05-23 01:30:00,0.828
2013-05-23 02:00:00,0.742
2013-05-23 02:30:00,0.904
2013-05-23 03:00:00,0.661
2013-05-23 03:30:00,0.867
2013-05-23 04:00:00,0.695
2013-05-23 04:30:00,1.482
2013-05-23 05:00:00,0.795
2013-05-23 05:30:00,0.977
2013-05-23 06:00:00,0.788
2013-05-23 06:30:00,0.891
2013-05-23 07:00:00,0.698
2013-05-23 07:30:00,0.802
2013-05-23 08:00:00,0.681
2013-05-23 08:30:00,0.773
2013-05-23 09:00:00,0.691
2013-05-23 09:30:00,0.847
2013-05-23 10:00:00,0.642
2013-05-23 10:30:00,0.66
2013-05-23 11:00:00,1.492
2013-05-23 11:30:00,0.938
2013-05-23 12:00:00,0.638
2013-05-23 12:30:00,0.665
2013-05-23 13:00:00,0.759
2013-05-23 13:30:00,0.796
2013-05-23 14:00:00,1.1619999
2013-05-23 14:30:00,1.517
2013-05-23 15:00:00,1.04
2013-05-23 15:30:00,0.796
2013-05-23 16:00:00,0.737
2013-05-23 16:30:00,0.853
2013-05-23 17:00:00,0.71
2013-05-23 17:30:00,0.721
2013-05-23 18:00:00,1.299
2013-05-23 18:30:00,2.296
2013-05-23 19:00:00,1.829
2013-05-23 19:30:00,0.916
2013-05-23 20:00:00,0.758
2013-05-23 20:30:00,0.85
2013-05-23 21:00:00,0.726
2013-05-23 21:30:00,1.166
2013-05-23 22:00:00,1.041
2013-05-23 22:30:00,1.153
2013-05-23 23:00:00,1.156
2013-05-23 23:30:00,1.0779999
2013-05-24 00:00:00,0.812
2013-05-24 00:30:00,0.992
2013-05-24 01:00:00,0.76
2013-05-24 01:30:00,0.951
2013-05-24 02:00:00,0.811
2013-05-24 02:30:00,0.907
2013-05-24 03:00:00,0.741
2013-05-24 03:30:00,1.0420001
2013-05-24 04:00:00,0.814
2013-05-24 04:30:00,1.517
2013-05-24 05:00:00,0.891
2013-05-24 05:30:00,1.031
2013-05-24 06:00:00,0.811
2013-05-24 06:30:00,1.053
2013-05-24 07:00:00,0.975
2013-05-24 07:30:00,1.133
2013-05-24 08:00:00,0.835
2013-05-24 08:30:00,0.963
2013-05-24 09:00:00,1.178
2013-05-24 09:30:00,1.554
2013-05-24 10:00:00,0.962
2013-05-24 10:30:00,0.963
2013-05-24 11:00:00,0.822
2013-05-24 11:30:00,0.859
2013-05-24 12:00:00,0.758
2013-05-24 12:30:00,0.932
2013-05-24 13:00:00,0.791
2013-05-24 13:30:00,1.17
2013-05-24 14:00:00,0.926
2013-05-24 14:30:00,1.013
2013-05-24 15:00:00,0.866
2013-05-24 15:30:00,0.943
2013-05-24 16:00:00,0.871
2013-05-24 16:30:00,1.039
2013-05-24 17:00:00,1.1619999
2013-05-24 17:30:00,1.216
2013-05-24 18:00:00,1.119
2013-05-24 18:30:00,1.859
2013-05-24 19:00:00,1.227
2013-05-24 19:30:00,1.529
2013-05-24 20:00:00,1.465
2013-05-24 20:30:00,1.625
2013-05-24 21:00:00,1.436
2013-05-24 21:30:00,1.4680001
2013-05-24 22:00:00,1.267
2013-05-24 22:30:00,1.192
2013-05-24 23:00:00,0.873
2013-05-24 23:30:00,0.976
2013-05-25 00:00:00,0.781
2013-05-25 00:30:00,0.991
2013-05-25 01:00:00,0.821
2013-05-25 01:30:00,1.0470001
2013-05-25 02:00:00,0.867
2013-05-25 02:30:00,1.0089999
2013-05-25 03:00:00,0.782
2013-05-25 03:30:00,0.99
2013-05-25 04:00:00,0.839
2013-05-25 04:30:00,1.029
2013-05-25 05:00:00,1.375
2013-05-25 05:30:00,1.395
2013-05-25 06:00:00,1.075
2013-05-25 06:30:00,1.041
2013-05-25 07:00:00,0.885
2013-05-25 07:30:00,1.368
2013-05-25 08:00:00,2.016
2013-05-25 08:30:00,2.007
2013-05-25 09:00:00,2.5550001
2013-05-25 09:30:00,1.698
2013-05-25 10:00:00,1.082
2013-05-25 10:30:00,1.0880001
2013-05-25 11:00:00,1.177
2013-05-25 11:30:00,2.1630001
2013-05-25 12:00:00,1.227
2013-05-25 12:30:00,1.557
2013-05-25 13:00:00,0.556
2013-05-25 13:30:00,0.687
2013-05-25 14:00:00,0.57
2013-05-25 14:30:00,0.521
2013-05-25 15:00:00,0.48
2013-05-25 15:30:00,0.475
2013-05-25 16:00:00,0.543
2013-05-25 16:30:00,0.504
2013-05-25 17:00:00,0.519
2013-05-25 17:30:00,0.681
2013-05-25 18:00:00,0.774
2013-05-25 18:30:00,0.864
2013-05-25 19:00:00,0.819
2013-05-25 19:30:00,0.736
2013-05-25 20:00:00,0.682
2013-05-25 20:30:00,0.794
2013-05-25 21:00:00,0.717
2013-05-25 21:30:00,1.4960001
2013-05-25 22:00:00,1.079
2013-05-25 22:30:00,1.103
2013-05-25 23:00:00,1.066
2013-05-25 23:30:00,1.003
2013-05-26 00:00:00,0.874
2013-05-26 00:30:00,1.04
2013-05-26 01:00:00,0.761
2013-05-26 01:30:00,0.863
2013-05-26 02:00:00,0.69
2013-05-26 02:30:00,0.911
2013-05-26 03:00:00,0.766
2013-05-26 03:30:00,0.918
2013-05-26 04:00:00,0.749
2013-05-26 04:30:00,0.896
2013-05-26 05:00:00,0.799
2013-05-26 05:30:00,1.046
2013-05-26 06:00:00,0.767
2013-05-26 06:30:00,0.882
2013-05-26 07:00:00,0.768
2013-05-26 07:30:00,0.961
2013-05-26 08:00:00,1.387
2013-05-26 08:30:00,0.904
2013-05-26 09:00:00,1.119
2013-05-26 09:30:00,0.859
2013-05-26 10:00:00,0.71
2013-05-26 10:30:00,0.639
2013-05-26 11:00:00,0.585
2013-05-26 11:30:00,1.446
2013-05-26 12:00:00,0.686
2013-05-26 12:30:00,0.555
2013-05-26 13:00:00,0.48
2013-05-26 13:30:00,0.407
2013-05-26 14:00:00,0.413
2013-05-26 14:30:00,0.364
2013-05-26 15:00:00,0.416
2013-05-26 15:30:00,0.475
2013-05-26 16:00:00,0.392
2013-05-26 16:30:00,0.449
2013-05-26 17:00:00,0.563
2013-05-26 17:30:00,0.558
2013-05-26 18:00:00,0.587
2013-05-26 18:30:00,0.652
2013-05-26 19:00:00,0.706
2013-05-26 19:30:00,0.779
2013-05-26 20:00:00,1.439
2013-05-26 20:30:00,2.0699999
2013-05-26 21:00:00,1.758
2013-05-26 21:30:00,1.975
2013-05-26 22:00:00,1.704
2013-05-26 22:30:00,1.505
2013-05-26 23:00:00,1.14
2013-05-26 23:30:00,0.994
2013-05-27 00:00:00,0.982
2013-05-27 00:30:00,0.967
2013-05-27 01:00:00,0.996
2013-05-27 01:30:00,0.949
2013-05-27 02:00:00,1.013
2013-05-27 02:30:00,1.027
2013-05-27 03:00:00,1.007
2013-05-27 03:30:00,1.051
2013-05-27 04:00:00,1.13
2013-05-27 04:30:00,1.295
2013-05-27 05:00:00,1.114
2013-05-27 05:30:00,1.2130001
2013-05-27 06:00:00,1.437
2013-05-27 06:30:00,1.466
2013-05-27 07:00:00,1.048
2013-05-27 07:30:00,1.646
2013-05-27 08:00:00,0.96
2013-05-27 08:30:00,0.914
2013-05-27 09:00:00,1.007
2013-05-27 09:30:00,0.934
2013-05-27 10:00:00,1.794
2013-05-27 10:30:00,1.097
2013-05-27 11:00:00,0.729
2013-05-27 11:30:00,0.898
2013-05-27 12:00:00,1.75
2013-05-27 12:30:00,1.09
2013-05-27 13:00:00,2.194
2013-05-27 13:30:00,1.076
2013-05-27 14:00:00,0.753
2013-05-27 14:30:00,0.967
2013-05-27 15:00:00,0.859
2013-05-27 15:30:00,0.78
2013-05-27 16:00:00,0.774
2013-05-27 16:30:00,0.695
2013-05-27 17:00:00,0.723
2013-05-27 17:30:00,0.724
2013-05-27 18:00:00,0.646
2013-05-27 18:30:00,0.78
2013-05-27 19:00:00,1.413
2013-05-27 19:30:00,2.5699999
2013-05-27 20:00:00,0.958
2013-05-27 20:30:00,0.92
2013-05-27 21:00:00,0.82
2013-05-27 21:30:00,0.845
2013-05-27 22:00:00,0.833
2013-05-27 22:30:00,0.727
2013-05-27 23:00:00,0.82
2013-05-27 23:30:00,0.734
2013-05-28 00:00:00,0.848
2013-05-28 00:30:00,0.745
2013-05-28 01:00:00,0.856
2013-05-28 01:30:00,0.789
2013-05-28 02:00:00,0.922
2013-05-28 02:30:00,0.782
2013-05-28 03:00:00,0.939
2013-05-28 03:30:00,0.825
2013-05-28 04:00:00,0.932
2013-05-28 04:30:00,1.294
2013-05-28 05:00:00,1.0319999
2013-05-28 05:30:00,0.876
2013-05-28 06:00:00,0.956
2013-05-28 06:30:00,0.886
2013-05-28 07:00:00,0.924
2013-05-28 07:30:00,0.912
2013-05-28 08:00:00,1.005
2013-05-28 08:30:00,0.866
2013-05-28 09:00:00,0.89
2013-05-28 09:30:00,0.797
2013-05-28 10:00:00,0.864
2013-05-28 10:30:00,0.84
2013-05-28 11:00:00,0.815
2013-05-28 11:30:00,0.864
2013-05-28 12:00:00,0.892
2013-05-28 12:30:00,0.865
2013-05-28 13:00:00,1.476
2013-05-28 13:30:00,1.01
2013-05-28 14:00:00,0.75
2013-05-28 14:30:00,0.473
2013-05-28 15:00:00,0.566
2013-05-28 15:30:00,0.462
2013-05-28 16:00:00,0.596
2013-05-28 16:30:00,0.553
2013-05-28 17:00:00,0.65
2013-05-28 17:30:00,0.648
2013-05-28 18:00:00,1.051
2013-05-28 18:30:00,0.664
2013-05-28 19:00:00,0.947
2013-05-28 19:30:00,0.724
2013-05-28 20:00:00,0.723
2013-05-28 20:30:00,0.781
2013-05-28 21:00:00,0.628
2013-05-28 21:30:00,0.741
2013-05-28 22:00:00,0.731
2013-05-28 22:30:00,0.686
2013-05-28 23:00:00,0.686
2013-05-28 23:30:00,0.682
2013-05-29 00:00:00,0.647
2013-05-29 00:30:00,0.696
2013-05-29 01:00:00,0.634
2013-05-29 01:30:00,0.735
2013-05-29 02:00:00,0.639
2013-05-29 02:30:00,0.781
2013-05-29 03:00:00,0.661
2013-05-29 03:30:00,0.832
2013-05-29 04:00:00,0.837
2013-05-29 04:30:00,0.897
2013-05-29 05:00:00,0.788
2013-05-29 05:30:00,0.89
2013-05-29 06:00:00,0.764
2013-05-29 06:30:00,0.831
2013-05-29 07:00:00,0.676
2013-05-29 07:30:00,0.785
2013-05-29 08:00:00,0.715
2013-05-29 08:30:00,0.711
2013-05-29 09:00:00,0.604
2013-05-29 09:30:00,0.671
2013-05-29 10:00:00,0.579
2013-05-29 10:30:00,0.65
2013-05-29 11:00:00,0.625
2013-05-29 11:30:00,0.741
2013-05-29 12:00:00,0.749
2013-05-29 12:30:00,0.77
2013-05-29 13:00:00,0.911
2013-05-29 13:30:00,0.732
2013-05-29 14:00:00,0.689
2013-05-29 14:30:00,0.694
2013-05-29 15:00:00,0.606
2013-05-29 15:30:00,0.731
2013-05-29 16:00:00,0.7
2013-05-29 16:30:00,0.749
2013-05-29 17:00:00,0.726
2013-05-29 17:30:00,0.692
2013-05-29 18:00:00,0.665
2013-05-29 18:30:00,0.841
2013-05-29 19:00:00,1.791
2013-05-29 19:30:00,1.071
2013-05-29 20:00:00,0.811
2013-05-29 20:30:00,0.819
2013-05-29 21:00:00,0.692
2013-05-29 21:30:00,0.852
2013-05-29 22:00:00,0.765
2013-05-29 22:30:00,0.838
2013-05-29 23:00:00,0.696
2013-05-29 23:30:00,0.783
2013-05-30 00:00:00,0.656
2013-05-30 00:30:00,0.771
2013-05-30 01:00:00,0.671
2013-05-30 01:30:00,0.729
2013-05-30 02:00:00,0.687
2013-05-30 02:30:00,0.717
2013-05-30 03:00:00,0.701
2013-05-30 03:30:00,0.748
2013-05-30 04:00:00,0.737
2013-05-30 04:30:00,1.11
2013-05-30 05:00:00,0.772
2013-05-30 05:30:00,0.812
2013-05-30 06:00:00,0.662
2013-05-30 06:30:00,0.762
2013-05-30 07:00:00,0.74
2013-05-30 07:30:00,0.698
2013-05-30 08:00:00,0.671
2013-05-30 08:30:00,0.744
2013-05-30 09:00:00,0.688
2013-05-30 09:30:00,0.813
2013-05-30 10:00:00,0.739
2013-05-30 10:30:00,0.954
2013-05-30 11:00:00,1.153
2013-05-30 11:30:00,0.905
2013-05-30 12:00:00,0.667
2013-05-30 12:30:00,0.77
2013-05-30 13:00:00,0.65
2013-05-30 13:30:00,0.605
2013-05-30 14:00:00,0.674
2013-05-30 14:30:00,0.547
2013-05-30 15:00:00,0.689
2013-05-30 15:30:00,1.108
2013-05-30 16:00:00,0.907
2013-05-30 16:30:00,0.646
2013-05-30 17:00:00,0.708
2013-05-30 17:30:00,1.197
2013-05-30 18:00:00,1.727
2013-05-30 18:30:00,1.531
2013-05-30 19:00:00,1.143
2013-05-30 19:30:00,1.4069999
2013-05-30 20:00:00,0.795
2013-05-30 20:30:00,0.736
2013-05-30 21:00:00,0.695
2013-05-30 21:30:00,0.664
2013-05-30 22:00:00,0.665
2013-05-30 22:30:00,0.706
2013-05-30 23:00:00,0.588
2013-05-30 23:30:00,0.705
2013-05-31 00:00:00,0.628
2013-05-31 00:30:00,0.779
2013-05-31 01:00:00,0.673
2013-05-31 01:30:00,0.783
2013-05-31 02:00:00,0.66
2013-05-31 02:30:00,0.739
2013-05-31 03:00:00,0.62
2013-05-31 03:30:00,0.785
2013-05-31 04:00:00,0.62
2013-05-31 04:30:00,0.871
2013-05-31 05:00:00,0.721
2013-05-31 05:30:00,0.767
2013-05-31 06:00:00,0.957
2013-05-31 06:30:00,0.815
2013-05-31 07:00:00,0.753
2013-05-31 07:30:00,0.776
2013-05-31 08:00:00,0.593
2013-05-31 08:30:00,0.711
2013-05-31 09:00:00,0.632
2013-05-31 09:30:00,0.597
2013-05-31 10:00:00,0.637
2013-05-31 10:30:00,0.537
2013-05-31 11:00:00,0.51
2013-05-31 11:30:00,0.394
2013-05-31 12:00:00,0.381
2013-05-31 12:30:00,0.339
2013-05-31 13:00:00,0.446
2013-05-31 13:30:00,0.365
2013-05-31 14:00:00,0.404
2013-05-31 14:30:00,0.342
2013-05-31 15:00:00,0.418
2013-05-31 15:30:00,0.351
2013-05-31 16:00:00,0.418
2013-05-31 16:30:00,0.354
2013-05-31 17:00:00,0.389
2013-05-31 17:30:00,0.348
2013-05-31 18:00:00,0.951
2013-05-31 18:30:00,0.608
2013-05-31 19:00:00,0.642
2013-05-31 19:30:00,0.486
2013-05-31 20:00:00,0.563
2013-05-31 20:30:00,0.563
2013-05-31 21:00:00,0.589
2013-05-31 21:30:00,0.556
2013-05-31 22:00:00,0.555
2013-05-31 22:30:00,0.552
2013-05-31 23:00:00,0.522
2013-05-31 23:30:00,0.568
2013-06-01 00:00:00,0.535
2013-06-01 00:30:00,0.596
2013-06-01 01:00:00,0.564
2013-06-01 01:30:00,0.614
2013-06-01 02:00:00,0.66
2013-06-01 02:30:00,0.629
2013-06-01 03:00:00,0.648
2013-06-01 03:30:00,0.758
2013-06-01 04:00:00,0.58
2013-06-01 04:30:00,1.048
2013-06-01 05:00:00,0.729
2013-06-01 05:30:00,0.686
2013-06-01 06:00:00,0.614
2013-06-01 06:30:00,0.722
2013-06-01 07:00:00,0.617
2013-06-01 07:30:00,0.657
2013-06-01 08:00:00,0.654
2013-06-01 08:30:00,0.556
2013-06-01 09:00:00,0.856
2013-06-01 09:30:00,1.365
2013-06-01 10:00:00,1.3049999
2013-06-01 10:30:00,2.4860001
2013-06-01 11:00:00,0.655
2013-06-01 11:30:00,0.476
2013-06-01 12:00:00,1.3890001
2013-06-01 12:30:00,0.402
2013-06-01 13:00:00,0.473
2013-06-01 13:30:00,0.361
2013-06-01 14:00:00,0.417
2013-06-01 14:30:00,0.381
2013-06-01 15:00:00,0.461
2013-06-01 15:30:00,0.368
2013-06-01 16:00:00,0.478
2013-06-01 16:30:00,0.374
2013-06-01 17:00:00,0.408
2013-06-01 17:30:00,0.429
2013-06-01 18:00:00,0.437
2013-06-01 18:30:00,0.459
2013-06-01 19:00:00,0.507
2013-06-01 19:30:00,0.562
2013-06-01 20:00:00,0.504
2013-06-01 20:30:00,0.573
2013-06-01 21:00:00,0.691
2013-06-01 21:30:00,0.715
2013-06-01 22:00:00,0.641
2013-06-01 22:30:00,0.727
2013-06-01 23:00:00,0.527
2013-06-01 23:30:00,0.675
2013-06-02 00:00:00,0.562
2013-06-02 00:30:00,0.723
2013-06-02 01:00:00,0.598
2013-06-02 01:30:00,0.669
2013-06-02 02:00:00,0.67
2013-06-02 02:30:00,0.727
2013-06-02 03:00:00,0.562
2013-06-02 03:30:00,0.716
2013-06-02 04:00:00,0.724
2013-06-02 04:30:00,0.716
2013-06-02 05:00:00,0.798
2013-06-02 05:30:00,0.745
2013-06-02 06:00:00,0.67
2013-06-02 06:30:00,0.704
2013-06-02 07:00:00,0.675
2013-06-02 07:30:00,0.686
2013-06-02 08:00:00,0.651
2013-06-02 08:30:00,1.4299999
2013-06-02 09:00:00,0.849
2013-06-02 09:30:00,0.568
2013-06-02 10:00:00,0.748
2013-06-02 10:30:00,0.34
2013-06-02 11:00:00,0.328
2013-06-02 11:30:00,0.351
2013-06-02 12:00:00,0.335
2013-06-02 12:30:00,0.397
2013-06-02 13:00:00,0.331
2013-06-02 13:30:00,0.405
2013-06-02 14:00:00,0.32
2013-06-02 14:30:00,0.39
2013-06-02 15:00:00,0.327
2013-06-02 15:30:00,0.394
2013-06-02 16:00:00,0.352
2013-06-02 16:30:00,0.344
2013-06-02 17:00:00,0.447
2013-06-02 17:30:00,0.34
2013-06-02 18:00:00,0.478
2013-06-02 18:30:00,0.377
2013-06-02 19:00:00,0.516
2013-06-02 19:30:00,0.48
2013-06-02 20:00:00,0.543
2013-06-02 20:30:00,0.585
2013-06-02 21:00:00,0.668
2013-06-02 21:30:00,0.631
2013-06-02 22:00:00,0.61
2013-06-02 22:30:00,0.573
2013-06-02 23:00:00,0.586
2013-06-02 23:30:00,0.587
2013-06-03 00:00:00,0.568
2013-06-03 00:30:00,0.655
2013-06-03 01:00:00,0.572
2013-06-03 01:30:00,0.736
2013-06-03 02:00:00,0.599
2013-06-03 02:30:00,0.704
2013-06-03 03:00:00,0.649
2013-06-03 03:30:00,0.736
2013-06-03 04:00:00,0.582
2013-06-03 04:30:00,1.054
2013-06-03 05:00:00,0.677
2013-06-03 05:30:00,0.7
2013-06-03 06:00:00,0.63
2013-06-03 06:30:00,0.671
2013-06-03 07:00:00,0.598
2013-06-03 07:30:00,0.614
2013-06-03 08:00:00,0.612
2013-06-03 08:30:00,0.634
2013-06-03 09:00:00,0.542
2013-06-03 09:30:00,0.596
2013-06-03 10:00:00,0.66
2013-06-03 10:30:00,0.846
2013-06-03 11:00:00,0.777
2013-06-03 11:30:00,0.39
2013-06-03 12:00:00,0.479
2013-06-03 12:30:00,0.374
2013-06-03 13:00:00,0.331
2013-06-03 13:30:00,0.382
2013-06-03 14:00:00,0.396
2013-06-03 14:30:00,0.604
2013-06-03 15:00:00,0.547
2013-06-03 15:30:00,0.398
2013-06-03 16:00:00,0.403
2013-06-03 16:30:00,0.489
2013-06-03 17:00:00,0.43
2013-06-03 17:30:00,0.38
2013-06-03 18:00:00,0.347
2013-06-03 18:30:00,0.396
2013-06-03 19:00:00,0.419
2013-06-03 19:30:00,0.896
2013-06-03 20:00:00,0.581
2013-06-03 20:30:00,0.501
2013-06-03 21:00:00,0.567
2013-06-03 21:30:00,0.499
2013-06-03 22:00:00,0.557
2013-06-03 22:30:00,0.526
2013-06-03 23:00:00,0.486
2013-06-03 23:30:00,0.582
2013-06-04 00:00:00,0.575
2013-06-04 00:30:00,0.627
2013-06-04 01:00:00,0.613
2013-06-04 01:30:00,0.65
2013-06-04 02:00:00,0.627
2013-06-04 02:30:00,0.638
2013-06-04 03:00:00,0.625
2013-06-04 03:30:00,0.685
2013-06-04 04:00:00,0.591
2013-06-04 04:30:00,1.168
2013-06-04 05:00:00,0.657
2013-06-04 05:30:00,0.822
2013-06-04 06:00:00,0.723
2013-06-04 06:30:00,0.769
2013-06-04 07:00:00,0.652
2013-06-04 07:30:00,0.681
2013-06-04 08:00:00,0.591
2013-06-04 08:30:00,0.598
2013-06-04 09:00:00,0.52
2013-06-04 09:30:00,0.566
2013-06-04 10:00:00,0.483
2013-06-04 10:30:00,0.401
2013-06-04 11:00:00,0.36
2013-06-04 11:30:00,0.378
2013-06-04 12:00:00,0.334
2013-06-04 12:30:00,0.889
2013-06-04 13:00:00,0.863
2013-06-04 13:30:00,0.813
2013-06-04 14:00:00,0.453
2013-06-04 14:30:00,0.354
2013-06-04 15:00:00,0.342
2013-06-04 15:30:00,0.343
2013-06-04 16:00:00,0.303
2013-06-04 16:30:00,0.357
2013-06-04 17:00:00,0.312
2013-06-04 17:30:00,0.39
2013-06-04 18:00:00,1.145
2013-06-04 18:30:00,0.511
2013-06-04 19:00:00,0.578
2013-06-04 19:30:00,0.541
2013-06-04 20:00:00,0.734
2013-06-04 20:30:00,0.442
2013-06-04 21:00:00,0.424
2013-06-04 21:30:00,0.429
2013-06-04 22:00:00,0.501
2013-06-04 22:30:00,0.464
2013-06-04 23:00:00,0.488
2013-06-04 23:30:00,0.515
2013-06-05 00:00:00,0.549
2013-06-05 00:30:00,0.561
2013-06-05 01:00:00,0.609
2013-06-05 01:30:00,0.528
2013-06-05 02:00:00,0.596
2013-06-05 02:30:00,0.557
2013-06-05 03:00:00,0.605
2013-06-05 03:30:00,0.643
2013-06-05 04:00:00,0.55
2013-06-05 04:30:00,0.857
2013-06-05 05:00:00,0.707
2013-06-05 05:30:00,0.768
2013-06-05 06:00:00,0.723
2013-06-05 06:30:00,0.763
2013-06-05 07:00:00,0.618
2013-06-05 07:30:00,0.597
2013-06-05 08:00:00,0.539
2013-06-05 08:30:00,0.525
2013-06-05 09:00:00,0.519
2013-06-05 09:30:00,0.496
2013-06-05 10:00:00,0.557
2013-06-05 10:30:00,0.404
2013-06-05 11:00:00,0.34
2013-06-05 11:30:00,0.403
2013-06-05 12:00:00,0.359
2013-06-05 12:30:00,0.325
2013-06-05 13:00:00,0.34
2013-06-05 13:30:00,0.407
2013-06-05 14:00:00,0.294
2013-06-05 14:30:00,0.32
2013-06-05 15:00:00,0.352
2013-06-05 15:30:00,0.319
2013-06-05 16:00:00,0.407
2013-06-05 16:30:00,0.441
2013-06-05 17:00:00,0.429
2013-06-05 17:30:00,1.061
2013-06-05 18:00:00,0.46
2013-06-05 18:30:00,0.464
2013-06-05 19:00:00,1.8940001
2013-06-05 19:30:00,1.527
2013-06-05 20:00:00,0.484
2013-06-05 20:30:00,0.467
2013-06-05 21:00:00,0.913
2013-06-05 21:30:00,1.112
2013-06-05 22:00:00,0.974
2013-06-05 22:30:00,1.1900001
2013-06-05 23:00:00,0.565
2013-06-05 23:30:00,0.46
2013-06-06 00:00:00,0.531
2013-06-06 00:30:00,0.503
2013-06-06 01:00:00,0.537
2013-06-06 01:30:00,0.508
2013-06-06 02:00:00,0.568
2013-06-06 02:30:00,0.633
2013-06-06 03:00:00,0.587
2013-06-06 03:30:00,0.665
2013-06-06 04:00:00,0.601
2013-06-06 04:30:00,0.936
2013-06-06 05:00:00,0.66
2013-06-06 05:30:00,0.691
2013-06-06 06:00:00,0.594
2013-06-06 06:30:00,0.706
2013-06-06 07:00:00,0.699
2013-06-06 07:30:00,0.78
2013-06-06 08:00:00,0.612
2013-06-06 08:30:00,0.676
2013-06-06 09:00:00,0.705
2013-06-06 09:30:00,0.627
2013-06-06 10:00:00,0.732
2013-06-06 10:30:00,0.468
2013-06-06 11:00:00,1.0039999
2013-06-06 11:30:00,0.505
2013-06-06 12:00:00,0.436
2013-06-06 12:30:00,0.317
2013-06-06 13:00:00,0.487
2013-06-06 13:30:00,0.406
2013-06-06 14:00:00,0.319
2013-06-06 14:30:00,0.398
2013-06-06 15:00:00,0.383
2013-06-06 15:30:00,0.359
2013-06-06 16:00:00,0.376
2013-06-06 16:30:00,0.332
2013-06-06 17:00:00,0.333
2013-06-06 17:30:00,0.309
2013-06-06 18:00:00,0.827
2013-06-06 18:30:00,1.152
2013-06-06 19:00:00,1.591
2013-06-06 19:30:00,1.5319999
2013-06-06 20:00:00,2.3180001
2013-06-06 20:30:00,1.289
2013-06-06 21:00:00,1.0700001
2013-06-06 21:30:00,0.439
2013-06-06 22:00:00,0.48
2013-06-06 22:30:00,0.399
2013-06-06 23:00:00,0.542
2013-06-06 23:30:00,0.421
2013-06-07 00:00:00,0.461
2013-06-07 00:30:00,0.46
2013-06-07 01:00:00,0.467
2013-06-07 01:30:00,0.518
2013-06-07 02:00:00,0.578
2013-06-07 02:30:00,0.555
2013-06-07 03:00:00,0.605
2013-06-07 03:30:00,0.604
2013-06-07 04:00:00,0.586
2013-06-07 04:30:00,0.926
2013-06-07 05:00:00,0.599
2013-06-07 05:30:00,0.654
2013-06-07 06:00:00,0.622
2013-06-07 06:30:00,0.609
2013-06-07 07:00:00,0.625
2013-06-07 07:30:00,0.651
2013-06-07 08:00:00,0.572
2013-06-07 08:30:00,0.613
2013-06-07 09:00:00,0.501
2013-06-07 09:30:00,0.494
2013-06-07 10:00:00,0.436
2013-06-07 10:30:00,0.405
2013-06-07 11:00:00,0.308
2013-06-07 11:30:00,0.359
2013-06-07 12:00:00,0.316
2013-06-07 12:30:00,0.352
2013-06-07 13:00:00,0.621
2013-06-07 13:30:00,0.429
2013-06-07 14:00:00,0.41
2013-06-07 14:30:00,0.341
2013-06-07 15:00:00,0.431
2013-06-07 15:30:00,0.385
2013-06-07 16:00:00,0.382
2013-06-07 16:30:00,0.376
2013-06-07 17:00:00,0.484
2013-06-07 17:30:00,0.433
2013-06-07 18:00:00,0.592
2013-06-07 18:30:00,0.713
2013-06-07 19:00:00,0.954
2013-06-07 19:30:00,1.23
2013-06-07 20:00:00,1.524
2013-06-07 20:30:00,0.937
2013-06-07 21:00:00,0.641
2013-06-07 21:30:00,0.663
2013-06-07 22:00:00,0.653
2013-06-07 22:30:00,0.665
2013-06-07 23:00:00,0.651
2013-06-07 23:30:00,0.825
2013-06-08 00:00:00,0.902
2013-06-08 00:30:00,0.711
2013-06-08 01:00:00,0.602
2013-06-08 01:30:00,0.635
2013-06-08 02:00:00,0.626
2013-06-08 02:30:00,0.626
2013-06-08 03:00:00,0.681
2013-06-08 03:30:00,0.735
2013-06-08 04:00:00,0.632
2013-06-08 04:30:00,0.961
2013-06-08 05:00:00,0.691
2013-06-08 05:30:00,0.741
2013-06-08 06:00:00,0.703
2013-06-08 06:30:00,0.739
2013-06-08 07:00:00,0.645
2013-06-08 07:30:00,0.762
2013-06-08 08:00:00,0.749
2013-06-08 08:30:00,1.868
2013-06-08 09:00:00,0.845
2013-06-08 09:30:00,1.201
2013-06-08 10:00:00,0.685
2013-06-08 10:30:00,0.462
2013-06-08 11:00:00,0.599
2013-06-08 11:30:00,0.438
2013-06-08 12:00:00,0.51
2013-06-08 12:30:00,0.651
2013-06-08 13:00:00,0.738
2013-06-08 13:30:00,0.827
2013-06-08 14:00:00,0.534
2013-06-08 14:30:00,0.629
2013-06-08 15:00:00,0.46
2013-06-08 15:30:00,0.453
2013-06-08 16:00:00,0.446
2013-06-08 16:30:00,0.468
2013-06-08 17:00:00,0.387
2013-06-08 17:30:00,0.542
2013-06-08 18:00:00,0.573
2013-06-08 18:30:00,0.559
2013-06-08 19:00:00,0.654
2013-06-08 19:30:00,1.0779999
2013-06-08 20:00:00,2.471
2013-06-08 20:30:00,0.978
2013-06-08 21:00:00,0.724
2013-06-08 21:30:00,0.682
2013-06-08 22:00:00,0.804
2013-06-08 22:30:00,0.819
2013-06-08 23:00:00,0.869
2013-06-08 23:30:00,0.576
2013-06-09 00:00:00,0.604
2013-06-09 00:30:00,0.593
2013-06-09 01:00:00,0.605
2013-06-09 01:30:00,0.576
2013-06-09 02:00:00,0.629
2013-06-09 02:30:00,0.598
2013-06-09 03:00:00,0.611
2013-06-09 03:30:00,0.647
2013-06-09 04:00:00,0.648
2013-06-09 04:30:00,0.692
2013-06-09 05:00:00,0.779
2013-06-09 05:30:00,0.95
2013-06-09 06:00:00,0.674
2013-06-09 06:30:00,0.69
2013-06-09 07:00:00,0.628
2013-06-09 07:30:00,0.773
2013-06-09 08:00:00,1.0470001
2013-06-09 08:30:00,0.857
2013-06-09 09:00:00,0.773
2013-06-09 09:30:00,0.769
2013-06-09 10:00:00,1.197
2013-06-09 10:30:00,0.783
2013-06-09 11:00:00,0.883
2013-06-09 11:30:00,0.943
2013-06-09 12:00:00,0.806
2013-06-09 12:30:00,0.532
2013-06-09 13:00:00,0.549
2013-06-09 13:30:00,0.392
2013-06-09 14:00:00,0.532
2013-06-09 14:30:00,0.43
2013-06-09 15:00:00,0.472
2013-06-09 15:30:00,0.465
2013-06-09 16:00:00,0.512
2013-06-09 16:30:00,0.539
2013-06-09 17:00:00,0.53
2013-06-09 17:30:00,0.506
2013-06-09 18:00:00,0.63
2013-06-09 18:30:00,0.808
2013-06-09 19:00:00,0.84
2013-06-09 19:30:00,0.905
2013-06-09 20:00:00,1.2869999
2013-06-09 20:30:00,1.54
2013-06-09 21:00:00,1.067
2013-06-09 21:30:00,1.74
2013-06-09 22:00:00,1.301
2013-06-09 22:30:00,1.317
2013-06-09 23:00:00,1.021
2013-06-09 23:30:00,0.934
2013-06-10 00:00:00,0.729
2013-06-10 00:30:00,0.739
2013-06-10 01:00:00,0.638
2013-06-10 01:30:00,0.667
2013-06-10 02:00:00,0.651
2013-06-10 02:30:00,0.66
2013-06-10 03:00:00,0.654
2013-06-10 03:30:00,0.681
2013-06-10 04:00:00,0.756
2013-06-10 04:30:00,0.793
2013-06-10 05:00:00,0.674
2013-06-10 05:30:00,0.83
2013-06-10 06:00:00,0.689
2013-06-10 06:30:00,0.862
2013-06-10 07:00:00,0.667
2013-06-10 07:30:00,0.844
2013-06-10 08:00:00,0.75
2013-06-10 08:30:00,0.958
2013-06-10 09:00:00,1.277
2013-06-10 09:30:00,1.788
2013-06-10 10:00:00,0.939
2013-06-10 10:30:00,1.281
2013-06-10 11:00:00,2.2550001
2013-06-10 11:30:00,1.503
2013-06-10 12:00:00,0.749
2013-06-10 12:30:00,0.644
2013-06-10 13:00:00,0.733
2013-06-10 13:30:00,0.575
2013-06-10 14:00:00,0.693
2013-06-10 14:30:00,0.515
2013-06-10 15:00:00,0.567
2013-06-10 15:30:00,0.461
2013-06-10 16:00:00,0.502
2013-06-10 16:30:00,0.506
2013-06-10 17:00:00,0.54
2013-06-10 17:30:00,0.594
2013-06-10 18:00:00,0.629
2013-06-10 18:30:00,0.843
2013-06-10 19:00:00,1.28
2013-06-10 19:30:00,3.0669999
2013-06-10 20:00:00,1.345
2013-06-10 20:30:00,2.003
2013-06-10 21:00:00,1.011
2013-06-10 21:30:00,0.661
2013-06-10 22:00:00,0.641
2013-06-10 22:30:00,0.685
2013-06-10 23:00:00,0.648
2013-06-10 23:30:00,0.59
2013-06-11 00:00:00,0.621
2013-06-11 00:30:00,0.588
2013-06-11 01:00:00,0.627
2013-06-11 01:30:00,0.622
2013-06-11 02:00:00,0.595
2013-06-11 02:30:00,0.63
2013-06-11 03:00:00,0.612
2013-06-11 03:30:00,0.625
2013-06-11 04:00:00,0.8
2013-06-11 04:30:00,0.764
2013-06-11 05:00:00,0.673
2013-06-11 05:30:00,0.737
2013-06-11 06:00:00,0.687
2013-06-11 06:30:00,0.763
2013-06-11 07:00:00,0.677
2013-06-11 07:30:00,0.643
2013-06-11 08:00:00,0.552
2013-06-11 08:30:00,0.624
2013-06-11 09:00:00,0.561
2013-06-11 09:30:00,0.55
2013-06-11 10:00:00,0.541
2013-06-11 10:30:00,0.546
2013-06-11 11:00:00,0.574
2013-06-11 11:30:00,0.497
2013-06-11 12:00:00,0.571
2013-06-11 12:30:00,0.503
2013-06-11 13:00:00,0.556
2013-06-11 13:30:00,0.597
2013-06-11 14:00:00,0.518
2013-06-11 14:30:00,0.547
2013-06-11 15:00:00,0.604
2013-06-11 15:30:00,0.498
2013-06-11 16:00:00,0.567
2013-06-11 16:30:00,0.588
2013-06-11 17:00:00,0.621
2013-06-11 17:30:00,0.692
2013-06-11 18:00:00,0.976
2013-06-11 18:30:00,0.956
2013-06-11 19:00:00,0.633
2013-06-11 19:30:00,0.578
2013-06-11 20:00:00,0.54
2013-06-11 20:30:00,0.613
2013-06-11 21:00:00,0.647
2013-06-11 21:30:00,0.59
2013-06-11 22:00:00,0.649
2013-06-11 22:30:00,0.612
2013-06-11 23:00:00,0.618
2013-06-11 23:30:00,0.591
2013-06-12 00:00:00,0.574
2013-06-12 00:30:00,0.581
2013-06-12 01:00:00,0.55
2013-06-12 01:30:00,0.595
2013-06-12 02:00:00,0.577
2013-06-12 02:30:00,0.585
2013-06-12 03:00:00,0.608
2013-06-12 03:30:00,0.617
2013-06-12 04:00:00,0.786
2013-06-12 04:30:00,0.823
2013-06-12 05:00:00,0.616
2013-06-12 05:30:00,0.642
2013-06-12 06:00:00,0.613
2013-06-12 06:30:00,0.618
2013-06-12 07:00:00,0.526
2013-06-12 07:30:00,0.641
2013-06-12 08:00:00,0.516
2013-06-12 08:30:00,0.619
2013-06-12 09:00:00,0.507
2013-06-12 09:30:00,0.602
2013-06-12 10:00:00,0.502
2013-06-12 10:30:00,0.514
2013-06-12 11:00:00,0.512
2013-06-12 11:30:00,0.412
2013-06-12 12:00:00,0.525
2013-06-12 12:30:00,0.641
2013-06-12 13:00:00,0.775
2013-06-12 13:30:00,0.56
2013-06-12 14:00:00,0.553
2013-06-12 14:30:00,0.547
2013-06-12 15:00:00,0.515
2013-06-12 15:30:00,0.482
2013-06-12 16:00:00,0.59
2013-06-12 16:30:00,0.508
2013-06-12 17:00:00,0.568
2013-06-12 17:30:00,0.49
2013-06-12 18:00:00,0.632
2013-06-12 18:30:00,1.192
2013-06-12 19:00:00,0.663
2013-06-12 19:30:00,0.672
2013-06-12 20:00:00,0.585
2013-06-12 20:30:00,0.609
2013-06-12 21:00:00,0.614
2013-06-12 21:30:00,0.724
2013-06-12 22:00:00,0.683
2013-06-12 22:30:00,0.611
2013-06-12 23:00:00,0.653
2013-06-12 23:30:00,0.569
2013-06-13 00:00:00,0.627
2013-06-13 00:30:00,0.619
2013-06-13 01:00:00,0.617
2013-06-13 01:30:00,0.605
2013-06-13 02:00:00,0.583
2013-06-13 02:30:00,0.599
2013-06-13 03:00:00,0.6
2013-06-13 03:30:00,0.591
2013-06-13 04:00:00,0.811
2013-06-13 04:30:00,0.715
2013-06-13 05:00:00,0.591
2013-06-13 05:30:00,0.707
2013-06-13 06:00:00,0.638
2013-06-13 06:30:00,0.654
2013-06-13 07:00:00,0.779
2013-06-13 07:30:00,0.863
2013-06-13 08:00:00,0.624
2013-06-13 08:30:00,0.967
2013-06-13 09:00:00,0.611
2013-06-13 09:30:00,2.1129999
2013-06-13 10:00:00,0.639
2013-06-13 10:30:00,0.654
2013-06-13 11:00:00,0.819
2013-06-13 11:30:00,1.429
2013-06-13 12:00:00,2.1099999
2013-06-13 12:30:00,0.842
2013-06-13 13:00:00,1.114
2013-06-13 13:30:00,0.543
2013-06-13 14:00:00,0.565
2013-06-13 14:30:00,0.693
2013-06-13 15:00:00,0.566
2013-06-13 15:30:00,0.511
2013-06-13 16:00:00,0.481
2013-06-13 16:30:00,0.537
2013-06-13 17:00:00,1.406
2013-06-13 17:30:00,1.266
2013-06-13 18:00:00,0.871
2013-06-13 18:30:00,0.934
2013-06-13 19:00:00,0.551
2013-06-13 19:30:00,0.587
2013-06-13 20:00:00,0.551
2013-06-13 20:30:00,0.555
2013-06-13 21:00:00,0.563
2013-06-13 21:30:00,0.607
2013-06-13 22:00:00,0.564
2013-06-13 22:30:00,0.653
2013-06-13 23:00:00,0.623
2013-06-13 23:30:00,0.64
2013-06-14 00:00:00,0.597
2013-06-14 00:30:00,0.617
2013-06-14 01:00:00,0.621
2013-06-14 01:30:00,0.625
2013-06-14 02:00:00,0.625
2013-06-14 02:30:00,0.632
2013-06-14 03:00:00,0.61
2013-06-14 03:30:00,0.698
2013-06-14 04:00:00,0.812
2013-06-14 04:30:00,0.853
2013-06-14 05:00:00,0.644
2013-06-14 05:30:00,0.829
2013-06-14 06:00:00,0.837
2013-06-14 06:30:00,1.0140001
2013-06-14 07:00:00,0.65
2013-06-14 07:30:00,0.649
2013-06-14 08:00:00,0.54
2013-06-14 08:30:00,0.66
2013-06-14 09:00:00,0.524
2013-06-14 09:30:00,0.617
2013-06-14 10:00:00,0.634
2013-06-14 10:30:00,0.515
2013-06-14 11:00:00,0.462
2013-06-14 11:30:00,0.367
2013-06-14 12:00:00,0.31
2013-06-14 12:30:00,0.372
2013-06-14 13:00:00,0.299
2013-06-14 13:30:00,0.361
2013-06-14 14:00:00,0.354
2013-06-14 14:30:00,0.407
2013-06-14 15:00:00,0.42
2013-06-14 15:30:00,0.415
2013-06-14 16:00:00,0.436
2013-06-14 16:30:00,0.453
2013-06-14 17:00:00,0.661
2013-06-14 17:30:00,0.465
2013-06-14 18:00:00,0.487
2013-06-14 18:30:00,1.404
2013-06-14 19:00:00,1.355
2013-06-14 19:30:00,0.939
2013-06-14 20:00:00,0.71
2013-06-14 20:30:00,0.608
2013-06-14 21:00:00,0.552
2013-06-14 21:30:00,0.699
2013-06-14 22:00:00,0.538
2013-06-14 22:30:00,0.607
2013-06-14 23:00:00,0.571
2013-06-14 23:30:00,0.644
2013-06-15 00:00:00,0.579
2013-06-15 00:30:00,0.663
2013-06-15 01:00:00,0.557
2013-06-15 01:30:00,0.676
2013-06-15 02:00:00,0.541
2013-06-15 02:30:00,0.663
2013-06-15 03:00:00,0.538
2013-06-15 03:30:00,0.656
2013-06-15 04:00:00,0.57
2013-06-15 04:30:00,0.669
2013-06-15 05:00:00,1.056
2013-06-15 05:30:00,0.688
2013-06-15 06:00:00,0.622
2013-06-15 06:30:00,0.703
2013-06-15 07:00:00,0.624
2013-06-15 07:30:00,0.885
2013-06-15 08:00:00,0.677
2013-06-15 08:30:00,0.668
2013-06-15 09:00:00,0.586
2013-06-15 09:30:00,0.539
2013-06-15 10:00:00,0.589
2013-06-15 10:30:00,0.447
2013-06-15 11:00:00,0.438
2013-06-15 11:30:00,0.338
2013-06-15 12:00:00,0.372
2013-06-15 12:30:00,0.369
2013-06-15 13:00:00,0.286
2013-06-15 13:30:00,0.38
2013-06-15 14:00:00,0.38
2013-06-15 14:30:00,0.445
2013-06-15 15:00:00,0.433
2013-06-15 15:30:00,0.482
2013-06-15 16:00:00,0.537
2013-06-15 16:30:00,0.47
2013-06-15 17:00:00,0.557
2013-06-15 17:30:00,0.529
2013-06-15 18:00:00,0.565
2013-06-15 18:30:00,0.542
2013-06-15 19:00:00,0.514
2013-06-15 19:30:00,0.6
2013-06-15 20:00:00,0.55
2013-06-15 20:30:00,0.624
2013-06-15 21:00:00,0.611
2013-06-15 21:30:00,1.511
2013-06-15 22:00:00,1.594
2013-06-15 22:30:00,0.747
2013-06-15 23:00:00,0.682
2013-06-15 23:30:00,0.723
2013-06-16 00:00:00,0.653
2013-06-16 00:30:00,0.71
2013-06-16 01:00:00,0.617
2013-06-16 01:30:00,0.691
2013-06-16 02:00:00,0.608
2013-06-16 02:30:00,0.663
2013-06-16 03:00:00,0.645
2013-06-16 03:30:00,0.663
2013-06-16 04:00:00,0.645
2013-06-16 04:30:00,0.824
2013-06-16 05:00:00,1.094
2013-06-16 05:30:00,0.733
2013-06-16 06:00:00,0.677
2013-06-16 06:30:00,0.784
2013-06-16 07:00:00,0.669
2013-06-16 07:30:00,0.717
2013-06-16 08:00:00,0.612
2013-06-16 08:30:00,0.625
2013-06-16 09:00:00,1.688
2013-06-16 09:30:00,0.843
2013-06-16 10:00:00,0.611
2013-06-16 10:30:00,0.461
2013-06-16 11:00:00,0.507
2013-06-16 11:30:00,0.459
2013-06-16 12:00:00,0.494
2013-06-16 12:30:00,0.39
2013-06-16 13:00:00,0.561
2013-06-16 13:30:00,0.456
2013-06-16 14:00:00,0.52
2013-06-16 14:30:00,0.452
2013-06-16 15:00:00,0.507
2013-06-16 15:30:00,0.378
2013-06-16 16:00:00,0.504
2013-06-16 16:30:00,0.464
2013-06-16 17:00:00,0.495
2013-06-16 17:30:00,0.511
2013-06-16 18:00:00,0.546
2013-06-16 18:30:00,0.511
2013-06-16 19:00:00,0.588
2013-06-16 19:30:00,0.56
2013-06-16 20:00:00,0.663
2013-06-16 20:30:00,0.533
2013-06-16 21:00:00,0.565
2013-06-16 21:30:00,0.699
2013-06-16 22:00:00,0.716
2013-06-16 22:30:00,0.598
2013-06-16 23:00:00,0.575
2013-06-16 23:30:00,0.67
2013-06-17 00:00:00,0.611
2013-06-17 00:30:00,0.63
2013-06-17 01:00:00,0.653
2013-06-17 01:30:00,0.655
2013-06-17 02:00:00,0.599
2013-06-17 02:30:00,0.657
2013-06-17 03:00:00,0.568
2013-06-17 03:30:00,0.65
2013-06-17 04:00:00,0.757
2013-06-17 04:30:00,0.687
2013-06-17 05:00:00,0.641
2013-06-17 05:30:00,0.728
2013-06-17 06:00:00,0.589
2013-06-17 06:30:00,0.71
2013-06-17 07:00:00,0.677
2013-06-17 07:30:00,0.785
2013-06-17 08:00:00,0.643
2013-06-17 08:30:00,0.554
2013-06-17 09:00:00,0.575
2013-06-17 09:30:00,0.991
2013-06-17 10:00:00,0.693
2013-06-17 10:30:00,1.3329999
2013-06-17 11:00:00,1.804
2013-06-17 11:30:00,1.235
2013-06-17 12:00:00,0.831
2013-06-17 12:30:00,0.429
2013-06-17 13:00:00,0.38
2013-06-17 13:30:00,0.351
2013-06-17 14:00:00,0.37
2013-06-17 14:30:00,0.357
2013-06-17 15:00:00,0.356
2013-06-17 15:30:00,0.768
2013-06-17 16:00:00,0.431
2013-06-17 16:30:00,0.431
2013-06-17 17:00:00,2.109
2013-06-17 17:30:00,1.692
2013-06-17 18:00:00,0.863
2013-06-17 18:30:00,0.46
2013-06-17 19:00:00,0.794
2013-06-17 19:30:00,0.508
2013-06-17 20:00:00,0.55
2013-06-17 20:30:00,0.514
2013-06-17 21:00:00,1.244
2013-06-17 21:30:00,0.53
2013-06-17 22:00:00,0.487
2013-06-17 22:30:00,0.503
2013-06-17 23:00:00,0.496
2013-06-17 23:30:00,0.564
2013-06-18 00:00:00,0.547
2013-06-18 00:30:00,0.549
2013-06-18 01:00:00,0.541
2013-06-18 01:30:00,0.568
2013-06-18 02:00:00,0.539
2013-06-18 02:30:00,0.54
2013-06-18 03:00:00,0.535
2013-06-18 03:30:00,0.563
2013-06-18 04:00:00,0.561
2013-06-18 04:30:00,0.681
2013-06-18 05:00:00,0.818
2013-06-18 05:30:00,0.694
2013-06-18 06:00:00,0.562
2013-06-18 06:30:00,1.4400001
2013-06-18 07:00:00,1.0
2013-06-18 07:30:00,1.048
2013-06-18 08:00:00,1.022
2013-06-18 08:30:00,0.514
2013-06-18 09:00:00,0.501
2013-06-18 09:30:00,0.444
2013-06-18 10:00:00,0.349
2013-06-18 10:30:00,0.344
2013-06-18 11:00:00,0.352
2013-06-18 11:30:00,0.301
2013-06-18 12:00:00,0.471
2013-06-18 12:30:00,0.386
2013-06-18 13:00:00,0.47
2013-06-18 13:30:00,0.391
2013-06-18 14:00:00,1.274
2013-06-18 14:30:00,0.551
2013-06-18 15:00:00,0.501
2013-06-18 15:30:00,0.409
2013-06-18 16:00:00,0.535
2013-06-18 16:30:00,0.386
2013-06-18 17:00:00,0.441
2013-06-18 17:30:00,0.368
2013-06-18 18:00:00,0.43
2013-06-18 18:30:00,0.38
2013-06-18 19:00:00,0.443
2013-06-18 19:30:00,0.731
2013-06-18 20:00:00,0.873
2013-06-18 20:30:00,0.5
2013-06-18 21:00:00,0.738
2013-06-18 21:30:00,1.679
2013-06-18 22:00:00,0.517
2013-06-18 22:30:00,0.476
2013-06-18 23:00:00,0.47
2013-06-18 23:30:00,0.423
2013-06-19 00:00:00,0.489
2013-06-19 00:30:00,0.51
2013-06-19 01:00:00,0.488
2013-06-19 01:30:00,0.546
2013-06-19 02:00:00,0.484
2013-06-19 02:30:00,0.525
2013-06-19 03:00:00,0.507
2013-06-19 03:30:00,0.525
2013-06-19 04:00:00,0.625
2013-06-19 04:30:00,0.532
2013-06-19 05:00:00,0.52
2013-06-19 05:30:00,0.544
2013-06-19 06:00:00,0.665
2013-06-19 06:30:00,0.774
2013-06-19 07:00:00,0.574
2013-06-19 07:30:00,0.496
2013-06-19 08:00:00,0.481
2013-06-19 08:30:00,0.453
2013-06-19 09:00:00,0.355
2013-06-19 09:30:00,0.377
2013-06-19 10:00:00,0.317
2013-06-19 10:30:00,0.345
2013-06-19 11:00:00,0.296
2013-06-19 11:30:00,0.35
2013-06-19 12:00:00,0.377
2013-06-19 12:30:00,0.361
2013-06-19 13:00:00,0.464
2013-06-19 13:30:00,0.42
2013-06-19 14:00:00,0.372
2013-06-19 14:30:00,0.266
2013-06-19 15:00:00,0.34
2013-06-19 15:30:00,0.301
2013-06-19 16:00:00,0.378
2013-06-19 16:30:00,0.305
2013-06-19 17:00:00,0.996
2013-06-19 17:30:00,1.138
2013-06-19 18:00:00,0.906
2013-06-19 18:30:00,0.533
2013-06-19 19:00:00,0.395
2013-06-19 19:30:00,1.354
2013-06-19 20:00:00,0.916
2013-06-19 20:30:00,0.426
2013-06-19 21:00:00,0.35
2013-06-19 21:30:00,0.333
2013-06-19 22:00:00,0.364
2013-06-19 22:30:00,0.349
2013-06-19 23:00:00,0.37
2013-06-19 23:30:00,0.369
2013-06-20 00:00:00,0.344
2013-06-20 00:30:00,0.409
2013-06-20 01:00:00,0.355
2013-06-20 01:30:00,0.372
2013-06-20 02:00:00,0.33
2013-06-20 02:30:00,0.365
2013-06-20 03:00:00,0.406
2013-06-20 03:30:00,0.383
2013-06-20 04:00:00,0.784
2013-06-20 04:30:00,0.532
2013-06-20 05:00:00,0.503
2013-06-20 05:30:00,0.395
2013-06-20 06:00:00,0.478
2013-06-20 06:30:00,0.459
2013-06-20 07:00:00,0.411
2013-06-20 07:30:00,0.354
2013-06-20 08:00:00,0.697
2013-06-20 08:30:00,1.202
2013-06-20 09:00:00,1.574
2013-06-20 09:30:00,1.548
2013-06-20 10:00:00,1.0650001
2013-06-20 10:30:00,1.007
2013-06-20 11:00:00,0.447
2013-06-20 11:30:00,0.416
2013-06-20 12:00:00,0.301
2013-06-20 12:30:00,0.327
2013-06-20 13:00:00,0.353
2013-06-20 13:30:00,0.342
2013-06-20 14:00:00,0.392
2013-06-20 14:30:00,0.367
2013-06-20 15:00:00,0.369
2013-06-20 15:30:00,0.357
2013-06-20 16:00:00,0.338
2013-06-20 16:30:00,0.38
2013-06-20 17:00:00,0.325
2013-06-20 17:30:00,0.313
2013-06-20 18:00:00,0.836
2013-06-20 18:30:00,0.692
2013-06-20 19:00:00,0.615
2013-06-20 19:30:00,0.477
2013-06-20 20:00:00,0.439
2013-06-20 20:30:00,0.53
2013-06-20 21:00:00,0.586
2013-06-20 21:30:00,0.444
2013-06-20 22:00:00,0.478
2013-06-20 22:30:00,0.431
2013-06-20 23:00:00,0.476
2013-06-20 23:30:00,0.405
2013-06-21 00:00:00,0.466
2013-06-21 00:30:00,0.244
2013-06-21 01:00:00,0.216
2013-06-21 01:30:00,0.23
2013-06-21 02:00:00,0.218
2013-06-21 02:30:00,0.258
2013-06-21 03:00:00,0.218
2013-06-21 03:30:00,0.275
2013-06-21 04:00:00,0.582
2013-06-21 04:30:00,0.342
2013-06-21 05:00:00,0.309
2013-06-21 05:30:00,0.327
2013-06-21 06:00:00,0.327
2013-06-21 06:30:00,0.338
2013-06-21 07:00:00,0.367
2013-06-21 07:30:00,0.27
2013-06-21 08:00:00,0.308
2013-06-21 08:30:00,0.249
2013-06-21 09:00:00,0.263
2013-06-21 09:30:00,0.174
2013-06-21 10:00:00,0.257
2013-06-21 10:30:00,0.226
2013-06-21 11:00:00,0.197
2013-06-21 11:30:00,0.23
2013-06-21 12:00:00,0.168
2013-06-21 12:30:00,0.178
2013-06-21 13:00:00,0.119
2013-06-21 13:30:00,0.229
2013-06-21 14:00:00,0.185
2013-06-21 14:30:00,0.173
2013-06-21 15:00:00,0.186
2013-06-21 15:30:00,0.127
2013-06-21 16:00:00,0.202
2013-06-21 16:30:00,0.203
2013-06-21 17:00:00,0.174
2013-06-21 17:30:00,0.211
2013-06-21 18:00:00,0.182
2013-06-21 18:30:00,0.343
2013-06-21 19:00:00,0.648
2013-06-21 19:30:00,1.388
2013-06-21 20:00:00,0.673
2013-06-21 20:30:00,0.86
2013-06-21 21:00:00,0.297
2013-06-21 21:30:00,0.265
2013-06-21 22:00:00,0.295
2013-06-21 22:30:00,0.235
2013-06-21 23:00:00,0.286
2013-06-21 23:30:00,0.254
2013-06-22 00:00:00,0.281
2013-06-22 00:30:00,0.266
2013-06-22 01:00:00,0.276
2013-06-22 01:30:00,0.327
2013-06-22 02:00:00,0.361
2013-06-22 02:30:00,0.293
2013-06-22 03:00:00,0.27
2013-06-22 03:30:00,0.388
2013-06-22 04:00:00,0.275
2013-06-22 04:30:00,0.512
2013-06-22 05:00:00,0.509
2013-06-22 05:30:00,0.405
2013-06-22 06:00:00,0.38
2013-06-22 06:30:00,0.388
2013-06-22 07:00:00,0.481
2013-06-22 07:30:00,0.394
2013-06-22 08:00:00,0.363
2013-06-22 08:30:00,0.436
2013-06-22 09:00:00,0.311
2013-06-22 09:30:00,0.366
2013-06-22 10:00:00,0.306
2013-06-22 10:30:00,0.211
2013-06-22 11:00:00,0.217
2013-06-22 11:30:00,0.236
2013-06-22 12:00:00,0.103
2013-06-22 12:30:00,0.136
2013-06-22 13:00:00,0.138
2013-06-22 13:30:00,0.103
2013-06-22 14:00:00,0.213
2013-06-22 14:30:00,0.178
2013-06-22 15:00:00,0.653
2013-06-22 15:30:00,0.701
2013-06-22 16:00:00,0.403
2013-06-22 16:30:00,0.251
2013-06-22 17:00:00,0.468
2013-06-22 17:30:00,0.762
2013-06-22 18:00:00,0.322
2013-06-22 18:30:00,0.23
2013-06-22 19:00:00,0.352
2013-06-22 19:30:00,0.332
2013-06-22 20:00:00,0.365
2013-06-22 20:30:00,0.352
2013-06-22 21:00:00,0.63
2013-06-22 21:30:00,0.732
2013-06-22 22:00:00,0.807
2013-06-22 22:30:00,0.675
2013-06-22 23:00:00,0.756
2013-06-22 23:30:00,0.601
2013-06-23 00:00:00,0.396
2013-06-23 00:30:00,0.437
2013-06-23 01:00:00,0.368
2013-06-23 01:30:00,0.444
2013-06-23 02:00:00,0.336
2013-06-23 02:30:00,0.42
2013-06-23 03:00:00,0.389
2013-06-23 03:30:00,0.44
2013-06-23 04:00:00,0.384
2013-06-23 04:30:00,0.448
2013-06-23 05:00:00,0.809
2013-06-23 05:30:00,0.475
2013-06-23 06:00:00,0.422
2013-06-23 06:30:00,0.512
2013-06-23 07:00:00,0.425
2013-06-23 07:30:00,0.644
2013-06-23 08:00:00,0.486
2013-06-23 08:30:00,0.527
2013-06-23 09:00:00,0.607
2013-06-23 09:30:00,1.777
2013-06-23 10:00:00,1.133
2013-06-23 10:30:00,0.588
2013-06-23 11:00:00,0.27
2013-06-23 11:30:00,0.242
2013-06-23 12:00:00,0.231
2013-06-23 12:30:00,0.185
2013-06-23 13:00:00,0.452
2013-06-23 13:30:00,0.334
2013-06-23 14:00:00,0.265
2013-06-23 14:30:00,0.269
2013-06-23 15:00:00,0.226
2013-06-23 15:30:00,0.284
2013-06-23 16:00:00,0.295
2013-06-23 16:30:00,0.313
2013-06-23 17:00:00,0.285
2013-06-23 17:30:00,0.31
2013-06-23 18:00:00,1.169
2013-06-23 18:30:00,1.205
2013-06-23 19:00:00,0.72
2013-06-23 19:30:00,0.694
2013-06-23 20:00:00,0.939
2013-06-23 20:30:00,0.799
2013-06-23 21:00:00,0.539
2013-06-23 21:30:00,0.617
2013-06-23 22:00:00,0.627
2013-06-23 22:30:00,0.712
2013-06-23 23:00:00,0.633
2013-06-23 23:30:00,0.592
2013-06-24 00:00:00,0.331
2013-06-24 00:30:00,0.476
2013-06-24 01:00:00,0.346
2013-06-24 01:30:00,0.445
2013-06-24 02:00:00,0.349
2013-06-24 02:30:00,0.459
2013-06-24 03:00:00,0.373
2013-06-24 03:30:00,0.431
2013-06-24 04:00:00,0.65
2013-06-24 04:30:00,0.59
2013-06-24 05:00:00,0.373
2013-06-24 05:30:00,0.511
2013-06-24 06:00:00,0.462
2013-06-24 06:30:00,0.455
2013-06-24 07:00:00,0.516
2013-06-24 07:30:00,0.659
2013-06-24 08:00:00,0.695
2013-06-24 08:30:00,1.508
2013-06-24 09:00:00,1.51
2013-06-24 09:30:00,1.683
2013-06-24 10:00:00,0.605
2013-06-24 10:30:00,0.442
2013-06-24 11:00:00,0.345
2013-06-24 11:30:00,0.438
2013-06-24 12:00:00,0.388
2013-06-24 12:30:00,0.343
2013-06-24 13:00:00,0.553
2013-06-24 13:30:00,0.462
2013-06-24 14:00:00,0.51
2013-06-24 14:30:00,0.577
2013-06-24 15:00:00,0.848
2013-06-24 15:30:00,0.748
2013-06-24 16:00:00,0.57
2013-06-24 16:30:00,0.858
2013-06-24 17:00:00,0.393
2013-06-24 17:30:00,0.424
2013-06-24 18:00:00,0.979
2013-06-24 18:30:00,1.3150001
2013-06-24 19:00:00,0.845
2013-06-24 19:30:00,0.701
2013-06-24 20:00:00,0.675
2013-06-24 20:30:00,1.62
2013-06-24 21:00:00,1.0599999
2013-06-24 21:30:00,1.013
2013-06-24 22:00:00,0.828
2013-06-24 22:30:00,0.776
2013-06-24 23:00:00,0.564
2013-06-24 23:30:00,0.498
2013-06-25 00:00:00,0.398
2013-06-25 00:30:00,0.503
2013-06-25 01:00:00,0.403
2013-06-25 01:30:00,0.522
2013-06-25 02:00:00,0.442
2013-06-25 02:30:00,0.564
2013-06-25 03:00:00,0.465
2013-06-25 03:30:00,0.561
2013-06-25 04:00:00,0.741
2013-06-25 04:30:00,0.609
2013-06-25 05:00:00,0.53
2013-06-25 05:30:00,0.807
2013-06-25 06:00:00,0.803
2013-06-25 06:30:00,1.115
2013-06-25 07:00:00,0.709
2013-06-25 07:30:00,0.364
2013-06-25 08:00:00,0.335
2013-06-25 08:30:00,0.304
2013-06-25 09:00:00,0.3
2013-06-25 09:30:00,0.255
2013-06-25 10:00:00,0.217
2013-06-25 10:30:00,0.196
2013-06-25 11:00:00,0.125
2013-06-25 11:30:00,0.164
2013-06-25 12:00:00,0.13
2013-06-25 12:30:00,0.16
2013-06-25 13:00:00,0.202
2013-06-25 13:30:00,0.121
2013-06-25 14:00:00,0.139
2013-06-25 14:30:00,0.162
2013-06-25 15:00:00,0.173
2013-06-25 15:30:00,0.22
2013-06-25 16:00:00,0.19
2013-06-25 16:30:00,0.277
2013-06-25 17:00:00,0.254
2013-06-25 17:30:00,1.948
2013-06-25 18:00:00,1.068
2013-06-25 18:30:00,1.184
2013-06-25 19:00:00,1.374
2013-06-25 19:30:00,0.943
2013-06-25 20:00:00,0.526
2013-06-25 20:30:00,0.432
2013-06-25 21:00:00,0.363
2013-06-25 21:30:00,0.296
2013-06-25 22:00:00,0.256
2013-06-25 22:30:00,0.309
2013-06-25 23:00:00,0.32
2013-06-25 23:30:00,0.308
2013-06-26 00:00:00,0.322
2013-06-26 00:30:00,0.351
2013-06-26 01:00:00,0.325
2013-06-26 01:30:00,0.376
2013-06-26 02:00:00,0.352
2013-06-26 02:30:00,0.428
2013-06-26 03:00:00,0.33
2013-06-26 03:30:00,0.423
2013-06-26 04:00:00,0.584
2013-06-26 04:30:00,0.485
2013-06-26 05:00:00,0.407
2013-06-26 05:30:00,0.486
2013-06-26 06:00:00,0.357
2013-06-26 06:30:00,0.453
2013-06-26 07:00:00,0.429
2013-06-26 07:30:00,0.374
2013-06-26 08:00:00,0.368
2013-06-26 08:30:00,0.702
2013-06-26 09:00:00,0.347
2013-06-26 09:30:00,0.283
2013-06-26 10:00:00,0.264
2013-06-26 10:30:00,0.279
2013-06-26 11:00:00,0.141
2013-06-26 11:30:00,0.219
2013-06-26 12:00:00,0.137
2013-06-26 12:30:00,0.115
2013-06-26 13:00:00,0.192
2013-06-26 13:30:00,0.115
2013-06-26 14:00:00,0.152
2013-06-26 14:30:00,0.219
2013-06-26 15:00:00,0.116
2013-06-26 15:30:00,0.144
2013-06-26 16:00:00,0.117
2013-06-26 16:30:00,0.183
2013-06-26 17:00:00,0.17
2013-06-26 17:30:00,0.115
2013-06-26 18:00:00,0.227
2013-06-26 18:30:00,0.156
2013-06-26 19:00:00,0.188
2013-06-26 19:30:00,0.232
2013-06-26 20:00:00,0.225
2013-06-26 20:30:00,0.185
2013-06-26 21:00:00,0.299
2013-06-26 21:30:00,0.594
2013-06-26 22:00:00,1.299
2013-06-26 22:30:00,0.258
2013-06-26 23:00:00,0.291
2013-06-26 23:30:00,0.337
2013-06-27 00:00:00,0.294
2013-06-27 00:30:00,0.279
2013-06-27 01:00:00,0.378
2013-06-27 01:30:00,0.309
2013-06-27 02:00:00,0.317
2013-06-27 02:30:00,0.437
2013-06-27 03:00:00,0.335
2013-06-27 03:30:00,0.619
2013-06-27 04:00:00,0.392
2013-06-27 04:30:00,0.454
2013-06-27 05:00:00,0.332
2013-06-27 05:30:00,0.436
2013-06-27 06:00:00,0.391
2013-06-27 06:30:00,0.562
2013-06-27 07:00:00,0.334
2013-06-27 07:30:00,0.349
2013-06-27 08:00:00,0.346
2013-06-27 08:30:00,0.559
2013-06-27 09:00:00,0.98
2013-06-27 09:30:00,0.49
2013-06-27 10:00:00,1.899
2013-06-27 10:30:00,0.359
2013-06-27 11:00:00,0.177
2013-06-27 11:30:00,0.211
2013-06-27 12:00:00,0.167
2013-06-27 12:30:00,0.125
2013-06-27 13:00:00,0.151
2013-06-27 13:30:00,0.136
2013-06-27 14:00:00,0.151
2013-06-27 14:30:00,0.104
2013-06-27 15:00:00,0.136
2013-06-27 15:30:00,0.168
2013-06-27 16:00:00,0.137
2013-06-27 16:30:00,0.222
2013-06-27 17:00:00,0.949
2013-06-27 17:30:00,0.852
2013-06-27 18:00:00,0.352
2013-06-27 18:30:00,1.0930001
2013-06-27 19:00:00,0.297
2013-06-27 19:30:00,0.248
2013-06-27 20:00:00,0.325
2013-06-27 20:30:00,0.257
2013-06-27 21:00:00,0.383
2013-06-27 21:30:00,0.263
2013-06-27 22:00:00,0.338
2013-06-27 22:30:00,0.3
2013-06-27 23:00:00,0.345
2013-06-27 23:30:00,0.332
2013-06-28 00:00:00,0.339
2013-06-28 00:30:00,0.4
2013-06-28 01:00:00,0.352
2013-06-28 01:30:00,0.352
2013-06-28 02:00:00,0.362
2013-06-28 02:30:00,0.388
2013-06-28 03:00:00,0.315
2013-06-28 03:30:00,0.648
2013-06-28 04:00:00,0.428
2013-06-28 04:30:00,0.429
2013-06-28 05:00:00,0.355
2013-06-28 05:30:00,0.47
2013-06-28 06:00:00,0.357
2013-06-28 06:30:00,0.397
2013-06-28 07:00:00,0.38
2013-06-28 07:30:00,0.291
2013-06-28 08:00:00,0.335
2013-06-28 08:30:00,0.3
2013-06-28 09:00:00,0.269
2013-06-28 09:30:00,0.339
2013-06-28 10:00:00,0.258
2013-06-28 10:30:00,0.31
2013-06-28 11:00:00,0.263
2013-06-28 11:30:00,0.214
2013-06-28 12:00:00,0.311
2013-06-28 12:30:00,0.201
2013-06-28 13:00:00,0.244
2013-06-28 13:30:00,0.239
2013-06-28 14:00:00,0.263
2013-06-28 14:30:00,0.229
2013-06-28 15:00:00,0.26
2013-06-28 15:30:00,0.203
2013-06-28 16:00:00,0.199
2013-06-28 16:30:00,0.246
2013-06-28 17:00:00,0.26
2013-06-28 17:30:00,0.202
2013-06-28 18:00:00,0.286
2013-06-28 18:30:00,0.54
2013-06-28 19:00:00,1.1160001
2013-06-28 19:30:00,0.846
2013-06-28 20:00:00,0.786
2013-06-28 20:30:00,0.821
2013-06-28 21:00:00,0.334
2013-06-28 21:30:00,0.309
2013-06-28 22:00:00,0.278
2013-06-28 22:30:00,0.308
2013-06-28 23:00:00,0.309
2013-06-28 23:30:00,0.319
2013-06-29 00:00:00,0.287
2013-06-29 00:30:00,0.32
2013-06-29 01:00:00,0.336
2013-06-29 01:30:00,0.291
2013-06-29 02:00:00,0.343
2013-06-29 02:30:00,0.304
2013-06-29 03:00:00,0.315
2013-06-29 03:30:00,0.364
2013-06-29 04:00:00,0.301
2013-06-29 04:30:00,0.396
2013-06-29 05:00:00,0.646
2013-06-29 05:30:00,0.405
2013-06-29 06:00:00,0.414
2013-06-29 06:30:00,0.305
2013-06-29 07:00:00,0.405
2013-06-29 07:30:00,0.337
2013-06-29 08:00:00,0.298
2013-06-29 08:30:00,0.284
2013-06-29 09:00:00,0.335
2013-06-29 09:30:00,0.163
2013-06-29 10:00:00,0.27
2013-06-29 10:30:00,0.094
2013-06-29 11:00:00,0.158
2013-06-29 11:30:00,0.1
2013-06-29 12:00:00,0.144
2013-06-29 12:30:00,0.174
2013-06-29 13:00:00,0.17
2013-06-29 13:30:00,0.171
2013-06-29 14:00:00,0.116
2013-06-29 14:30:00,0.132
2013-06-29 15:00:00,0.11
2013-06-29 15:30:00,0.129
2013-06-29 16:00:00,0.094
2013-06-29 16:30:00,0.152
2013-06-29 17:00:00,0.085
2013-06-29 17:30:00,0.172
2013-06-29 18:00:00,0.163
2013-06-29 18:30:00,0.11
2013-06-29 19:00:00,0.151
2013-06-29 19:30:00,0.167
2013-06-29 20:00:00,0.224
2013-06-29 20:30:00,0.129
2013-06-29 21:00:00,0.193
2013-06-29 21:30:00,0.323
2013-06-29 22:00:00,0.493
2013-06-29 22:30:00,0.244
2013-06-29 23:00:00,0.298
2013-06-29 23:30:00,0.174
2013-06-30 00:00:00,0.247
2013-06-30 00:30:00,0.225
2013-06-30 01:00:00,0.291
2013-06-30 01:30:00,0.208
2013-06-30 02:00:00,0.253
2013-06-30 02:30:00,0.274
2013-06-30 03:00:00,0.254
2013-06-30 03:30:00,0.245
2013-06-30 04:00:00,0.34
2013-06-30 04:30:00,0.29
2013-06-30 05:00:00,0.522
2013-06-30 05:30:00,0.302
2013-06-30 06:00:00,0.29
2013-06-30 06:30:00,0.238
2013-06-30 07:00:00,0.328
2013-06-30 07:30:00,0.178
2013-06-30 08:00:00,0.26
2013-06-30 08:30:00,0.325
2013-06-30 09:00:00,0.197
2013-06-30 09:30:00,0.182
2013-06-30 10:00:00,0.152
2013-06-30 10:30:00,0.145
2013-06-30 11:00:00,0.105
2013-06-30 11:30:00,0.095
2013-06-30 12:00:00,0.161
2013-06-30 12:30:00,0.109
2013-06-30 13:00:00,0.084
2013-06-30 13:30:00,0.161
2013-06-30 14:00:00,0.106
2013-06-30 14:30:00,0.143
2013-06-30 15:00:00,0.109
2013-06-30 15:30:00,0.093
2013-06-30 16:00:00,0.153
2013-06-30 16:30:00,0.107
2013-06-30 17:00:00,0.084
2013-06-30 17:30:00,0.164
2013-06-30 18:00:00,0.09
2013-06-30 18:30:00,0.144
2013-06-30 19:00:00,0.107
2013-06-30 19:30:00,0.084
2013-06-30 20:00:00,0.49
2013-06-30 20:30:00,1.306
2013-06-30 21:00:00,0.102
2013-06-30 21:30:00,0.21
2013-06-30 22:00:00,0.161
2013-06-30 22:30:00,0.119
2013-06-30 23:00:00,0.179
2013-06-30 23:30:00,0.16
2013-07-01 00:00:00,0.187
2013-07-01 00:30:00,0.186
2013-07-01 01:00:00,0.273
2013-07-01 01:30:00,0.144
2013-07-01 02:00:00,0.231
2013-07-01 02:30:00,0.209
2013-07-01 03:00:00,0.23
2013-07-01 03:30:00,0.247
2013-07-01 04:00:00,0.571
2013-07-01 04:30:00,0.289
2013-07-01 05:00:00,0.234
2013-07-01 05:30:00,0.261
2013-07-01 06:00:00,0.29
2013-07-01 06:30:00,0.226
2013-07-01 07:00:00,0.233
2013-07-01 07:30:00,0.304
2013-07-01 08:00:00,0.266
2013-07-01 08:30:00,0.485
2013-07-01 09:00:00,0.394
2013-07-01 09:30:00,0.761
2013-07-01 10:00:00,1.925
2013-07-01 10:30:00,0.348
2013-07-01 11:00:00,1.408
2013-07-01 11:30:00,0.584
2013-07-01 12:00:00,0.17
2013-07-01 12:30:00,0.153
2013-07-01 13:00:00,0.127
2013-07-01 13:30:00,0.164
2013-07-01 14:00:00,0.14
2013-07-01 14:30:00,0.174
2013-07-01 15:00:00,0.108
2013-07-01 15:30:00,0.156
2013-07-01 16:00:00,0.09
2013-07-01 16:30:00,0.474
2013-07-01 17:00:00,0.918
2013-07-01 17:30:00,0.307
2013-07-01 18:00:00,0.289
2013-07-01 18:30:00,0.251
2013-07-01 19:00:00,0.091
2013-07-01 19:30:00,0.18
2013-07-01 20:00:00,2.0350001
2013-07-01 20:30:00,0.901
2013-07-01 21:00:00,0.292
2013-07-01 21:30:00,0.277
2013-07-01 22:00:00,0.259
2013-07-01 22:30:00,0.199
2013-07-01 23:00:00,0.299
2013-07-01 23:30:00,0.231
2013-07-02 00:00:00,0.255
2013-07-02 00:30:00,0.247
2013-07-02 01:00:00,0.354
2013-07-02 01:30:00,0.217
2013-07-02 02:00:00,0.301
2013-07-02 02:30:00,0.307
2013-07-02 03:00:00,0.314
2013-07-02 03:30:00,0.278
2013-07-02 04:00:00,1.179
2013-07-02 04:30:00,0.396
2013-07-02 05:00:00,0.335
2013-07-02 05:30:00,0.379
2013-07-02 06:00:00,0.497
2013-07-02 06:30:00,0.347
2013-07-02 07:00:00,0.393
2013-07-02 07:30:00,0.32
2013-07-02 08:00:00,0.293
2013-07-02 08:30:00,0.298
2013-07-02 09:00:00,0.374
2013-07-02 09:30:00,0.276
2013-07-02 10:00:00,0.252
2013-07-02 10:30:00,0.345
2013-07-02 11:00:00,0.262
2013-07-02 11:30:00,0.251
2013-07-02 12:00:00,0.29
2013-07-02 12:30:00,0.279
2013-07-02 13:00:00,0.493
2013-07-02 13:30:00,0.802
2013-07-02 14:00:00,0.601
2013-07-02 14:30:00,0.221
2013-07-02 15:00:00,0.327
2013-07-02 15:30:00,0.29
2013-07-02 16:00:00,0.217
2013-07-02 16:30:00,0.243
2013-07-02 17:00:00,0.357
2013-07-02 17:30:00,0.24
2013-07-02 18:00:00,0.279
2013-07-02 18:30:00,0.655
2013-07-02 19:00:00,0.463
2013-07-02 19:30:00,0.336
2013-07-02 20:00:00,0.423
2013-07-02 20:30:00,0.399
2013-07-02 21:00:00,0.296
2013-07-02 21:30:00,0.384
2013-07-02 22:00:00,0.445
2013-07-02 22:30:00,0.305
2013-07-02 23:00:00,0.387
2013-07-02 23:30:00,0.448
2013-07-03 00:00:00,0.341
2013-07-03 00:30:00,0.382
2013-07-03 01:00:00,0.47
2013-07-03 01:30:00,0.368
2013-07-03 02:00:00,0.311
2013-07-03 02:30:00,0.453
2013-07-03 03:00:00,0.408
2013-07-03 03:30:00,0.415
2013-07-03 04:00:00,0.74
2013-07-03 04:30:00,0.549
2013-07-03 05:00:00,0.347
2013-07-03 05:30:00,0.539
2013-07-03 06:00:00,0.486
2013-07-03 06:30:00,0.41
2013-07-03 07:00:00,0.407
2013-07-03 07:30:00,0.384
2013-07-03 08:00:00,0.364
2013-07-03 08:30:00,0.309
2013-07-03 09:00:00,0.365
2013-07-03 09:30:00,0.339
2013-07-03 10:00:00,0.281
2013-07-03 10:30:00,0.324
2013-07-03 11:00:00,0.26
2013-07-03 11:30:00,0.169
2013-07-03 12:00:00,0.243
2013-07-03 12:30:00,0.223
2013-07-03 13:00:00,0.296
2013-07-03 13:30:00,0.219
2013-07-03 14:00:00,0.236
2013-07-03 14:30:00,0.229
2013-07-03 15:00:00,0.158
2013-07-03 15:30:00,0.268
2013-07-03 16:00:00,0.291
2013-07-03 16:30:00,0.146
2013-07-03 17:00:00,0.236
2013-07-03 17:30:00,0.276
2013-07-03 18:00:00,0.85
2013-07-03 18:30:00,0.903
2013-07-03 19:00:00,0.929
2013-07-03 19:30:00,0.828
2013-07-03 20:00:00,1.265
2013-07-03 20:30:00,1.229
2013-07-03 21:00:00,0.418
2013-07-03 21:30:00,0.297
2013-07-03 22:00:00,0.752
2013-07-03 22:30:00,0.332
2013-07-03 23:00:00,0.315
2013-07-03 23:30:00,0.296
2013-07-04 00:00:00,0.389
2013-07-04 00:30:00,0.291
2013-07-04 01:00:00,0.362
2013-07-04 01:30:00,0.399
2013-07-04 02:00:00,0.348
2013-07-04 02:30:00,0.349
2013-07-04 03:00:00,0.423
2013-07-04 03:30:00,0.391
2013-07-04 04:00:00,0.598
2013-07-04 04:30:00,0.474
2013-07-04 05:00:00,0.452
2013-07-04 05:30:00,0.412
2013-07-04 06:00:00,0.409
2013-07-04 06:30:00,0.493
2013-07-04 07:00:00,0.415
2013-07-04 07:30:00,0.403
2013-07-04 08:00:00,0.383
2013-07-04 08:30:00,0.883
2013-07-04 09:00:00,1.5549999
2013-07-04 09:30:00,0.992
2013-07-04 10:00:00,2.007
2013-07-04 10:30:00,0.28
2013-07-04 11:00:00,0.358
2013-07-04 11:30:00,0.201
2013-07-04 12:00:00,0.139
2013-07-04 12:30:00,0.278
2013-07-04 13:00:00,0.326
2013-07-04 13:30:00,0.161
2013-07-04 14:00:00,0.255
2013-07-04 14:30:00,0.718
2013-07-04 15:00:00,0.705
2013-07-04 15:30:00,0.357
2013-07-04 16:00:00,0.184
2013-07-04 16:30:00,0.82
2013-07-04 17:00:00,0.826
2013-07-04 17:30:00,0.645
2013-07-04 18:00:00,0.327
2013-07-04 18:30:00,0.189
2013-07-04 19:00:00,0.322
2013-07-04 19:30:00,0.292
2013-07-04 20:00:00,0.24
2013-07-04 20:30:00,0.262
2013-07-04 21:00:00,0.329
2013-07-04 21:30:00,0.139
2013-07-04 22:00:00,0.311
2013-07-04 22:30:00,0.246
2013-07-04 23:00:00,0.282
2013-07-04 23:30:00,0.208
2013-07-05 00:00:00,0.372
2013-07-05 00:30:00,0.272
2013-07-05 01:00:00,0.284
2013-07-05 01:30:00,0.321
2013-07-05 02:00:00,0.378
2013-07-05 02:30:00,0.209
2013-07-05 03:00:00,0.409
2013-07-05 03:30:00,0.532
2013-07-05 04:00:00,0.415
2013-07-05 04:30:00,0.452
2013-07-05 05:00:00,0.427
2013-07-05 05:30:00,0.332
2013-07-05 06:00:00,0.493
2013-07-05 06:30:00,0.352
2013-07-05 07:00:00,0.412
2013-07-05 07:30:00,0.227
2013-07-05 08:00:00,0.373
2013-07-05 08:30:00,0.177
2013-07-05 09:00:00,0.251
2013-07-05 09:30:00,0.262
2013-07-05 10:00:00,0.211
2013-07-05 10:30:00,0.136
2013-07-05 11:00:00,0.167
2013-07-05 11:30:00,0.199
2013-07-05 12:00:00,0.156
2013-07-05 12:30:00,0.124
2013-07-05 13:00:00,0.239
2013-07-05 13:30:00,0.095
2013-07-05 14:00:00,0.123
2013-07-05 14:30:00,0.347
2013-07-05 15:00:00,0.205
2013-07-05 15:30:00,0.107
2013-07-05 16:00:00,0.238
2013-07-05 16:30:00,0.399
2013-07-05 17:00:00,0.315
2013-07-05 17:30:00,0.297
2013-07-05 18:00:00,0.327
2013-07-05 18:30:00,0.188
2013-07-05 19:00:00,0.36
2013-07-05 19:30:00,0.342
2013-07-05 20:00:00,0.66
2013-07-05 20:30:00,0.287
2013-07-05 21:00:00,0.233
2013-07-05 21:30:00,0.237
2013-07-05 22:00:00,0.146
2013-07-05 22:30:00,0.251
2013-07-05 23:00:00,0.16
2013-07-05 23:30:00,0.095
2013-07-06 00:00:00,0.304
2013-07-06 00:30:00,0.148
2013-07-06 01:00:00,0.114
2013-07-06 01:30:00,0.178
2013-07-06 02:00:00,0.264
2013-07-06 02:30:00,0.173
2013-07-06 03:00:00,0.204
2013-07-06 03:30:00,0.21
2013-07-06 04:00:00,0.255
2013-07-06 04:30:00,0.415
2013-07-06 05:00:00,0.374
2013-07-06 05:30:00,0.228
2013-07-06 06:00:00,0.267
2013-07-06 06:30:00,0.305
2013-07-06 07:00:00,0.278
2013-07-06 07:30:00,0.219
2013-07-06 08:00:00,0.361
2013-07-06 08:30:00,0.405
2013-07-06 09:00:00,0.239
2013-07-06 09:30:00,0.257
2013-07-06 10:00:00,0.364
2013-07-06 10:30:00,0.16
2013-07-06 11:00:00,0.187
2013-07-06 11:30:00,0.33
2013-07-06 12:00:00,0.189
2013-07-06 12:30:00,0.141
2013-07-06 13:00:00,0.472
2013-07-06 13:30:00,0.847
2013-07-06 14:00:00,0.611
2013-07-06 14:30:00,0.772
2013-07-06 15:00:00,0.802
2013-07-06 15:30:00,0.175
2013-07-06 16:00:00,0.185
2013-07-06 16:30:00,0.199
2013-07-06 17:00:00,0.131
2013-07-06 17:30:00,0.165
2013-07-06 18:00:00,0.179
2013-07-06 18:30:00,0.153
2013-07-06 19:00:00,0.155
2013-07-06 19:30:00,0.169
2013-07-06 20:00:00,0.222
2013-07-06 20:30:00,0.094
2013-07-06 21:00:00,0.66
2013-07-06 21:30:00,0.381
2013-07-06 22:00:00,0.692
2013-07-06 22:30:00,1.01
2013-07-06 23:00:00,0.26
2013-07-06 23:30:00,0.084
2013-07-07 00:00:00,0.189
2013-07-07 00:30:00,0.2
2013-07-07 01:00:00,0.128
2013-07-07 01:30:00,0.131
2013-07-07 02:00:00,0.224
2013-07-07 02:30:00,0.124
2013-07-07 03:00:00,0.112
2013-07-07 03:30:00,0.226
2013-07-07 04:00:00,0.144
2013-07-07 04:30:00,0.486
2013-07-07 05:00:00,0.269
2013-07-07 05:30:00,0.288
2013-07-07 06:00:00,0.346
2013-07-07 06:30:00,0.191
2013-07-07 07:00:00,0.298
2013-07-07 07:30:00,0.197
2013-07-07 08:00:00,0.141
2013-07-07 08:30:00,0.216
2013-07-07 09:00:00,0.138
2013-07-07 09:30:00,0.118
2013-07-07 10:00:00,0.211
2013-07-07 10:30:00,0.159
2013-07-07 11:00:00,0.108
2013-07-07 11:30:00,0.212
2013-07-07 12:00:00,0.168
2013-07-07 12:30:00,0.09
2013-07-07 13:00:00,0.19
2013-07-07 13:30:00,0.198
2013-07-07 14:00:00,0.14
2013-07-07 14:30:00,0.114
2013-07-07 15:00:00,0.25
2013-07-07 15:30:00,0.142
2013-07-07 16:00:00,0.12
2013-07-07 16:30:00,0.171
2013-07-07 17:00:00,0.189
2013-07-07 17:30:00,0.117
2013-07-07 18:00:00,0.206
2013-07-07 18:30:00,0.219
2013-07-07 19:00:00,0.123
2013-07-07 19:30:00,0.236
2013-07-07 20:00:00,0.27
2013-07-07 20:30:00,0.226
2013-07-07 21:00:00,0.181
2013-07-07 21:30:00,0.248
2013-07-07 22:00:00,0.142
2013-07-07 22:30:00,0.226
2013-07-07 23:00:00,0.172
2013-07-07 23:30:00,0.131
2013-07-08 00:00:00,0.097
2013-07-08 00:30:00,0.175
2013-07-08 01:00:00,0.214
2013-07-08 01:30:00,0.084
2013-07-08 02:00:00,0.182
2013-07-08 02:30:00,0.211
2013-07-08 03:00:00,0.104
2013-07-08 03:30:00,0.28
2013-07-08 04:00:00,0.407
2013-07-08 04:30:00,0.159
2013-07-08 05:00:00,0.206
2013-07-08 05:30:00,0.24
2013-07-08 06:00:00,0.291
2013-07-08 06:30:00,0.172
2013-07-08 07:00:00,0.246
2013-07-08 07:30:00,0.481
2013-07-08 08:00:00,0.322
2013-07-08 08:30:00,0.308
2013-07-08 09:00:00,0.403
2013-07-08 09:30:00,0.249
2013-07-08 10:00:00,0.168
2013-07-08 10:30:00,2.1140001
2013-07-08 11:00:00,1.235
2013-07-08 11:30:00,0.652
2013-07-08 12:00:00,0.278
2013-07-08 12:30:00,0.281
2013-07-08 13:00:00,0.193
2013-07-08 13:30:00,0.276
2013-07-08 14:00:00,0.146
2013-07-08 14:30:00,0.16
2013-07-08 15:00:00,0.342
2013-07-08 15:30:00,0.291
2013-07-08 16:00:00,0.086
2013-07-08 16:30:00,0.196
2013-07-08 17:00:00,0.182
2013-07-08 17:30:00,0.184
2013-07-08 18:00:00,0.262
2013-07-08 18:30:00,0.925
2013-07-08 19:00:00,0.688
2013-07-08 19:30:00,0.419
2013-07-08 20:00:00,0.777
2013-07-08 20:30:00,0.236
2013-07-08 21:00:00,0.179
2013-07-08 21:30:00,0.225
2013-07-08 22:00:00,0.195
2013-07-08 22:30:00,0.169
2013-07-08 23:00:00,0.158
2013-07-08 23:30:00,0.195
2013-07-09 00:00:00,0.173
2013-07-09 00:30:00,0.112
2013-07-09 01:00:00,0.221
2013-07-09 01:30:00,0.161
2013-07-09 02:00:00,0.178
2013-07-09 02:30:00,0.183
2013-07-09 03:00:00,0.227
2013-07-09 03:30:00,0.11
2013-07-09 04:00:00,0.135
2013-07-09 04:30:00,0.239
2013-07-09 05:00:00,0.259
2013-07-09 05:30:00,0.584
2013-07-09 06:00:00,0.652
2013-07-09 06:30:00,0.435
2013-07-09 07:00:00,0.191
2013-07-09 07:30:00,0.178
2013-07-09 08:00:00,0.136
2013-07-09 08:30:00,0.157
2013-07-09 09:00:00,0.083
2013-07-09 09:30:00,0.154
2013-07-09 10:00:00,0.091
2013-07-09 10:30:00,0.166
2013-07-09 11:00:00,0.099
2013-07-09 11:30:00,0.086
2013-07-09 12:00:00,0.16
2013-07-09 12:30:00,0.084
2013-07-09 13:00:00,0.159
2013-07-09 13:30:00,0.083
2013-07-09 14:00:00,0.174
2013-07-09 14:30:00,0.083
2013-07-09 15:00:00,0.108
2013-07-09 15:30:00,0.13
2013-07-09 16:00:00,0.46
2013-07-09 16:30:00,0.384
2013-07-09 17:00:00,0.228
2013-07-09 17:30:00,1.936
2013-07-09 18:00:00,0.848
2013-07-09 18:30:00,0.688
2013-07-09 19:00:00,0.234
2013-07-09 19:30:00,0.214
2013-07-09 20:00:00,0.441
2013-07-09 20:30:00,0.242
2013-07-09 21:00:00,0.169
2013-07-09 21:30:00,0.17
2013-07-09 22:00:00,0.088
2013-07-09 22:30:00,0.179
2013-07-09 23:00:00,0.087
2013-07-09 23:30:00,0.152
2013-07-10 00:00:00,0.097
2013-07-10 00:30:00,0.164
2013-07-10 01:00:00,0.099
2013-07-10 01:30:00,0.088
2013-07-10 02:00:00,0.157
2013-07-10 02:30:00,0.133
2013-07-10 03:00:00,0.173
2013-07-10 03:30:00,0.209
2013-07-10 04:00:00,0.245
2013-07-10 04:30:00,0.13
2013-07-10 05:00:00,0.188
2013-07-10 05:30:00,0.192
2013-07-10 06:00:00,0.132
2013-07-10 06:30:00,0.261
2013-07-10 07:00:00,0.085
2013-07-10 07:30:00,0.156
2013-07-10 08:00:00,0.08
2013-07-10 08:30:00,0.162
2013-07-10 09:00:00,0.079
2013-07-10 09:30:00,0.146
2013-07-10 10:00:00,0.08
2013-07-10 10:30:00,0.149
2013-07-10 11:00:00,0.101
2013-07-10 11:30:00,0.136
2013-07-10 12:00:00,0.08
2013-07-10 12:30:00,0.211
2013-07-10 13:00:00,0.185
2013-07-10 13:30:00,0.174
2013-07-10 14:00:00,0.172
2013-07-10 14:30:00,0.109
2013-07-10 15:00:00,0.08
2013-07-10 15:30:00,0.218
2013-07-10 16:00:00,0.081
2013-07-10 16:30:00,0.106
2013-07-10 17:00:00,0.082
2013-07-10 17:30:00,0.177
2013-07-10 18:00:00,0.088
2013-07-10 18:30:00,0.393
2013-07-10 19:00:00,0.279
2013-07-10 19:30:00,0.246
2013-07-10 20:00:00,0.19
2013-07-10 20:30:00,0.196
2013-07-10 21:00:00,0.099
2013-07-10 21:30:00,0.13
2013-07-10 22:00:00,0.117
2013-07-10 22:30:00,0.107
2013-07-10 23:00:00,0.129
2013-07-10 23:30:00,0.125
2013-07-11 00:00:00,0.105
2013-07-11 00:30:00,0.105
2013-07-11 01:00:00,0.128
2013-07-11 01:30:00,0.152
2013-07-11 02:00:00,0.081
2013-07-11 02:30:00,0.106
2013-07-11 03:00:00,0.134
2013-07-11 03:30:00,0.138
2013-07-11 04:00:00,0.365
2013-07-11 04:30:00,0.231
2013-07-11 05:00:00,0.155
2013-07-11 05:30:00,0.214
2013-07-11 06:00:00,0.192
2013-07-11 06:30:00,0.33
2013-07-11 07:00:00,0.263
2013-07-11 07:30:00,0.15
2013-07-11 08:00:00,0.175
2013-07-11 08:30:00,0.136
2013-07-11 09:00:00,0.716
2013-07-11 09:30:00,0.356
2013-07-11 10:00:00,0.553
2013-07-11 10:30:00,0.576
2013-07-11 11:00:00,0.383
2013-07-11 11:30:00,0.209
2013-07-11 12:00:00,0.11
2013-07-11 12:30:00,0.437
2013-07-11 13:00:00,0.171
2013-07-11 13:30:00,0.521
2013-07-11 14:00:00,0.865
2013-07-11 14:30:00,0.227
2013-07-11 15:00:00,0.156
2013-07-11 15:30:00,0.167
2013-07-11 16:00:00,0.337
2013-07-11 16:30:00,0.442
2013-07-11 17:00:00,0.237
2013-07-11 17:30:00,0.214
2013-07-11 18:00:00,1.1160001
2013-07-11 18:30:00,1.063
2013-07-11 19:00:00,0.222
2013-07-11 19:30:00,0.196
2013-07-11 20:00:00,0.139
2013-07-11 20:30:00,0.111
2013-07-11 21:00:00,0.145
2013-07-11 21:30:00,0.108
2013-07-11 22:00:00,0.145
2013-07-11 22:30:00,0.106
2013-07-11 23:00:00,0.148
2013-07-11 23:30:00,0.152
2013-07-12 00:00:00,0.099
2013-07-12 00:30:00,0.089
2013-07-12 01:00:00,0.265
2013-07-12 01:30:00,0.105
2013-07-12 02:00:00,0.173
2013-07-12 02:30:00,0.118
2013-07-12 03:00:00,0.334
2013-07-12 03:30:00,0.237
2013-07-12 04:00:00,0.502
2013-07-12 04:30:00,0.31
2013-07-12 05:00:00,0.253
2013-07-12 05:30:00,0.27
2013-07-12 06:00:00,1.15
2013-07-12 06:30:00,0.718
2013-07-12 07:00:00,0.3
2013-07-12 07:30:00,0.188
2013-07-12 08:00:00,0.245
2013-07-12 08:30:00,0.245
2013-07-12 09:00:00,0.197
2013-07-12 09:30:00,0.157
2013-07-12 10:00:00,0.2
2013-07-12 10:30:00,0.129
2013-07-12 11:00:00,0.126
2013-07-12 11:30:00,0.136
2013-07-12 12:00:00,0.093
2013-07-12 12:30:00,0.13
2013-07-12 13:00:00,0.211
2013-07-12 13:30:00,0.192
2013-07-12 14:00:00,0.173
2013-07-12 14:30:00,0.196
2013-07-12 15:00:00,0.203
2013-07-12 15:30:00,0.122
2013-07-12 16:00:00,0.133
2013-07-12 16:30:00,0.173
2013-07-12 17:00:00,0.194
2013-07-12 17:30:00,0.542
2013-07-12 18:00:00,0.761
2013-07-12 18:30:00,0.773
2013-07-12 19:00:00,0.57
2013-07-12 19:30:00,0.227
2013-07-12 20:00:00,0.682
2013-07-12 20:30:00,1.028
2013-07-12 21:00:00,0.198
2013-07-12 21:30:00,0.162
2013-07-12 22:00:00,0.145
2013-07-12 22:30:00,0.227
2013-07-12 23:00:00,0.236
2013-07-12 23:30:00,0.169
2013-07-13 00:00:00,0.177
2013-07-13 00:30:00,0.161
2013-07-13 01:00:00,0.168
2013-07-13 01:30:00,0.118
2013-07-13 02:00:00,0.265
2013-07-13 02:30:00,0.12
2013-07-13 03:00:00,0.188
2013-07-13 03:30:00,0.194
2013-07-13 04:00:00,0.187
2013-07-13 04:30:00,0.362
2013-07-13 05:00:00,0.384
2013-07-13 05:30:00,0.252
2013-07-13 06:00:00,0.257
2013-07-13 06:30:00,0.24
2013-07-13 07:00:00,0.57
2013-07-13 07:30:00,0.226
2013-07-13 08:00:00,0.744
2013-07-13 08:30:00,0.218
2013-07-13 09:00:00,0.23
2013-07-13 09:30:00,0.137
2013-07-13 10:00:00,0.161
2013-07-13 10:30:00,0.138
2013-07-13 11:00:00,0.095
2013-07-13 11:30:00,0.091
2013-07-13 12:00:00,0.128
2013-07-13 12:30:00,0.27
2013-07-13 13:00:00,0.338
2013-07-13 13:30:00,0.157
2013-07-13 14:00:00,0.228
2013-07-13 14:30:00,0.524
2013-07-13 15:00:00,0.595
2013-07-13 15:30:00,0.266
2013-07-13 16:00:00,0.193
2013-07-13 16:30:00,0.176
2013-07-13 17:00:00,0.121
2013-07-13 17:30:00,0.139
2013-07-13 18:00:00,0.156
2013-07-13 18:30:00,0.095
2013-07-13 19:00:00,0.128
2013-07-13 19:30:00,0.105
2013-07-13 20:00:00,0.123
2013-07-13 20:30:00,0.107
2013-07-13 21:00:00,0.135
2013-07-13 21:30:00,0.163
2013-07-13 22:00:00,0.146
2013-07-13 22:30:00,0.136
2013-07-13 23:00:00,0.151
2013-07-13 23:30:00,0.091
2013-07-14 00:00:00,0.094
2013-07-14 00:30:00,0.136
2013-07-14 01:00:00,0.141
2013-07-14 01:30:00,0.081
2013-07-14 02:00:00,0.176
2013-07-14 02:30:00,0.08
2013-07-14 03:00:00,0.105
2013-07-14 03:30:00,0.126
2013-07-14 04:00:00,0.135
2013-07-14 04:30:00,0.094
2013-07-14 05:00:00,0.28
2013-07-14 05:30:00,0.246
2013-07-14 06:00:00,0.156
2013-07-14 06:30:00,0.248
2013-07-14 07:00:00,0.145
2013-07-14 07:30:00,0.262
2013-07-14 08:00:00,0.208
2013-07-14 08:30:00,0.218
2013-07-14 09:00:00,0.134
2013-07-14 09:30:00,0.102
2013-07-14 10:00:00,0.083
2013-07-14 10:30:00,0.18
2013-07-14 11:00:00,0.089
2013-07-14 11:30:00,0.09
2013-07-14 12:00:00,0.153
2013-07-14 12:30:00,0.268
2013-07-14 13:00:00,0.11
2013-07-14 13:30:00,0.096
2013-07-14 14:00:00,0.141
2013-07-14 14:30:00,0.127
2013-07-14 15:00:00,0.098
2013-07-14 15:30:00,0.113
2013-07-14 16:00:00,0.216
2013-07-14 16:30:00,0.154
2013-07-14 17:00:00,0.162
2013-07-14 17:30:00,0.225
2013-07-14 18:00:00,0.864
2013-07-14 18:30:00,0.875
2013-07-14 19:00:00,0.674
2013-07-14 19:30:00,0.686
2013-07-14 20:00:00,0.734
2013-07-14 20:30:00,0.368
2013-07-14 21:00:00,0.175
2013-07-14 21:30:00,0.14
2013-07-14 22:00:00,0.152
2013-07-14 22:30:00,0.082
2013-07-14 23:00:00,0.152
2013-07-14 23:30:00,0.125
2013-07-15 00:00:00,0.153
2013-07-15 00:30:00,0.135
2013-07-15 01:00:00,0.107
2013-07-15 01:30:00,0.123
2013-07-15 02:00:00,0.129
2013-07-15 02:30:00,0.081
2013-07-15 03:00:00,0.158
2013-07-15 03:30:00,0.134
2013-07-15 04:00:00,0.342
2013-07-15 04:30:00,0.179
2013-07-15 05:00:00,0.185
2013-07-15 05:30:00,0.16
2013-07-15 06:00:00,0.137
2013-07-15 06:30:00,0.176
2013-07-15 07:00:00,0.176
2013-07-15 07:30:00,0.517
2013-07-15 08:00:00,0.245
2013-07-15 08:30:00,0.195
2013-07-15 09:00:00,0.201
2013-07-15 09:30:00,1.421
2013-07-15 10:00:00,0.454
2013-07-15 10:30:00,0.466
2013-07-15 11:00:00,0.248
2013-07-15 11:30:00,0.099
2013-07-15 12:00:00,0.137
2013-07-15 12:30:00,0.23
2013-07-15 13:00:00,0.166
2013-07-15 13:30:00,0.2
2013-07-15 14:00:00,0.182
2013-07-15 14:30:00,0.176
2013-07-15 15:00:00,0.262
2013-07-15 15:30:00,0.154
2013-07-15 16:00:00,0.105
2013-07-15 16:30:00,0.341
2013-07-15 17:00:00,0.59
2013-07-15 17:30:00,0.235
2013-07-15 18:00:00,0.395
2013-07-15 18:30:00,0.545
2013-07-15 19:00:00,0.264
2013-07-15 19:30:00,0.221
2013-07-15 20:00:00,0.201
2013-07-15 20:30:00,1.48
2013-07-15 21:00:00,0.21
2013-07-15 21:30:00,0.145
2013-07-15 22:00:00,0.158
2013-07-15 22:30:00,0.129
2013-07-15 23:00:00,0.106
2013-07-15 23:30:00,0.217
2013-07-16 00:00:00,0.105
2013-07-16 00:30:00,0.08
2013-07-16 01:00:00,0.157
2013-07-16 01:30:00,0.079
2013-07-16 02:00:00,0.107
2013-07-16 02:30:00,0.13
2013-07-16 03:00:00,0.106
2013-07-16 03:30:00,0.124
2013-07-16 04:00:00,0.106
2013-07-16 04:30:00,0.199
2013-07-16 05:00:00,0.105
2013-07-16 05:30:00,0.133
2013-07-16 06:00:00,0.114
2013-07-16 06:30:00,0.145
2013-07-16 07:00:00,0.258
2013-07-16 07:30:00,0.138
2013-07-16 08:00:00,0.101
2013-07-16 08:30:00,0.125
2013-07-16 09:00:00,0.113
2013-07-16 09:30:00,0.118
2013-07-16 10:00:00,0.124
2013-07-16 10:30:00,0.091
2013-07-16 11:00:00,0.089
2013-07-16 11:30:00,0.145
2013-07-16 12:00:00,0.088
2013-07-16 12:30:00,0.173
2013-07-16 13:00:00,0.221
2013-07-16 13:30:00,0.193
2013-07-16 14:00:00,0.166
2013-07-16 14:30:00,0.152
2013-07-16 15:00:00,0.194
2013-07-16 15:30:00,0.153
2013-07-16 16:00:00,0.11
2013-07-16 16:30:00,0.224
2013-07-16 17:00:00,0.634
2013-07-16 17:30:00,0.338
2013-07-16 18:00:00,0.212
2013-07-16 18:30:00,0.312
2013-07-16 19:00:00,0.443
2013-07-16 19:30:00,0.549
2013-07-16 20:00:00,0.797
2013-07-16 20:30:00,0.859
2013-07-16 21:00:00,0.211
2013-07-16 21:30:00,0.152
2013-07-16 22:00:00,0.123
2013-07-16 22:30:00,0.182
2013-07-16 23:00:00,0.105
2013-07-16 23:30:00,0.181
2013-07-17 00:00:00,0.081
2013-07-17 00:30:00,0.106
2013-07-17 01:00:00,0.124
2013-07-17 01:30:00,0.201
2013-07-17 02:00:00,0.083
2013-07-17 02:30:00,0.103
2013-07-17 03:00:00,0.085
2013-07-17 03:30:00,0.158
2013-07-17 04:00:00,0.237
2013-07-17 04:30:00,0.194
2013-07-17 05:00:00,0.17
2013-07-17 05:30:00,0.144
2013-07-17 06:00:00,0.405
2013-07-17 06:30:00,0.329
2013-07-17 07:00:00,0.117
2013-07-17 07:30:00,0.133
2013-07-17 08:00:00,0.163
2013-07-17 08:30:00,0.129
2013-07-17 09:00:00,0.095
2013-07-17 09:30:00,0.088
2013-07-17 10:00:00,0.144
2013-07-17 10:30:00,0.105
2013-07-17 11:00:00,0.098
2013-07-17 11:30:00,0.087
2013-07-17 12:00:00,0.142
2013-07-17 12:30:00,0.134
2013-07-17 13:00:00,0.219
2013-07-17 13:30:00,0.149
2013-07-17 14:00:00,0.193
2013-07-17 14:30:00,0.1
2013-07-17 15:00:00,0.129
2013-07-17 15:30:00,0.079
2013-07-17 16:00:00,0.106
2013-07-17 16:30:00,0.132
2013-07-17 17:00:00,0.181
2013-07-17 17:30:00,0.079
2013-07-17 18:00:00,0.106
2013-07-17 18:30:00,0.082
2013-07-17 19:00:00,0.19
2013-07-17 19:30:00,0.201
2013-07-17 20:00:00,0.163
2013-07-17 20:30:00,0.519
2013-07-17 21:00:00,0.319
2013-07-17 21:30:00,0.285
2013-07-17 22:00:00,0.14
2013-07-17 22:30:00,0.175
2013-07-17 23:00:00,0.139
2013-07-17 23:30:00,0.193
2013-07-18 00:00:00,0.08
2013-07-18 00:30:00,0.107
2013-07-18 01:00:00,0.13
2013-07-18 01:30:00,0.107
2013-07-18 02:00:00,0.139
2013-07-18 02:30:00,0.106
2013-07-18 03:00:00,0.128
2013-07-18 03:30:00,0.105
2013-07-18 04:00:00,0.414
2013-07-18 04:30:00,0.237
2013-07-18 05:00:00,0.12
2013-07-18 05:30:00,0.227
2013-07-18 06:00:00,0.12
2013-07-18 06:30:00,0.2
2013-07-18 07:00:00,0.231
2013-07-18 07:30:00,0.191
2013-07-18 08:00:00,0.371
2013-07-18 08:30:00,0.211
2013-07-18 09:00:00,0.208
2013-07-18 09:30:00,0.529
2013-07-18 10:00:00,1.45
2013-07-18 10:30:00,0.222
2013-07-18 11:00:00,0.097
2013-07-18 11:30:00,0.109
2013-07-18 12:00:00,0.086
2013-07-18 12:30:00,0.369
2013-07-18 13:00:00,0.173
2013-07-18 13:30:00,0.145
2013-07-18 14:00:00,0.172
2013-07-18 14:30:00,0.142
2013-07-18 15:00:00,0.324
2013-07-18 15:30:00,0.136
2013-07-18 16:00:00,0.118
2013-07-18 16:30:00,0.129
2013-07-18 17:00:00,0.112
2013-07-18 17:30:00,0.088
2013-07-18 18:00:00,0.961
2013-07-18 18:30:00,0.871
2013-07-18 19:00:00,0.791
2013-07-18 19:30:00,0.339
2013-07-18 20:00:00,0.708
2013-07-18 20:30:00,0.314
2013-07-18 21:00:00,0.194
2013-07-18 21:30:00,0.181
2013-07-18 22:00:00,0.1
2013-07-18 22:30:00,0.17
2013-07-18 23:00:00,0.092
2013-07-18 23:30:00,0.17
2013-07-19 00:00:00,0.087
2013-07-19 00:30:00,0.163
2013-07-19 01:00:00,0.091
2013-07-19 01:30:00,0.14
2013-07-19 02:00:00,0.096
2013-07-19 02:30:00,0.14
2013-07-19 03:00:00,0.098
2013-07-19 03:30:00,0.088
2013-07-19 04:00:00,0.369
2013-07-19 04:30:00,0.158
2013-07-19 05:00:00,0.186
2013-07-19 05:30:00,0.181
2013-07-19 06:00:00,0.366
2013-07-19 06:30:00,0.296
2013-07-19 07:00:00,0.288
2013-07-19 07:30:00,0.13
2013-07-19 08:00:00,0.157
2013-07-19 08:30:00,0.095
2013-07-19 09:00:00,0.155
2013-07-19 09:30:00,0.097
2013-07-19 10:00:00,0.125
2013-07-19 10:30:00,0.103
2013-07-19 11:00:00,0.127
2013-07-19 11:30:00,0.094
2013-07-19 12:00:00,0.14
2013-07-19 12:30:00,0.109
2013-07-19 13:00:00,0.196
2013-07-19 13:30:00,0.169
2013-07-19 14:00:00,0.186
2013-07-19 14:30:00,0.208
2013-07-19 15:00:00,0.133
2013-07-19 15:30:00,0.165
2013-07-19 16:00:00,0.197
2013-07-19 16:30:00,0.201
2013-07-19 17:00:00,0.144
2013-07-19 17:30:00,0.83
2013-07-19 18:00:00,0.873
2013-07-19 18:30:00,0.859
2013-07-19 19:00:00,0.621
2013-07-19 19:30:00,0.236
2013-07-19 20:00:00,0.192
2013-07-19 20:30:00,0.206
2013-07-19 21:00:00,0.202
2013-07-19 21:30:00,0.116
2013-07-19 22:00:00,0.12
2013-07-19 22:30:00,0.128
2013-07-19 23:00:00,0.108
2013-07-19 23:30:00,0.082
2013-07-20 00:00:00,0.183
2013-07-20 00:30:00,0.08
2013-07-20 01:00:00,0.107
2013-07-20 01:30:00,0.155
2013-07-20 02:00:00,0.106
2013-07-20 02:30:00,0.082
2013-07-20 03:00:00,0.168
2013-07-20 03:30:00,0.084
2013-07-20 04:00:00,0.103
2013-07-20 04:30:00,0.239
2013-07-20 05:00:00,0.244
2013-07-20 05:30:00,0.149
2013-07-20 06:00:00,0.733
2013-07-20 06:30:00,0.245
2013-07-20 07:00:00,0.235
2013-07-20 07:30:00,0.157
2013-07-20 08:00:00,0.18
2013-07-20 08:30:00,0.202
2013-07-20 09:00:00,1.161
2013-07-20 09:30:00,0.426
2013-07-20 10:00:00,0.165
2013-07-20 10:30:00,0.097
2013-07-20 11:00:00,0.153
2013-07-20 11:30:00,0.088
2013-07-20 12:00:00,0.099
2013-07-20 12:30:00,0.148
2013-07-20 13:00:00,0.28
2013-07-20 13:30:00,0.44
2013-07-20 14:00:00,0.207
2013-07-20 14:30:00,0.196
2013-07-20 15:00:00,0.22
2013-07-20 15:30:00,0.194
2013-07-20 16:00:00,0.167
2013-07-20 16:30:00,0.475
2013-07-20 17:00:00,0.385
2013-07-20 17:30:00,0.329
2013-07-20 18:00:00,0.155
2013-07-20 18:30:00,0.252
2013-07-20 19:00:00,0.2
2013-07-20 19:30:00,0.218
2013-07-20 20:00:00,0.199
2013-07-20 20:30:00,0.225
2013-07-20 21:00:00,0.192
2013-07-20 21:30:00,0.144
2013-07-20 22:00:00,0.201
2013-07-20 22:30:00,0.084
2013-07-20 23:00:00,0.161
2013-07-20 23:30:00,0.086
2013-07-21 00:00:00,0.107
2013-07-21 00:30:00,0.135
2013-07-21 01:00:00,0.13
2013-07-21 01:30:00,0.082
2013-07-21 02:00:00,0.162
2013-07-21 02:30:00,0.099
2013-07-21 03:00:00,0.158
2013-07-21 03:30:00,0.079
2013-07-21 04:00:00,0.111
2013-07-21 04:30:00,0.303
2013-07-21 05:00:00,0.233
2013-07-21 05:30:00,0.157
2013-07-21 06:00:00,0.171
2013-07-21 06:30:00,0.12
2013-07-21 07:00:00,0.139
2013-07-21 07:30:00,0.177
2013-07-21 08:00:00,0.138
2013-07-21 08:30:00,0.174
2013-07-21 09:00:00,0.174
2013-07-21 09:30:00,0.091
2013-07-21 10:00:00,0.171
2013-07-21 10:30:00,0.08
2013-07-21 11:00:00,0.105
2013-07-21 11:30:00,0.146
2013-07-21 12:00:00,0.126
2013-07-21 12:30:00,0.08
2013-07-21 13:00:00,0.104
2013-07-21 13:30:00,0.132
2013-07-21 14:00:00,0.255
2013-07-21 14:30:00,0.079
2013-07-21 15:00:00,0.105
2013-07-21 15:30:00,0.08
2013-07-21 16:00:00,0.104
2013-07-21 16:30:00,0.079
2013-07-21 17:00:00,0.105
2013-07-21 17:30:00,0.135
2013-07-21 18:00:00,0.137
2013-07-21 18:30:00,0.08
2013-07-21 19:00:00,0.509
2013-07-21 19:30:00,0.253
2013-07-21 20:00:00,0.171
2013-07-21 20:30:00,0.206
2013-07-21 21:00:00,0.156
2013-07-21 21:30:00,0.253
2013-07-21 22:00:00,0.103
2013-07-21 22:30:00,0.114
2013-07-21 23:00:00,0.096
2013-07-21 23:30:00,0.161
2013-07-22 00:00:00,0.11
2013-07-22 00:30:00,0.105
2013-07-22 01:00:00,0.079
2013-07-22 01:30:00,0.155
2013-07-22 02:00:00,0.08
2013-07-22 02:30:00,0.103
2013-07-22 03:00:00,0.133
2013-07-22 03:30:00,0.151
2013-07-22 04:00:00,0.286
2013-07-22 04:30:00,0.152
2013-07-22 05:00:00,0.212
2013-07-22 05:30:00,0.164
2013-07-22 06:00:00,0.144
2013-07-22 06:30:00,0.208
2013-07-22 07:00:00,0.541
2013-07-22 07:30:00,0.357
2013-07-22 08:00:00,0.201
2013-07-22 08:30:00,0.417
2013-07-22 09:00:00,0.229
2013-07-22 09:30:00,0.214
2013-07-22 10:00:00,0.194
2013-07-22 10:30:00,1.626
2013-07-22 11:00:00,1.696
2013-07-22 11:30:00,0.52
2013-07-22 12:00:00,0.747
2013-07-22 12:30:00,0.324
2013-07-22 13:00:00,0.373
2013-07-22 13:30:00,0.25
2013-07-22 14:00:00,0.253
2013-07-22 14:30:00,0.234
2013-07-22 15:00:00,0.177
2013-07-22 15:30:00,0.141
2013-07-22 16:00:00,0.116
2013-07-22 16:30:00,0.212
2013-07-22 17:00:00,0.172
2013-07-22 17:30:00,0.644
2013-07-22 18:00:00,1.233
2013-07-22 18:30:00,0.951
2013-07-22 19:00:00,0.441
2013-07-22 19:30:00,0.232
2013-07-22 20:00:00,0.193
2013-07-22 20:30:00,0.363
2013-07-22 21:00:00,0.257
2013-07-22 21:30:00,0.138
2013-07-22 22:00:00,0.145
2013-07-22 22:30:00,0.117
2013-07-22 23:00:00,0.14
2013-07-22 23:30:00,0.125
2013-07-23 00:00:00,0.128
2013-07-23 00:30:00,0.106
2013-07-23 01:00:00,0.122
2013-07-23 01:30:00,0.128
2013-07-23 02:00:00,0.081
2013-07-23 02:30:00,0.148
2013-07-23 03:00:00,0.104
2013-07-23 03:30:00,0.293
2013-07-23 04:00:00,0.34
2013-07-23 04:30:00,0.167
2013-07-23 05:00:00,0.124
2013-07-23 05:30:00,0.266
2013-07-23 06:00:00,0.165
2013-07-23 06:30:00,0.146
2013-07-23 07:00:00,1.0190001
2013-07-23 07:30:00,1.079
2013-07-23 08:00:00,0.147
2013-07-23 08:30:00,0.146
2013-07-23 09:00:00,0.172
2013-07-23 09:30:00,0.088
2013-07-23 10:00:00,0.106
2013-07-23 10:30:00,0.081
2013-07-23 11:00:00,0.156
2013-07-23 11:30:00,0.155
2013-07-23 12:00:00,0.098
2013-07-23 12:30:00,0.098
2013-07-23 13:00:00,0.217
2013-07-23 13:30:00,0.172
2013-07-23 14:00:00,0.205
2013-07-23 14:30:00,0.187
2013-07-23 15:00:00,0.124
2013-07-23 15:30:00,0.11
2013-07-23 16:00:00,0.134
2013-07-23 16:30:00,0.814
2013-07-23 17:00:00,0.554
2013-07-23 17:30:00,0.179
2013-07-23 18:00:00,0.181
2013-07-23 18:30:00,0.262
2013-07-23 19:00:00,0.516
2013-07-23 19:30:00,0.164
2013-07-23 20:00:00,0.175
2013-07-23 20:30:00,0.187
2013-07-23 21:00:00,0.159
2013-07-23 21:30:00,0.098
2013-07-23 22:00:00,0.142
2013-07-23 22:30:00,0.102
2013-07-23 23:00:00,0.128
2013-07-23 23:30:00,0.146
2013-07-24 00:00:00,0.105
2013-07-24 00:30:00,0.139
2013-07-24 01:00:00,0.086
2013-07-24 01:30:00,0.1
2013-07-24 02:00:00,0.14
2013-07-24 02:30:00,0.154
2013-07-24 03:00:00,0.087
2013-07-24 03:30:00,0.097
2013-07-24 04:00:00,0.32
2013-07-24 04:30:00,0.127
2013-07-24 05:00:00,0.152
2013-07-24 05:30:00,0.212
2013-07-24 06:00:00,0.152
2013-07-24 06:30:00,0.221
2013-07-24 07:00:00,0.112
2013-07-24 07:30:00,0.08
2013-07-24 08:00:00,0.224
2013-07-24 08:30:00,0.079
2013-07-24 09:00:00,0.106
2013-07-24 09:30:00,0.083
2013-07-24 10:00:00,0.166
2013-07-24 10:30:00,0.093
2013-07-24 11:00:00,0.099
2013-07-24 11:30:00,0.135
2013-07-24 12:00:00,0.102
2013-07-24 12:30:00,0.176
2013-07-24 13:00:00,0.208
2013-07-24 13:30:00,0.124
2013-07-24 14:00:00,0.122
2013-07-24 14:30:00,0.13
2013-07-24 15:00:00,0.106
2013-07-24 15:30:00,0.082
2013-07-24 16:00:00,0.156
2013-07-24 16:30:00,0.084
2013-07-24 17:00:00,0.151
2013-07-24 17:30:00,0.322
2013-07-24 18:00:00,0.294
2013-07-24 18:30:00,0.3
2013-07-24 19:00:00,0.336
2013-07-24 19:30:00,0.165
2013-07-24 20:00:00,0.125
2013-07-24 20:30:00,0.211
2013-07-24 21:00:00,0.121
2013-07-24 21:30:00,0.109
2013-07-24 22:00:00,0.133
2013-07-24 22:30:00,0.122
2013-07-24 23:00:00,0.097
2013-07-24 23:30:00,0.089
2013-07-25 00:00:00,0.161
2013-07-25 00:30:00,0.109
2013-07-25 01:00:00,0.102
2013-07-25 01:30:00,0.084
2013-07-25 02:00:00,0.197
2013-07-25 02:30:00,0.08
2013-07-25 03:00:00,0.105
2013-07-25 03:30:00,0.149
2013-07-25 04:00:00,0.227
2013-07-25 04:30:00,0.103
2013-07-25 05:00:00,0.181
2013-07-25 05:30:00,0.102
2013-07-25 06:00:00,0.127
2013-07-25 06:30:00,0.422
2013-07-25 07:00:00,0.166
2013-07-25 07:30:00,0.117
2013-07-25 08:00:00,0.386
2013-07-25 08:30:00,0.194
2013-07-25 09:00:00,0.316
2013-07-25 09:30:00,1.107
2013-07-25 10:00:00,0.18
2013-07-25 10:30:00,0.695
2013-07-25 11:00:00,0.715
2013-07-25 11:30:00,0.25
2013-07-25 12:00:00,0.103
2013-07-25 12:30:00,0.181
2013-07-25 13:00:00,0.174
2013-07-25 13:30:00,0.174
2013-07-25 14:00:00,0.128
2013-07-25 14:30:00,0.189
2013-07-25 15:00:00,0.188
2013-07-25 15:30:00,0.1
2013-07-25 16:00:00,0.114
2013-07-25 16:30:00,0.534
2013-07-25 17:00:00,0.988
2013-07-25 17:30:00,0.735
2013-07-25 18:00:00,1.291
2013-07-25 18:30:00,1.4680001
2013-07-25 19:00:00,1.296
2013-07-25 19:30:00,1.0650001
2013-07-25 20:00:00,0.766
2013-07-25 20:30:00,0.96
2013-07-25 21:00:00,0.634
2013-07-25 21:30:00,0.253
2013-07-25 22:00:00,0.202
2013-07-25 22:30:00,0.198
2013-07-25 23:00:00,0.167
2013-07-25 23:30:00,0.186
2013-07-26 00:00:00,0.158
2013-07-26 00:30:00,0.187
2013-07-26 01:00:00,0.159
2013-07-26 01:30:00,0.188
2013-07-26 02:00:00,0.159
2013-07-26 02:30:00,0.187
2013-07-26 03:00:00,0.16
2013-07-26 03:30:00,0.185
2013-07-26 04:00:00,0.581
2013-07-26 04:30:00,0.201
2013-07-26 05:00:00,0.19
2013-07-26 05:30:00,0.582
2013-07-26 06:00:00,0.709
2013-07-26 06:30:00,0.257
2013-07-26 07:00:00,1.132
2013-07-26 07:30:00,0.467
2013-07-26 08:00:00,0.189
2013-07-26 08:30:00,0.157
2013-07-26 09:00:00,0.171
2013-07-26 09:30:00,0.183
2013-07-26 10:00:00,0.158
2013-07-26 10:30:00,0.188
2013-07-26 11:00:00,0.158
2013-07-26 11:30:00,0.172
2013-07-26 12:00:00,0.187
2013-07-26 12:30:00,0.16
2013-07-26 13:00:00,0.274
2013-07-26 13:30:00,0.204
2013-07-26 14:00:00,0.193
2013-07-26 14:30:00,0.208
2013-07-26 15:00:00,0.215
2013-07-26 15:30:00,0.175
2013-07-26 16:00:00,0.166
2013-07-26 16:30:00,0.883
2013-07-26 17:00:00,0.699
2013-07-26 17:30:00,0.459
2013-07-26 18:00:00,0.127
2013-07-26 18:30:00,0.17
2013-07-26 19:00:00,0.157
2013-07-26 19:30:00,0.153
2013-07-26 20:00:00,0.137
2013-07-26 20:30:00,0.168
2013-07-26 21:00:00,0.124
2013-07-26 21:30:00,0.153
2013-07-26 22:00:00,0.122
2013-07-26 22:30:00,0.138
2013-07-26 23:00:00,0.146
2013-07-26 23:30:00,0.126
2013-07-27 00:00:00,0.122
2013-07-27 00:30:00,0.105
2013-07-27 01:00:00,0.084
2013-07-27 01:30:00,0.112
2013-07-27 02:00:00,0.086
2013-07-27 02:30:00,0.088
2013-07-27 03:00:00,0.111
2013-07-27 03:30:00,0.081
2013-07-27 04:00:00,0.511
2013-07-27 04:30:00,0.128
2013-07-27 05:00:00,0.099
2013-07-27 05:30:00,0.111
2013-07-27 06:00:00,0.125
2013-07-27 06:30:00,0.1
2013-07-27 07:00:00,0.119
2013-07-27 07:30:00,0.235
2013-07-27 08:00:00,0.105
2013-07-27 08:30:00,0.176
2013-07-27 09:00:00,0.477
2013-07-27 09:30:00,0.623
2013-07-27 10:00:00,0.443
2013-07-27 10:30:00,0.607
2013-07-27 11:00:00,0.613
2013-07-27 11:30:00,1.776
2013-07-27 12:00:00,1.7029999
2013-07-27 12:30:00,0.91
2013-07-27 13:00:00,0.18
2013-07-27 13:30:00,0.168
2013-07-27 14:00:00,0.172
2013-07-27 14:30:00,0.176
2013-07-27 15:00:00,0.394
2013-07-27 15:30:00,0.533
2013-07-27 16:00:00,0.16
2013-07-27 16:30:00,0.186
2013-07-27 17:00:00,0.159
2013-07-27 17:30:00,0.185
2013-07-27 18:00:00,0.158
2013-07-27 18:30:00,0.186
2013-07-27 19:00:00,0.16
2013-07-27 19:30:00,0.185
2013-07-27 20:00:00,0.164
2013-07-27 20:30:00,0.175
2013-07-27 21:00:00,0.171
2013-07-27 21:30:00,0.672
2013-07-27 22:00:00,0.181
2013-07-27 22:30:00,0.158
2013-07-27 23:00:00,0.133
2013-07-27 23:30:00,0.095
2013-07-28 00:00:00,0.116
2013-07-28 00:30:00,0.089
2013-07-28 01:00:00,0.119
2013-07-28 01:30:00,0.089
2013-07-28 02:00:00,0.112
2013-07-28 02:30:00,0.096
2013-07-28 03:00:00,0.102
2013-07-28 03:30:00,0.467
2013-07-28 04:00:00,0.179
2013-07-28 04:30:00,0.218
2013-07-28 05:00:00,0.891
2013-07-28 05:30:00,0.122
2013-07-28 06:00:00,0.15
2013-07-28 06:30:00,0.13
2013-07-28 07:00:00,0.709
2013-07-28 07:30:00,0.363
2013-07-28 08:00:00,1.054
2013-07-28 08:30:00,0.457
2013-07-28 09:00:00,1.205
2013-07-28 09:30:00,0.153
2013-07-28 10:00:00,0.436
2013-07-28 10:30:00,0.095
2013-07-28 11:00:00,0.081
2013-07-28 11:30:00,0.11
2013-07-28 12:00:00,0.085
2013-07-28 12:30:00,0.088
2013-07-28 13:00:00,0.418
2013-07-28 13:30:00,0.081
2013-07-28 14:00:00,0.109
2013-07-28 14:30:00,0.091
2013-07-28 15:00:00,0.084
2013-07-28 15:30:00,0.107
2013-07-28 16:00:00,0.08
2013-07-28 16:30:00,0.113
2013-07-28 17:00:00,0.079
2013-07-28 17:30:00,0.43
2013-07-28 18:00:00,0.093
2013-07-28 18:30:00,0.085
2013-07-28 19:00:00,0.109
2013-07-28 19:30:00,0.146
2013-07-28 20:00:00,0.186
2013-07-28 20:30:00,0.142
2013-07-28 21:00:00,0.129
2013-07-28 21:30:00,0.154
2013-07-28 22:00:00,0.107
2013-07-28 22:30:00,0.426
2013-07-28 23:00:00,0.11
2013-07-28 23:30:00,0.08
2013-07-29 00:00:00,0.093
2013-07-29 00:30:00,0.106
2013-07-29 01:00:00,0.081
2013-07-29 01:30:00,0.091
2013-07-29 02:00:00,0.104
2013-07-29 02:30:00,0.08
2013-07-29 03:00:00,0.098
2013-07-29 03:30:00,0.101
2013-07-29 04:00:00,0.581
2013-07-29 04:30:00,0.133
2013-07-29 05:00:00,0.1
2013-07-29 05:30:00,0.111
2013-07-29 06:00:00,0.123
2013-07-29 06:30:00,0.1
2013-07-29 07:00:00,0.121
2013-07-29 07:30:00,0.199
2013-07-29 08:00:00,0.111
2013-07-29 08:30:00,0.307
2013-07-29 09:00:00,0.463
2013-07-29 09:30:00,0.5
2013-07-29 10:00:00,0.163
2013-07-29 10:30:00,0.36
2013-07-29 11:00:00,0.487
2013-07-29 11:30:00,0.119
2013-07-29 12:00:00,0.102
2013-07-29 12:30:00,0.113
2013-07-29 13:00:00,0.085
2013-07-29 13:30:00,0.538
2013-07-29 14:00:00,0.122
2013-07-29 14:30:00,0.146
2013-07-29 15:00:00,0.143
2013-07-29 15:30:00,0.138
2013-07-29 16:00:00,0.151
2013-07-29 16:30:00,0.121
2013-07-29 17:00:00,0.696
2013-07-29 17:30:00,0.672
2013-07-29 18:00:00,1.237
2013-07-29 18:30:00,0.423
2013-07-29 19:00:00,1.4400001
2013-07-29 19:30:00,0.306
2013-07-29 20:00:00,0.113
2013-07-29 20:30:00,0.43
2013-07-29 21:00:00,0.118
2013-07-29 21:30:00,0.105
2013-07-29 22:00:00,0.108
2013-07-29 22:30:00,0.108
2013-07-29 23:00:00,0.103
2013-07-29 23:30:00,0.11
2013-07-30 00:00:00,0.38
2013-07-30 00:30:00,0.115
2013-07-30 01:00:00,0.088
2013-07-30 01:30:00,0.117
2013-07-30 02:00:00,0.089
2013-07-30 02:30:00,0.103
2013-07-30 03:00:00,0.113
2013-07-30 03:30:00,0.082
2013-07-30 04:00:00,0.559
2013-07-30 04:30:00,0.113
2013-07-30 05:00:00,0.106
2013-07-30 05:30:00,0.126
2013-07-30 06:00:00,0.1
2013-07-30 06:30:00,0.566
2013-07-30 07:00:00,0.279
2013-07-30 07:30:00,0.109
2013-07-30 08:00:00,0.396
2013-07-30 08:30:00,0.089
2013-07-30 09:00:00,0.11
2013-07-30 09:30:00,0.083
2013-07-30 10:00:00,0.099
2013-07-30 10:30:00,0.102
2013-07-30 11:00:00,0.09
2013-07-30 11:30:00,0.11
2013-07-30 12:00:00,0.385
2013-07-30 12:30:00,0.175
2013-07-30 13:00:00,0.144
2013-07-30 13:30:00,0.133
2013-07-30 14:00:00,0.138
2013-07-30 14:30:00,0.08
2013-07-30 15:00:00,0.114
2013-07-30 15:30:00,0.153
2013-07-30 16:00:00,0.131
2013-07-30 16:30:00,0.172
2013-07-30 17:00:00,0.456
2013-07-30 17:30:00,0.139
2013-07-30 18:00:00,0.173
2013-07-30 18:30:00,0.165
2013-07-30 19:00:00,0.925
2013-07-30 19:30:00,1.045
2013-07-30 20:00:00,0.717
2013-07-30 20:30:00,1.052
2013-07-30 21:00:00,0.373
2013-07-30 21:30:00,0.618
2013-07-30 22:00:00,0.573
2013-07-30 22:30:00,0.859
2013-07-30 23:00:00,0.585
2013-07-30 23:30:00,0.592
2013-07-31 00:00:00,0.395
2013-07-31 00:30:00,0.446
2013-07-31 01:00:00,0.282
2013-07-31 01:30:00,0.634
2013-07-31 02:00:00,0.252
2013-07-31 02:30:00,0.201
2013-07-31 03:00:00,0.203
2013-07-31 03:30:00,0.195
2013-07-31 04:00:00,0.759
2013-07-31 04:30:00,0.234
2013-07-31 05:00:00,0.196
2013-07-31 05:30:00,0.224
2013-07-31 06:00:00,0.31
2013-07-31 06:30:00,0.541
2013-07-31 07:00:00,0.19
2013-07-31 07:30:00,0.158
2013-07-31 08:00:00,0.199
2013-07-31 08:30:00,0.156
2013-07-31 09:00:00,0.197
2013-07-31 09:30:00,0.14
2013-07-31 10:00:00,0.432
2013-07-31 10:30:00,0.187
2013-07-31 11:00:00,0.102
2013-07-31 11:30:00,0.126
2013-07-31 12:00:00,0.11
2013-07-31 12:30:00,0.388
2013-07-31 13:00:00,0.408
2013-07-31 13:30:00,0.285
2013-07-31 14:00:00,0.242
2013-07-31 14:30:00,0.154
2013-07-31 15:00:00,0.102
2013-07-31 15:30:00,0.397
2013-07-31 16:00:00,0.125
2013-07-31 16:30:00,0.102
2013-07-31 17:00:00,0.134
2013-07-31 17:30:00,0.103
2013-07-31 18:00:00,0.113
2013-07-31 18:30:00,0.163
2013-07-31 19:00:00,0.739
2013-07-31 19:30:00,0.556
2013-07-31 20:00:00,0.57
2013-07-31 20:30:00,0.41
2013-07-31 21:00:00,1.425
2013-07-31 21:30:00,1.058
2013-07-31 22:00:00,0.416
2013-07-31 22:30:00,0.351
2013-07-31 23:00:00,0.397
2013-07-31 23:30:00,0.603
2013-08-01 00:00:00,0.331
2013-08-01 00:30:00,0.221
2013-08-01 01:00:00,0.282
2013-08-01 01:30:00,0.435
2013-08-01 02:00:00,0.238
2013-08-01 02:30:00,0.232
2013-08-01 03:00:00,0.232
2013-08-01 03:30:00,0.322
2013-08-01 04:00:00,0.556
2013-08-01 04:30:00,0.241
2013-08-01 05:00:00,0.257
2013-08-01 05:30:00,0.235
2013-08-01 06:00:00,0.262
2013-08-01 06:30:00,0.215
2013-08-01 07:00:00,0.314
2013-08-01 07:30:00,0.475
2013-08-01 08:00:00,0.2
2013-08-01 08:30:00,0.439
2013-08-01 09:00:00,0.271
2013-08-01 09:30:00,1.9349999
2013-08-01 10:00:00,0.462
2013-08-01 10:30:00,0.671
2013-08-01 11:00:00,1.427
2013-08-01 11:30:00,0.172
2013-08-01 12:00:00,0.176
2013-08-01 12:30:00,0.55
2013-08-01 13:00:00,0.781
2013-08-01 13:30:00,1.7869999
2013-08-01 14:00:00,0.293
2013-08-01 14:30:00,0.519
2013-08-01 15:00:00,0.285
2013-08-01 15:30:00,0.604
2013-08-01 16:00:00,0.46
2013-08-01 16:30:00,0.149
2013-08-01 17:00:00,0.23
2013-08-01 17:30:00,1.3049999
2013-08-01 18:00:00,0.43
2013-08-01 18:30:00,0.194
2013-08-01 19:00:00,0.685
2013-08-01 19:30:00,0.624
2013-08-01 20:00:00,0.302
2013-08-01 20:30:00,0.172
2013-08-01 21:00:00,0.417
2013-08-01 21:30:00,0.172
2013-08-01 22:00:00,0.119
2013-08-01 22:30:00,0.144
2013-08-01 23:00:00,0.178
2013-08-01 23:30:00,0.618
2013-08-02 00:00:00,0.218
2013-08-02 00:30:00,0.14
2013-08-02 01:00:00,0.147
2013-08-02 01:30:00,0.144
2013-08-02 02:00:00,0.136
2013-08-02 02:30:00,0.135
2013-08-02 03:00:00,0.392
2013-08-02 03:30:00,0.135
2013-08-02 04:00:00,0.253
2013-08-02 04:30:00,0.142
2013-08-02 05:00:00,0.42
2013-08-02 05:30:00,0.142
2013-08-02 06:00:00,0.145
2013-08-02 06:30:00,0.899
2013-08-02 07:00:00,0.407
2013-08-02 07:30:00,0.149
2013-08-02 08:00:00,0.14
2013-08-02 08:30:00,0.121
2013-08-02 09:00:00,0.397
2013-08-02 09:30:00,0.135
2013-08-02 10:00:00,0.11
2013-08-02 10:30:00,0.138
2013-08-02 11:00:00,0.148
2013-08-02 11:30:00,0.237
2013-08-02 12:00:00,0.256
2013-08-02 12:30:00,0.182
2013-08-02 13:00:00,0.477
2013-08-02 13:30:00,0.305
2013-08-02 14:00:00,0.195
2013-08-02 14:30:00,0.182
2013-08-02 15:00:00,0.186
2013-08-02 15:30:00,0.674
2013-08-02 16:00:00,0.18
2013-08-02 16:30:00,0.138
2013-08-02 17:00:00,0.172
2013-08-02 17:30:00,0.138
2013-08-02 18:00:00,0.461
2013-08-02 18:30:00,0.138
2013-08-02 19:00:00,0.17
2013-08-02 19:30:00,0.142
2013-08-02 20:00:00,0.715
2013-08-02 20:30:00,0.195
2013-08-02 21:00:00,0.192
2013-08-02 21:30:00,0.157
2013-08-02 22:00:00,0.167
2013-08-02 22:30:00,0.378
2013-08-02 23:00:00,0.121
2013-08-02 23:30:00,0.099
2013-08-03 00:00:00,0.121
2013-08-03 00:30:00,0.096
2013-08-03 01:00:00,0.123
2013-08-03 01:30:00,0.096
2013-08-03 02:00:00,0.119
2013-08-03 02:30:00,0.1
2013-08-03 03:00:00,0.42
2013-08-03 03:30:00,0.228
2013-08-03 04:00:00,0.443
2013-08-03 04:30:00,0.156
2013-08-03 05:00:00,0.127
2013-08-03 05:30:00,0.132
2013-08-03 06:00:00,0.119
2013-08-03 06:30:00,0.266
2013-08-03 07:00:00,0.693
2013-08-03 07:30:00,0.162
2013-08-03 08:00:00,0.159
2013-08-03 08:30:00,0.219
2013-08-03 09:00:00,0.534
2013-08-03 09:30:00,1.339
2013-08-03 10:00:00,0.283
2013-08-03 10:30:00,0.429
2013-08-03 11:00:00,0.104
2013-08-03 11:30:00,0.112
2013-08-03 12:00:00,0.098
2013-08-03 12:30:00,0.121
2013-08-03 13:00:00,0.096
2013-08-03 13:30:00,0.121
2013-08-03 14:00:00,0.095
2013-08-03 14:30:00,0.419
2013-08-03 15:00:00,0.096
2013-08-03 15:30:00,0.123
2013-08-03 16:00:00,0.095
2013-08-03 16:30:00,0.12
2013-08-03 17:00:00,0.097
2013-08-03 17:30:00,0.112
2013-08-03 18:00:00,0.104
2013-08-03 18:30:00,0.105
2013-08-03 19:00:00,0.112
2013-08-03 19:30:00,0.414
2013-08-03 20:00:00,0.124
2013-08-03 20:30:00,0.096
2013-08-03 21:00:00,0.123
2013-08-03 21:30:00,0.095
2013-08-03 22:00:00,0.13
2013-08-03 22:30:00,1.127
2013-08-03 23:00:00,0.118
2013-08-03 23:30:00,0.124
2013-08-04 00:00:00,0.709
2013-08-04 00:30:00,0.872
2013-08-04 01:00:00,0.691
2013-08-04 01:30:00,0.074
2013-08-04 02:00:00,0.044
2013-08-04 02:30:00,0.07
2013-08-04 03:00:00,0.05
2013-08-04 03:30:00,0.065
2013-08-04 04:00:00,0.154
2013-08-04 04:30:00,0.155
2013-08-04 05:00:00,0.103
2013-08-04 05:30:00,0.069
2013-08-04 06:00:00,0.082
2013-08-04 06:30:00,0.064
2013-08-04 07:00:00,0.1
2013-08-04 07:30:00,0.191
2013-08-04 08:00:00,0.081
2013-08-04 08:30:00,0.043
2013-08-04 09:00:00,0.069
2013-08-04 09:30:00,0.042
2013-08-04 10:00:00,0.069
2013-08-04 10:30:00,0.044
2013-08-04 11:00:00,0.062
2013-08-04 11:30:00,0.051
2013-08-04 12:00:00,0.054
2013-08-04 12:30:00,0.058
2013-08-04 13:00:00,0.051
2013-08-04 13:30:00,0.06
2013-08-04 14:00:00,0.05
2013-08-04 14:30:00,0.062
2013-08-04 15:00:00,0.047
2013-08-04 15:30:00,0.071
2013-08-04 16:00:00,0.064
2013-08-04 16:30:00,0.068
2013-08-04 17:00:00,0.043
2013-08-04 17:30:00,0.069
2013-08-04 18:00:00,0.165
2013-08-04 18:30:00,0.936
2013-08-04 19:00:00,0.696
2013-08-04 19:30:00,0.331
2013-08-04 20:00:00,0.495
2013-08-04 20:30:00,0.144
2013-08-04 21:00:00,0.136
2013-08-04 21:30:00,0.122
2013-08-04 22:00:00,0.207
2013-08-04 22:30:00,0.228
2013-08-04 23:00:00,0.243
2013-08-04 23:30:00,0.197
2013-08-05 00:00:00,0.231
2013-08-05 00:30:00,0.15
2013-08-05 01:00:00,0.13
2013-08-05 01:30:00,0.125
2013-08-05 02:00:00,0.114
2013-08-05 02:30:00,0.114
2013-08-05 03:00:00,0.095
2013-08-05 03:30:00,0.129
2013-08-05 04:00:00,0.114
2013-08-05 04:30:00,0.123
2013-08-05 05:00:00,0.145
2013-08-05 05:30:00,0.123
2013-08-05 06:00:00,0.148
2013-08-05 06:30:00,0.117
2013-08-05 07:00:00,0.262
2013-08-05 07:30:00,0.112
2013-08-05 08:00:00,0.17
2013-08-05 08:30:00,0.355
2013-08-05 09:00:00,0.335
2013-08-05 09:30:00,0.231
2013-08-05 10:00:00,0.137
2013-08-05 10:30:00,1.7079999
2013-08-05 11:00:00,0.462
2013-08-05 11:30:00,0.132
2013-08-05 12:00:00,0.107
2013-08-05 12:30:00,0.242
2013-08-05 13:00:00,0.246
2013-08-05 13:30:00,0.216
2013-08-05 14:00:00,0.948
2013-08-05 14:30:00,0.246
2013-08-05 15:00:00,0.191
2013-08-05 15:30:00,0.167
2013-08-05 16:00:00,0.995
2013-08-05 16:30:00,0.156
2013-08-05 17:00:00,0.15
2013-08-05 17:30:00,0.136
2013-08-05 18:00:00,0.193
2013-08-05 18:30:00,0.323
2013-08-05 19:00:00,0.141
2013-08-05 19:30:00,0.182
2013-08-05 20:00:00,0.197
2013-08-05 20:30:00,0.223
2013-08-05 21:00:00,0.222
2013-08-05 21:30:00,0.181
2013-08-05 22:00:00,0.216
2013-08-05 22:30:00,0.257
2013-08-05 23:00:00,0.23
2013-08-05 23:30:00,0.258
2013-08-06 00:00:00,0.313
2013-08-06 00:30:00,0.253
2013-08-06 01:00:00,0.168
2013-08-06 01:30:00,0.207
2013-08-06 02:00:00,0.19
2013-08-06 02:30:00,0.219
2013-08-06 03:00:00,0.211
2013-08-06 03:30:00,0.228
2013-08-06 04:00:00,0.216
2013-08-06 04:30:00,0.267
2013-08-06 05:00:00,0.207
2013-08-06 05:30:00,0.301
2013-08-06 06:00:00,0.28
2013-08-06 06:30:00,0.478
2013-08-06 07:00:00,0.277
2013-08-06 07:30:00,0.425
2013-08-06 08:00:00,0.357
2013-08-06 08:30:00,0.233
2013-08-06 09:00:00,0.202
2013-08-06 09:30:00,0.196
2013-08-06 10:00:00,0.171
2013-08-06 10:30:00,0.177
2013-08-06 11:00:00,0.151
2013-08-06 11:30:00,0.243
2013-08-06 12:00:00,0.198
2013-08-06 12:30:00,0.153
2013-08-06 13:00:00,0.189
2013-08-06 13:30:00,0.164
2013-08-06 14:00:00,0.176
2013-08-06 14:30:00,0.173
2013-08-06 15:00:00,0.154
2013-08-06 15:30:00,0.199
2013-08-06 16:00:00,0.18
2013-08-06 16:30:00,0.25
2013-08-06 17:00:00,0.208
2013-08-06 17:30:00,0.185
2013-08-06 18:00:00,0.213
2013-08-06 18:30:00,0.196
2013-08-06 19:00:00,0.227
2013-08-06 19:30:00,0.263
2013-08-06 20:00:00,0.268
2013-08-06 20:30:00,0.284
2013-08-06 21:00:00,0.307
2013-08-06 21:30:00,1.003
2013-08-06 22:00:00,0.802
2013-08-06 22:30:00,0.312
2013-08-06 23:00:00,0.817
2013-08-06 23:30:00,0.299
2013-08-07 00:00:00,0.308
2013-08-07 00:30:00,0.261
2013-08-07 01:00:00,0.219
2013-08-07 01:30:00,0.224
2013-08-07 02:00:00,0.206
2013-08-07 02:30:00,0.231
2013-08-07 03:00:00,0.196
2013-08-07 03:30:00,0.248
2013-08-07 04:00:00,0.195
2013-08-07 04:30:00,0.245
2013-08-07 05:00:00,0.226
2013-08-07 05:30:00,0.296
2013-08-07 06:00:00,0.276
2013-08-07 06:30:00,0.394
2013-08-07 07:00:00,0.266
2013-08-07 07:30:00,0.344
2013-08-07 08:00:00,0.252
2013-08-07 08:30:00,0.206
2013-08-07 09:00:00,0.218
2013-08-07 09:30:00,0.173
2013-08-07 10:00:00,0.151
2013-08-07 10:30:00,0.175
2013-08-07 11:00:00,0.159
2013-08-07 11:30:00,0.288
2013-08-07 12:00:00,0.304
2013-08-07 12:30:00,0.347
2013-08-07 13:00:00,0.243
2013-08-07 13:30:00,0.188
2013-08-07 14:00:00,0.188
2013-08-07 14:30:00,0.186
2013-08-07 15:00:00,0.28
2013-08-07 15:30:00,1.778
2013-08-07 16:00:00,1.765
2013-08-07 16:30:00,1.767
2013-08-07 17:00:00,1.803
2013-08-07 17:30:00,0.75
2013-08-07 18:00:00,0.227
2013-08-07 18:30:00,1.058
2013-08-07 19:00:00,0.228
2013-08-07 19:30:00,0.247
2013-08-07 20:00:00,0.298
2013-08-07 20:30:00,0.238
2013-08-07 21:00:00,0.234
2013-08-07 21:30:00,0.213
2013-08-07 22:00:00,0.319
2013-08-07 22:30:00,0.756
2013-08-07 23:00:00,0.363
2013-08-07 23:30:00,0.257
2013-08-08 00:00:00,0.27
2013-08-08 00:30:00,0.208
2013-08-08 01:00:00,0.264
2013-08-08 01:30:00,0.583
2013-08-08 02:00:00,0.233
2013-08-08 02:30:00,0.21
2013-08-08 03:00:00,0.249
2013-08-08 03:30:00,0.261
2013-08-08 04:00:00,0.249
2013-08-08 04:30:00,0.293
2013-08-08 05:00:00,0.255
2013-08-08 05:30:00,0.34
2013-08-08 06:00:00,0.287
2013-08-08 06:30:00,0.306
2013-08-08 07:00:00,0.701
2013-08-08 07:30:00,0.409
2013-08-08 08:00:00,0.306
2013-08-08 08:30:00,0.978
2013-08-08 09:00:00,1.1799999
2013-08-08 09:30:00,2.1110001
2013-08-08 10:00:00,1.895
2013-08-08 10:30:00,1.262
2013-08-08 11:00:00,1.204
2013-08-08 11:30:00,0.906
2013-08-08 12:00:00,0.359
2013-08-08 12:30:00,0.373
2013-08-08 13:00:00,0.548
2013-08-08 13:30:00,0.222
2013-08-08 14:00:00,0.348
2013-08-08 14:30:00,0.265
2013-08-08 15:00:00,0.276
2013-08-08 15:30:00,0.681
2013-08-08 16:00:00,1.243
2013-08-08 16:30:00,0.878
2013-08-08 17:00:00,0.326
2013-08-08 17:30:00,0.625
2013-08-08 18:00:00,1.2640001
2013-08-08 18:30:00,2.8970001
2013-08-08 19:00:00,1.2460001
2013-08-08 19:30:00,0.837
2013-08-08 20:00:00,0.447
2013-08-08 20:30:00,0.15
2013-08-08 21:00:00,0.164
2013-08-08 21:30:00,0.371
2013-08-08 22:00:00,0.149
2013-08-08 22:30:00,0.125
2013-08-08 23:00:00,0.168
2013-08-08 23:30:00,0.208
2013-08-09 00:00:00,0.306
2013-08-09 00:30:00,0.604
2013-08-09 01:00:00,0.193
2013-08-09 01:30:00,0.191
2013-08-09 02:00:00,0.508
2013-08-09 02:30:00,0.192
2013-08-09 03:00:00,0.241
2013-08-09 03:30:00,0.199
2013-08-09 04:00:00,0.243
2013-08-09 04:30:00,0.218
2013-08-09 05:00:00,0.257
2013-08-09 05:30:00,0.237
2013-08-09 06:00:00,0.632
2013-08-09 06:30:00,0.228
2013-08-09 07:00:00,0.326
2013-08-09 07:30:00,0.636
2013-08-09 08:00:00,0.321
2013-08-09 08:30:00,0.302
2013-08-09 09:00:00,0.313
2013-08-09 09:30:00,0.702
2013-08-09 10:00:00,0.252
2013-08-09 10:30:00,0.272
2013-08-09 11:00:00,0.245
2013-08-09 11:30:00,0.528
2013-08-09 12:00:00,0.541
2013-08-09 12:30:00,0.259
2013-08-09 13:00:00,0.441
2013-08-09 13:30:00,0.2
2013-08-09 14:00:00,0.221
2013-08-09 14:30:00,0.209
2013-08-09 15:00:00,0.211
2013-08-09 15:30:00,0.479
2013-08-09 16:00:00,0.201
2013-08-09 16:30:00,0.225
2013-08-09 17:00:00,0.206
2013-08-09 17:30:00,0.211
2013-08-09 18:00:00,0.554
2013-08-09 18:30:00,0.579
2013-08-09 19:00:00,0.536
2013-08-09 19:30:00,0.324
2013-08-09 20:00:00,0.312
2013-08-09 20:30:00,0.545
2013-08-09 21:00:00,0.287
2013-08-09 21:30:00,0.553
2013-08-09 22:00:00,0.338
2013-08-09 22:30:00,0.313
2013-08-09 23:00:00,0.531
2013-08-09 23:30:00,0.243
2013-08-10 00:00:00,0.305
2013-08-10 00:30:00,0.234
2013-08-10 01:00:00,0.282
2013-08-10 01:30:00,0.269
2013-08-10 02:00:00,0.282
2013-08-10 02:30:00,0.291
2013-08-10 03:00:00,0.558
2013-08-10 03:30:00,0.304
2013-08-10 04:00:00,0.299
2013-08-10 04:30:00,0.306
2013-08-10 05:00:00,0.318
2013-08-10 05:30:00,0.312
2013-08-10 06:00:00,0.374
2013-08-10 06:30:00,0.618
2013-08-10 07:00:00,0.384
2013-08-10 07:30:00,0.343
2013-08-10 08:00:00,0.739
2013-08-10 08:30:00,0.866
2013-08-10 09:00:00,1.813
2013-08-10 09:30:00,1.355
2013-08-10 10:00:00,0.919
2013-08-10 10:30:00,0.251
2013-08-10 11:00:00,0.972
2013-08-10 11:30:00,1.053
2013-08-10 12:00:00,0.25
2013-08-10 12:30:00,0.26
2013-08-10 13:00:00,0.244
2013-08-10 13:30:00,0.272
2013-08-10 14:00:00,0.659
2013-08-10 14:30:00,0.649
2013-08-10 15:00:00,0.479
2013-08-10 15:30:00,0.214
2013-08-10 16:00:00,0.206
2013-08-10 16:30:00,0.202
2013-08-10 17:00:00,0.215
2013-08-10 17:30:00,0.455
2013-08-10 18:00:00,0.223
2013-08-10 18:30:00,0.198
2013-08-10 19:00:00,0.22
2013-08-10 19:30:00,0.205
2013-08-10 20:00:00,0.215
2013-08-10 20:30:00,0.499
2013-08-10 21:00:00,0.231
2013-08-10 21:30:00,0.232
2013-08-10 22:00:00,0.2
2013-08-10 22:30:00,0.174
2013-08-10 23:00:00,0.168
2013-08-10 23:30:00,0.176
2013-08-11 00:00:00,0.176
2013-08-11 00:30:00,0.451
2013-08-11 01:00:00,0.181
2013-08-11 01:30:00,0.172
2013-08-11 02:00:00,0.186
2013-08-11 02:30:00,0.178
2013-08-11 03:00:00,0.197
2013-08-11 03:30:00,0.198
2013-08-11 04:00:00,0.181
2013-08-11 04:30:00,0.223
2013-08-11 05:00:00,0.49
2013-08-11 05:30:00,0.236
2013-08-11 06:00:00,0.173
2013-08-11 06:30:00,0.225
2013-08-11 07:00:00,0.177
2013-08-11 07:30:00,0.374
2013-08-11 08:00:00,0.23
2013-08-11 08:30:00,0.197
2013-08-11 09:00:00,0.206
2013-08-11 09:30:00,1.3150001
2013-08-11 10:00:00,1.018
2013-08-11 10:30:00,0.365
2013-08-11 11:00:00,0.615
2013-08-11 11:30:00,0.094
2013-08-11 12:00:00,0.379
2013-08-11 12:30:00,0.099
2013-08-11 13:00:00,0.081
2013-08-11 13:30:00,0.109
2013-08-11 14:00:00,0.082
2013-08-11 14:30:00,0.391
2013-08-11 15:00:00,0.082
2013-08-11 15:30:00,0.102
2013-08-11 16:00:00,0.09
2013-08-11 16:30:00,0.093
2013-08-11 17:00:00,0.108
2013-08-11 17:30:00,0.364
2013-08-11 18:00:00,0.093
2013-08-11 18:30:00,0.102
2013-08-11 19:00:00,0.091
2013-08-11 19:30:00,0.119
2013-08-11 20:00:00,0.185
2013-08-11 20:30:00,0.261
2013-08-11 21:00:00,0.274
2013-08-11 21:30:00,0.461
2013-08-11 22:00:00,0.156
2013-08-11 22:30:00,0.173
2013-08-11 23:00:00,0.171
2013-08-11 23:30:00,0.175
2013-08-12 00:00:00,0.186
2013-08-12 00:30:00,0.182
2013-08-12 01:00:00,0.176
2013-08-12 01:30:00,0.217
2013-08-12 02:00:00,0.482
2013-08-12 02:30:00,0.23
2013-08-12 03:00:00,0.192
2013-08-12 03:30:00,0.238
2013-08-12 04:00:00,0.393
2013-08-12 04:30:00,0.266
2013-08-12 05:00:00,0.544
2013-08-12 05:30:00,0.286
2013-08-12 06:00:00,0.221
2013-08-12 06:30:00,0.266
2013-08-12 07:00:00,0.239
2013-08-12 07:30:00,0.239
2013-08-12 08:00:00,0.297
2013-08-12 08:30:00,0.525
2013-08-12 09:00:00,0.196
2013-08-12 09:30:00,0.604
2013-08-12 10:00:00,1.408
2013-08-12 10:30:00,1.604
2013-08-12 11:00:00,1.137
2013-08-12 11:30:00,0.174
2013-08-12 12:00:00,0.109
2013-08-12 12:30:00,0.087
2013-08-12 13:00:00,0.416
2013-08-12 13:30:00,0.125
2013-08-12 14:00:00,0.149
2013-08-12 14:30:00,0.122
2013-08-12 15:00:00,0.129
2013-08-12 15:30:00,0.362
2013-08-12 16:00:00,0.084
2013-08-12 16:30:00,1.022
2013-08-12 17:00:00,1.219
2013-08-12 17:30:00,0.707
2013-08-12 18:00:00,0.567
2013-08-12 18:30:00,0.292
2013-08-12 19:00:00,0.206
2013-08-12 19:30:00,1.359
2013-08-12 20:00:00,0.162
2013-08-12 20:30:00,0.151
2013-08-12 21:00:00,0.162
2013-08-12 21:30:00,0.389
2013-08-12 22:00:00,0.167
2013-08-12 22:30:00,0.143
2013-08-12 23:00:00,0.172
2013-08-12 23:30:00,0.164
2013-08-13 00:00:00,0.176
2013-08-13 00:30:00,0.192
2013-08-13 01:00:00,0.339
2013-08-13 01:30:00,0.312
2013-08-13 02:00:00,0.173
2013-08-13 02:30:00,0.265
2013-08-13 03:00:00,0.189
2013-08-13 03:30:00,0.269
2013-08-13 04:00:00,0.583
2013-08-13 04:30:00,0.31
2013-08-13 05:00:00,0.248
2013-08-13 05:30:00,0.315
2013-08-13 06:00:00,0.231
2013-08-13 06:30:00,1.447
2013-08-13 07:00:00,0.952
2013-08-13 07:30:00,0.624
2013-08-13 08:00:00,0.744
2013-08-13 08:30:00,0.215
2013-08-13 09:00:00,0.154
2013-08-13 09:30:00,0.175
2013-08-13 10:00:00,0.338
2013-08-13 10:30:00,0.149
2013-08-13 11:00:00,0.107
2013-08-13 11:30:00,0.084
2013-08-13 12:00:00,0.094
2013-08-13 12:30:00,0.102
2013-08-13 13:00:00,0.197
2013-08-13 13:30:00,0.4
2013-08-13 14:00:00,0.126
2013-08-13 14:30:00,0.152
2013-08-13 15:00:00,0.127
2013-08-13 15:30:00,0.142
2013-08-13 16:00:00,0.124
2013-08-13 16:30:00,0.142
2013-08-13 17:00:00,0.63
2013-08-13 17:30:00,0.186
2013-08-13 18:00:00,0.424
2013-08-13 18:30:00,0.276
2013-08-13 19:00:00,0.45
2013-08-13 19:30:00,0.224
2013-08-13 20:00:00,0.668
2013-08-13 20:30:00,0.391
2013-08-13 21:00:00,0.248
2013-08-13 21:30:00,0.287
2013-08-13 22:00:00,0.233
2013-08-13 22:30:00,0.245
2013-08-13 23:00:00,0.233
2013-08-13 23:30:00,0.483
2013-08-14 00:00:00,0.224
2013-08-14 00:30:00,0.284
2013-08-14 01:00:00,0.209
2013-08-14 01:30:00,0.297
2013-08-14 02:00:00,0.213
2013-08-14 02:30:00,0.322
2013-08-14 03:00:00,0.481
2013-08-14 03:30:00,0.339
2013-08-14 04:00:00,0.219
2013-08-14 04:30:00,0.363
2013-08-14 05:00:00,0.243
2013-08-14 05:30:00,0.375
2013-08-14 06:00:00,0.401
2013-08-14 06:30:00,0.663
2013-08-14 07:00:00,0.577
2013-08-14 07:30:00,0.513
2013-08-14 08:00:00,0.269
2013-08-14 08:30:00,0.28
2013-08-14 09:00:00,0.212
2013-08-14 09:30:00,0.518
2013-08-14 10:00:00,0.196
2013-08-14 10:30:00,0.175
2013-08-14 11:00:00,0.139
2013-08-14 11:30:00,0.122
2013-08-14 12:00:00,0.644
2013-08-14 12:30:00,0.129
2013-08-14 13:00:00,0.137
2013-08-14 13:30:00,0.148
2013-08-14 14:00:00,0.743
2013-08-14 14:30:00,0.385
2013-08-14 15:00:00,0.187
2013-08-14 15:30:00,0.157
2013-08-14 16:00:00,0.125
2013-08-14 16:30:00,0.131
2013-08-14 17:00:00,0.13
2013-08-14 17:30:00,0.486
2013-08-14 18:00:00,0.831
2013-08-14 18:30:00,1.098
2013-08-14 19:00:00,0.833
2013-08-14 19:30:00,0.165
2013-08-14 20:00:00,0.431
2013-08-14 20:30:00,0.178
2013-08-14 21:00:00,0.172
2013-08-14 21:30:00,0.444
2013-08-14 22:00:00,0.169
2013-08-14 22:30:00,0.21
2013-08-14 23:00:00,0.174
2013-08-14 23:30:00,0.207
2013-08-15 00:00:00,0.192
2013-08-15 00:30:00,0.463
2013-08-15 01:00:00,0.194
2013-08-15 01:30:00,0.235
2013-08-15 02:00:00,0.182
2013-08-15 02:30:00,0.248
2013-08-15 03:00:00,0.174
2013-08-15 03:30:00,0.312
2013-08-15 04:00:00,0.493
2013-08-15 04:30:00,0.512
2013-08-15 05:00:00,0.228
2013-08-15 05:30:00,0.261
2013-08-15 06:00:00,0.243
2013-08-15 06:30:00,0.249
2013-08-15 07:00:00,0.21
2013-08-15 07:30:00,0.493
2013-08-15 08:00:00,0.301
2013-08-15 08:30:00,0.218
2013-08-15 09:00:00,0.173
2013-08-15 09:30:00,0.223
2013-08-15 10:00:00,0.596
2013-08-15 10:30:00,1.142
2013-08-15 11:00:00,1.299
2013-08-15 11:30:00,0.372
2013-08-15 12:00:00,0.116
2013-08-15 12:30:00,1.466
2013-08-15 13:00:00,0.639
2013-08-15 13:30:00,0.198
2013-08-15 14:00:00,0.158
2013-08-15 14:30:00,0.122
2013-08-15 15:00:00,0.152
2013-08-15 15:30:00,0.396
2013-08-15 16:00:00,0.26
2013-08-15 16:30:00,0.516
2013-08-15 17:00:00,2.099
2013-08-15 17:30:00,0.245
2013-08-15 18:00:00,0.608
2013-08-15 18:30:00,1.2819999
2013-08-15 19:00:00,0.879
2013-08-15 19:30:00,0.895
2013-08-15 20:00:00,0.516
2013-08-15 20:30:00,0.242
2013-08-15 21:00:00,0.22
2013-08-15 21:30:00,0.446
2013-08-15 22:00:00,0.202
2013-08-15 22:30:00,0.225
2013-08-15 23:00:00,0.214
2013-08-15 23:30:00,0.222
2013-08-16 00:00:00,0.236
2013-08-16 00:30:00,0.239
2013-08-16 01:00:00,0.473
2013-08-16 01:30:00,0.243
2013-08-16 02:00:00,0.249
2013-08-16 02:30:00,0.261
2013-08-16 03:00:00,0.236
2013-08-16 03:30:00,0.28
2013-08-16 04:00:00,0.633
2013-08-16 04:30:00,0.382
2013-08-16 05:00:00,0.261
2013-08-16 05:30:00,0.304
2013-08-16 06:00:00,0.282
2013-08-16 06:30:00,0.39
2013-08-16 07:00:00,0.677
2013-08-16 07:30:00,0.598
2013-08-16 08:00:00,0.237
2013-08-16 08:30:00,0.259
2013-08-16 09:00:00,0.232
2013-08-16 09:30:00,0.228
2013-08-16 10:00:00,0.468
2013-08-16 10:30:00,0.197
2013-08-16 11:00:00,0.231
2013-08-16 11:30:00,0.184
2013-08-16 12:00:00,0.179
2013-08-16 12:30:00,0.185
2013-08-16 13:00:00,0.169
2013-08-16 13:30:00,0.588
2013-08-16 14:00:00,0.24
2013-08-16 14:30:00,0.235
2013-08-16 15:00:00,0.217
2013-08-16 15:30:00,0.185
2013-08-16 16:00:00,0.193
2013-08-16 16:30:00,0.184
2013-08-16 17:00:00,0.454
2013-08-16 17:30:00,0.219
2013-08-16 18:00:00,0.746
2013-08-16 18:30:00,0.193
2013-08-16 19:00:00,0.214
2013-08-16 19:30:00,0.443
2013-08-16 20:00:00,0.228
2013-08-16 20:30:00,0.227
2013-08-16 21:00:00,0.532
2013-08-16 21:30:00,0.646
2013-08-16 22:00:00,1.577
2013-08-16 22:30:00,1.2359999
2013-08-16 23:00:00,1.251
2013-08-16 23:30:00,0.477
2013-08-17 00:00:00,0.158
2013-08-17 00:30:00,0.141
2013-08-17 01:00:00,0.17
2013-08-17 01:30:00,0.133
2013-08-17 02:00:00,0.172
2013-08-17 02:30:00,0.163
2013-08-17 03:00:00,0.397
2013-08-17 03:30:00,0.202
2013-08-17 04:00:00,0.157
2013-08-17 04:30:00,0.362
2013-08-17 05:00:00,0.89
2013-08-17 05:30:00,0.233
2013-08-17 06:00:00,0.464
2013-08-17 06:30:00,0.225
2013-08-17 07:00:00,0.351
2013-08-17 07:30:00,0.191
2013-08-17 08:00:00,0.471
2013-08-17 08:30:00,0.164
2013-08-17 09:00:00,0.179
2013-08-17 09:30:00,0.417
2013-08-17 10:00:00,0.139
2013-08-17 10:30:00,0.183
2013-08-17 11:00:00,0.126
2013-08-17 11:30:00,0.111
2013-08-17 12:00:00,0.105
2013-08-17 12:30:00,0.343
2013-08-17 13:00:00,0.083
2013-08-17 13:30:00,0.111
2013-08-17 14:00:00,0.082
2013-08-17 14:30:00,0.11
2013-08-17 15:00:00,0.093
2013-08-17 15:30:00,0.127
2013-08-17 16:00:00,0.118
2013-08-17 16:30:00,0.362
2013-08-17 17:00:00,0.135
2013-08-17 17:30:00,0.141
2013-08-17 18:00:00,0.166
2013-08-17 18:30:00,0.152
2013-08-17 19:00:00,0.183
2013-08-17 19:30:00,0.18
2013-08-17 20:00:00,0.17
2013-08-17 20:30:00,0.527
2013-08-17 21:00:00,0.658
2013-08-17 21:30:00,0.571
2013-08-17 22:00:00,1.849
2013-08-17 22:30:00,0.831
2013-08-17 23:00:00,0.322
2013-08-17 23:30:00,0.717
2013-08-18 00:00:00,0.176
2013-08-18 00:30:00,0.229
2013-08-18 01:00:00,0.399
2013-08-18 01:30:00,0.23
2013-08-18 02:00:00,0.173
2013-08-18 02:30:00,0.237
2013-08-18 03:00:00,0.176
2013-08-18 03:30:00,0.241
2013-08-18 04:00:00,0.18
2013-08-18 04:30:00,0.59
2013-08-18 05:00:00,0.663
2013-08-18 05:30:00,0.304
2013-08-18 06:00:00,0.35
2013-08-18 06:30:00,1.193
2013-08-18 07:00:00,0.85
2013-08-18 07:30:00,0.595
2013-08-18 08:00:00,1.14
2013-08-18 08:30:00,0.808
2013-08-18 09:00:00,1.533
2013-08-18 09:30:00,0.62
2013-08-18 10:00:00,0.328
2013-08-18 10:30:00,0.093
2013-08-18 11:00:00,0.117
2013-08-18 11:30:00,0.264
2013-08-18 12:00:00,0.162
2013-08-18 12:30:00,0.087
2013-08-18 13:00:00,0.094
2013-08-18 13:30:00,0.099
2013-08-18 14:00:00,0.082
2013-08-18 14:30:00,0.11
2013-08-18 15:00:00,0.309
2013-08-18 15:30:00,0.11
2013-08-18 16:00:00,0.082
2013-08-18 16:30:00,0.103
2013-08-18 17:00:00,0.09
2013-08-18 17:30:00,0.094
2013-08-18 18:00:00,0.111
2013-08-18 18:30:00,0.097
2013-08-18 19:00:00,0.428
2013-08-18 19:30:00,0.365
2013-08-18 20:00:00,0.5
2013-08-18 20:30:00,0.172
2013-08-18 21:00:00,0.189
2013-08-18 21:30:00,0.153
2013-08-18 22:00:00,0.19
2013-08-18 22:30:00,0.164
2013-08-18 23:00:00,0.44
2013-08-18 23:30:00,0.18
2013-08-19 00:00:00,0.205
2013-08-19 00:30:00,0.204
2013-08-19 01:00:00,0.207
2013-08-19 01:30:00,0.214
2013-08-19 02:00:00,0.229
2013-08-19 02:30:00,0.228
2013-08-19 03:00:00,0.505
2013-08-19 03:30:00,0.221
2013-08-19 04:00:00,0.357
2013-08-19 04:30:00,0.492
2013-08-19 05:00:00,0.252
2013-08-19 05:30:00,0.296
2013-08-19 06:00:00,0.254
2013-08-19 06:30:00,0.265
2013-08-19 07:00:00,0.262
2013-08-19 07:30:00,0.215
2013-08-19 08:00:00,0.632
2013-08-19 08:30:00,0.175
2013-08-19 09:00:00,0.217
2013-08-19 09:30:00,0.161
2013-08-19 10:00:00,0.173
2013-08-19 10:30:00,0.14
2013-08-19 11:00:00,0.101
2013-08-19 11:30:00,0.112
2013-08-19 12:00:00,0.797
2013-08-19 12:30:00,1.312
2013-08-19 13:00:00,0.182
2013-08-19 13:30:00,0.389
2013-08-19 14:00:00,0.65
2013-08-19 14:30:00,0.131
2013-08-19 15:00:00,0.148
2013-08-19 15:30:00,0.385
2013-08-19 16:00:00,0.109
2013-08-19 16:30:00,0.369
2013-08-19 17:00:00,0.116
2013-08-19 17:30:00,0.084
2013-08-19 18:00:00,1.448
2013-08-19 18:30:00,1.585
2013-08-19 19:00:00,2.234
2013-08-19 19:30:00,1.47
2013-08-19 20:00:00,0.716
2013-08-19 20:30:00,0.545
2013-08-19 21:00:00,0.758
2013-08-19 21:30:00,0.147
2013-08-19 22:00:00,0.154
2013-08-19 22:30:00,0.148
2013-08-19 23:00:00,0.402
2013-08-19 23:30:00,0.152
2013-08-20 00:00:00,0.197
2013-08-20 00:30:00,0.165
2013-08-20 01:00:00,0.202
2013-08-20 01:30:00,0.171
2013-08-20 02:00:00,0.206
2013-08-20 02:30:00,0.413
2013-08-20 03:00:00,0.2
2013-08-20 03:30:00,0.232
2013-08-20 04:00:00,0.39
2013-08-20 04:30:00,0.38
2013-08-20 05:00:00,0.218
2013-08-20 05:30:00,0.28
2013-08-20 06:00:00,0.227
2013-08-20 06:30:00,0.396
2013-08-20 07:00:00,0.241
2013-08-20 07:30:00,0.47
2013-08-20 08:00:00,0.193
2013-08-20 08:30:00,0.158
2013-08-20 09:00:00,0.164
2013-08-20 09:30:00,0.164
2013-08-20 10:00:00,0.138
2013-08-20 10:30:00,0.108
2013-08-20 11:00:00,0.325
2013-08-20 11:30:00,0.085
2013-08-20 12:00:00,0.112
2013-08-20 12:30:00,0.128
2013-08-20 13:00:00,0.169
2013-08-20 13:30:00,0.145
2013-08-20 14:00:00,0.367
2013-08-20 14:30:00,0.155
2013-08-20 15:00:00,0.124
2013-08-20 15:30:00,0.115
2013-08-20 16:00:00,0.092
2013-08-20 16:30:00,0.751
2013-08-20 17:00:00,0.172
2013-08-20 17:30:00,0.125
2013-08-20 18:00:00,0.925
2013-08-20 18:30:00,0.463
2013-08-20 19:00:00,1.063
2013-08-20 19:30:00,1.186
2013-08-20 20:00:00,0.887
2013-08-20 20:30:00,0.497
2013-08-20 21:00:00,0.169
2013-08-20 21:30:00,0.162
2013-08-20 22:00:00,0.178
2013-08-20 22:30:00,0.379
2013-08-20 23:00:00,0.157
2013-08-20 23:30:00,0.147
2013-08-21 00:00:00,0.164
2013-08-21 00:30:00,0.166
2013-08-21 01:00:00,0.17
2013-08-21 01:30:00,0.425
2013-08-21 02:00:00,0.166
2013-08-21 02:30:00,0.218
2013-08-21 03:00:00,0.164
2013-08-21 03:30:00,0.229
2013-08-21 04:00:00,0.501
2013-08-21 04:30:00,0.267
2013-08-21 05:00:00,0.191
2013-08-21 05:30:00,0.256
2013-08-21 06:00:00,0.29
2013-08-21 06:30:00,0.51
2013-08-21 07:00:00,0.207
2013-08-21 07:30:00,0.215
2013-08-21 08:00:00,0.155
2013-08-21 08:30:00,0.191
2013-08-21 09:00:00,0.132
2013-08-21 09:30:00,0.161
2013-08-21 10:00:00,0.392
2013-08-21 10:30:00,0.085
2013-08-21 11:00:00,0.112
2013-08-21 11:30:00,0.085
2013-08-21 12:00:00,0.089
2013-08-21 12:30:00,0.135
2013-08-21 13:00:00,0.434
2013-08-21 13:30:00,0.15
2013-08-21 14:00:00,0.106
2013-08-21 14:30:00,0.105
2013-08-21 15:00:00,0.086
2013-08-21 15:30:00,0.096
2013-08-21 16:00:00,0.097
2013-08-21 16:30:00,0.089
2013-08-21 17:00:00,0.396
2013-08-21 17:30:00,0.189
2013-08-21 18:00:00,0.84
2013-08-21 18:30:00,0.655
2013-08-21 19:00:00,0.516
2013-08-21 19:30:00,2.1600001
2013-08-21 20:00:00,1.324
2013-08-21 20:30:00,1.095
2013-08-21 21:00:00,0.328
2013-08-21 21:30:00,1.421
2013-08-21 22:00:00,0.535
2013-08-21 22:30:00,0.356
2013-08-21 23:00:00,0.234
2013-08-21 23:30:00,0.528
2013-08-22 00:00:00,0.218
2013-08-22 00:30:00,0.182
2013-08-22 01:00:00,0.193
2013-08-22 01:30:00,0.191
2013-08-22 02:00:00,0.411
2013-08-22 02:30:00,0.211
2013-08-22 03:00:00,0.175
2013-08-22 03:30:00,0.235
2013-08-22 04:00:00,0.554
2013-08-22 04:30:00,0.252
2013-08-22 05:00:00,0.225
2013-08-22 05:30:00,0.244
2013-08-22 06:00:00,0.277
2013-08-22 06:30:00,0.461
2013-08-22 07:00:00,0.264
2013-08-22 07:30:00,0.5
2013-08-22 08:00:00,1.479
2013-08-22 08:30:00,0.285
2013-08-22 09:00:00,0.516
2013-08-22 09:30:00,0.981
2013-08-22 10:00:00,0.546
2013-08-22 10:30:00,0.235
2013-08-22 11:00:00,0.225
2013-08-22 11:30:00,0.251
2013-08-22 12:00:00,0.409
2013-08-22 12:30:00,0.203
2013-08-22 13:00:00,0.263
2013-08-22 13:30:00,0.239
2013-08-22 14:00:00,0.215
2013-08-22 14:30:00,0.247
2013-08-22 15:00:00,0.345
2013-08-22 15:30:00,0.35
2013-08-22 16:00:00,0.217
2013-08-22 16:30:00,0.243
2013-08-22 17:00:00,0.233
2013-08-22 17:30:00,0.228
2013-08-22 18:00:00,0.436
2013-08-22 18:30:00,0.177
2013-08-22 19:00:00,0.216
2013-08-22 19:30:00,0.715
2013-08-22 20:00:00,0.859
2013-08-22 20:30:00,0.284
2013-08-22 21:00:00,0.35
2013-08-22 21:30:00,1.47
2013-08-22 22:00:00,1.526
2013-08-22 22:30:00,0.889
2013-08-22 23:00:00,0.916
2013-08-22 23:30:00,0.483
2013-08-23 00:00:00,0.349
2013-08-23 00:30:00,0.185
2013-08-23 01:00:00,0.189
2013-08-23 01:30:00,0.192
2013-08-23 02:00:00,0.398
2013-08-23 02:30:00,0.196
2013-08-23 03:00:00,0.184
2013-08-23 03:30:00,0.198
2013-08-23 04:00:00,0.172
2013-08-23 04:30:00,0.22
2013-08-23 05:00:00,0.535
2013-08-23 05:30:00,1.327
2013-08-23 06:00:00,2.7509999
2013-08-23 06:30:00,1.16
2013-08-23 07:00:00,0.99
2013-08-23 07:30:00,0.555
2013-08-23 08:00:00,0.156
2013-08-23 08:30:00,0.215
2013-08-23 09:00:00,0.335
2013-08-23 09:30:00,0.16
2013-08-23 10:00:00,0.46
2013-08-23 10:30:00,2.026
2013-08-23 11:00:00,0.385
2013-08-23 11:30:00,0.509
2013-08-23 12:00:00,0.122
2013-08-23 12:30:00,0.145
2013-08-23 13:00:00,0.127
2013-08-23 13:30:00,0.13
2013-08-23 14:00:00,0.332
2013-08-23 14:30:00,0.198
2013-08-23 15:00:00,0.135
2013-08-23 15:30:00,0.135
2013-08-23 16:00:00,0.125
2013-08-23 16:30:00,0.15
2013-08-23 17:00:00,0.122
2013-08-23 17:30:00,0.132
2013-08-23 18:00:00,0.14
2013-08-23 18:30:00,0.356
2013-08-23 19:00:00,0.149
2013-08-23 19:30:00,0.118
2013-08-23 20:00:00,0.13
2013-08-23 20:30:00,0.142
2013-08-23 21:00:00,0.118
2013-08-23 21:30:00,0.138
2013-08-23 22:00:00,0.147
2013-08-23 22:30:00,0.137
2013-08-23 23:00:00,0.408
2013-08-23 23:30:00,0.184
2013-08-24 00:00:00,0.204
2013-08-24 00:30:00,0.182
2013-08-24 01:00:00,0.131
2013-08-24 01:30:00,0.181
2013-08-24 02:00:00,0.143
2013-08-24 02:30:00,0.168
2013-08-24 03:00:00,0.16
2013-08-24 03:30:00,0.42
2013-08-24 04:00:00,0.15
2013-08-24 04:30:00,0.184
2013-08-24 05:00:00,0.141
2013-08-24 05:30:00,0.19
2013-08-24 06:00:00,0.168
2013-08-24 06:30:00,0.168
2013-08-24 07:00:00,0.166
2013-08-24 07:30:00,0.197
2013-08-24 08:00:00,0.14
2013-08-24 08:30:00,0.493
2013-08-24 09:00:00,0.152
2013-08-24 09:30:00,0.176
2013-08-24 10:00:00,0.165
2013-08-24 10:30:00,0.157
2013-08-24 11:00:00,0.143
2013-08-24 11:30:00,0.171
2013-08-24 12:00:00,0.235
2013-08-24 12:30:00,0.275
2013-08-24 13:00:00,0.161
2013-08-24 13:30:00,0.161
2013-08-24 14:00:00,0.483
2013-08-24 14:30:00,0.155
2013-08-24 15:00:00,0.15
2013-08-24 15:30:00,0.137
2013-08-24 16:00:00,0.124
2013-08-24 16:30:00,0.157
2013-08-24 17:00:00,0.117
2013-08-24 17:30:00,0.167
2013-08-24 18:00:00,0.117
2013-08-24 18:30:00,0.167
2013-08-24 19:00:00,0.186
2013-08-24 19:30:00,0.397
2013-08-24 20:00:00,0.155
2013-08-24 20:30:00,0.165
2013-08-24 21:00:00,0.142
2013-08-24 21:30:00,0.195
2013-08-24 22:00:00,0.136
2013-08-24 22:30:00,0.218
2013-08-24 23:00:00,0.142
2013-08-24 23:30:00,0.213
2013-08-25 00:00:00,0.489
2013-08-25 00:30:00,0.282
2013-08-25 01:00:00,0.351
2013-08-25 01:30:00,0.391
2013-08-25 02:00:00,0.256
2013-08-25 02:30:00,0.337
2013-08-25 03:00:00,0.236
2013-08-25 03:30:00,0.356
2013-08-25 04:00:00,0.218
2013-08-25 04:30:00,0.341
2013-08-25 05:00:00,0.25
2013-08-25 05:30:00,0.44
2013-08-25 06:00:00,0.507
2013-08-25 06:30:00,0.346
2013-08-25 07:00:00,0.244
2013-08-25 07:30:00,0.361
2013-08-25 08:00:00,0.248
2013-08-25 08:30:00,0.363
2013-08-25 09:00:00,0.248
2013-08-25 09:30:00,0.339
2013-08-25 10:00:00,0.252
2013-08-25 10:30:00,0.303
2013-08-25 11:00:00,0.228
2013-08-25 11:30:00,0.653
2013-08-25 12:00:00,0.207
2013-08-25 12:30:00,0.277
2013-08-25 13:00:00,0.159
2013-08-25 13:30:00,0.233
2013-08-25 14:00:00,0.161
2013-08-25 14:30:00,0.214
2013-08-25 15:00:00,0.176
2013-08-25 15:30:00,0.193
2013-08-25 16:00:00,0.174
2013-08-25 16:30:00,0.2
2013-08-25 17:00:00,0.464
2013-08-25 17:30:00,0.29
2013-08-25 18:00:00,0.162
2013-08-25 18:30:00,0.206
2013-08-25 19:00:00,0.169
2013-08-25 19:30:00,0.206
2013-08-25 20:00:00,0.187
2013-08-25 20:30:00,0.372
2013-08-25 21:00:00,0.245
2013-08-25 21:30:00,0.249
2013-08-25 22:00:00,0.195
2013-08-25 22:30:00,0.294
2013-08-25 23:00:00,0.621
2013-08-25 23:30:00,0.329
2013-08-26 00:00:00,0.259
2013-08-26 00:30:00,0.389
2013-08-26 01:00:00,0.267
2013-08-26 01:30:00,0.359
2013-08-26 02:00:00,0.387
2013-08-26 02:30:00,0.304
2013-08-26 03:00:00,0.223
2013-08-26 03:30:00,0.312
2013-08-26 04:00:00,0.708
2013-08-26 04:30:00,0.307
2013-08-26 05:00:00,0.255
2013-08-26 05:30:00,0.312
2013-08-26 06:00:00,0.274
2013-08-26 06:30:00,0.296
2013-08-26 07:00:00,0.271
2013-08-26 07:30:00,0.881
2013-08-26 08:00:00,0.469
2013-08-26 08:30:00,0.568
2013-08-26 09:00:00,0.236
2013-08-26 09:30:00,0.244
2013-08-26 10:00:00,0.222
2013-08-26 10:30:00,0.229
2013-08-26 11:00:00,0.206
2013-08-26 11:30:00,0.5
2013-08-26 12:00:00,1.749
2013-08-26 12:30:00,0.717
2013-08-26 13:00:00,0.82
2013-08-26 13:30:00,0.25
2013-08-26 14:00:00,0.204
2013-08-26 14:30:00,0.206
2013-08-26 15:00:00,0.181
2013-08-26 15:30:00,0.516
2013-08-26 16:00:00,0.146
2013-08-26 16:30:00,0.198
2013-08-26 17:00:00,0.21
2013-08-26 17:30:00,0.155
2013-08-26 18:00:00,0.539
2013-08-26 18:30:00,0.165
2013-08-26 19:00:00,0.3
2013-08-26 19:30:00,0.88
2013-08-26 20:00:00,0.351
2013-08-26 20:30:00,0.509
2013-08-26 21:00:00,1.323
2013-08-26 21:30:00,0.321
2013-08-26 22:00:00,0.604
2013-08-26 22:30:00,0.354
2013-08-26 23:00:00,0.361
2013-08-26 23:30:00,0.349
2013-08-27 00:00:00,0.254
2013-08-27 00:30:00,0.256
2013-08-27 01:00:00,0.222
2013-08-27 01:30:00,0.529
2013-08-27 02:00:00,0.215
2013-08-27 02:30:00,0.276
2013-08-27 03:00:00,0.215
2013-08-27 03:30:00,0.285
2013-08-27 04:00:00,0.642
2013-08-27 04:30:00,0.313
2013-08-27 05:00:00,0.477
2013-08-27 05:30:00,0.299
2013-08-27 06:00:00,0.237
2013-08-27 06:30:00,0.721
2013-08-27 07:00:00,0.845
2013-08-27 07:30:00,0.558
2013-08-27 08:00:00,0.21
2013-08-27 08:30:00,0.253
2013-08-27 09:00:00,0.222
2013-08-27 09:30:00,0.251
2013-08-27 10:00:00,0.218
2013-08-27 10:30:00,0.511
2013-08-27 11:00:00,0.202
2013-08-27 11:30:00,0.219
2013-08-27 12:00:00,0.196
2013-08-27 12:30:00,0.281
2013-08-27 13:00:00,0.212
2013-08-27 13:30:00,0.229
2013-08-27 14:00:00,0.498
2013-08-27 14:30:00,0.178
2013-08-27 15:00:00,0.2
2013-08-27 15:30:00,0.185
2013-08-27 16:00:00,0.241
2013-08-27 16:30:00,0.264
2013-08-27 17:00:00,0.247
2013-08-27 17:30:00,0.569
2013-08-27 18:00:00,0.481
2013-08-27 18:30:00,0.358
2013-08-27 19:00:00,0.891
2013-08-27 19:30:00,0.719
2013-08-27 20:00:00,0.295
2013-08-27 20:30:00,0.765
2013-08-27 21:00:00,1.048
2013-08-27 21:30:00,0.947
2013-08-27 22:00:00,0.357
2013-08-27 22:30:00,0.78
2013-08-27 23:00:00,0.466
2013-08-27 23:30:00,0.556
2013-08-28 00:00:00,0.31
2013-08-28 00:30:00,0.305
2013-08-28 01:00:00,0.388
2013-08-28 01:30:00,0.616
2013-08-28 02:00:00,0.346
2013-08-28 02:30:00,0.399
2013-08-28 03:00:00,0.321
2013-08-28 03:30:00,0.442
2013-08-28 04:00:00,0.902
2013-08-28 04:30:00,0.524
2013-08-28 05:00:00,0.399
2013-08-28 05:30:00,1.1619999
2013-08-28 06:00:00,0.234
2013-08-28 06:30:00,0.77
2013-08-28 07:00:00,0.228
2013-08-28 07:30:00,0.438
2013-08-28 08:00:00,0.242
2013-08-28 08:30:00,0.695
2013-08-28 09:00:00,0.222
2013-08-28 09:30:00,0.413
2013-08-28 10:00:00,0.221
2013-08-28 10:30:00,0.5
2013-08-28 11:00:00,1.01
2013-08-28 11:30:00,0.626
2013-08-28 12:00:00,0.505
2013-08-28 12:30:00,0.413
2013-08-28 13:00:00,1.173
2013-08-28 13:30:00,0.471
2013-08-28 14:00:00,0.357
2013-08-28 14:30:00,0.442
2013-08-28 15:00:00,0.193
2013-08-28 15:30:00,0.374
2013-08-28 16:00:00,0.207
2013-08-28 16:30:00,0.635
2013-08-28 17:00:00,0.204
2013-08-28 17:30:00,0.286
2013-08-28 18:00:00,0.255
2013-08-28 18:30:00,1.715
2013-08-28 19:00:00,0.864
2013-08-28 19:30:00,0.986
2013-08-28 20:00:00,1.76
2013-08-28 20:30:00,1.814
2013-08-28 21:00:00,0.986
2013-08-28 21:30:00,0.261
2013-08-28 22:00:00,0.386
2013-08-28 22:30:00,0.653
2013-08-28 23:00:00,0.438
2013-08-28 23:30:00,0.322
2013-08-29 00:00:00,0.429
2013-08-29 00:30:00,0.337
2013-08-29 01:00:00,0.642
2013-08-29 01:30:00,0.34
2013-08-29 02:00:00,0.254
2013-08-29 02:30:00,0.424
2013-08-29 03:00:00,0.226
2013-08-29 03:30:00,0.421
2013-08-29 04:00:00,0.858
2013-08-29 04:30:00,0.439
2013-08-29 05:00:00,0.228
2013-08-29 05:30:00,0.67
2013-08-29 06:00:00,0.337
2013-08-29 06:30:00,0.465
2013-08-29 07:00:00,0.356
2013-08-29 07:30:00,0.704
2013-08-29 08:00:00,0.242
2013-08-29 08:30:00,0.297
2013-08-29 09:00:00,0.354
2013-08-29 09:30:00,0.288
2013-08-29 10:00:00,0.328
2013-08-29 10:30:00,0.503
2013-08-29 11:00:00,0.326
2013-08-29 11:30:00,0.223
2013-08-29 12:00:00,0.32
2013-08-29 12:30:00,0.577
2013-08-29 13:00:00,2.1029999
2013-08-29 13:30:00,0.548
2013-08-29 14:00:00,0.697
2013-08-29 14:30:00,0.427
2013-08-29 15:00:00,0.373
2013-08-29 15:30:00,0.936
2013-08-29 16:00:00,0.758
2013-08-29 16:30:00,1.095
2013-08-29 17:00:00,1.061
2013-08-29 17:30:00,1.051
2013-08-29 18:00:00,1.432
2013-08-29 18:30:00,2.2869999
2013-08-29 19:00:00,1.84
2013-08-29 19:30:00,2.4489999
2013-08-29 20:00:00,1.192
2013-08-29 20:30:00,1.001
2013-08-29 21:00:00,0.535
2013-08-29 21:30:00,0.256
2013-08-29 22:00:00,0.625
2013-08-29 22:30:00,0.381
2013-08-29 23:00:00,0.483
2013-08-29 23:30:00,0.579
2013-08-30 00:00:00,0.486
2013-08-30 00:30:00,0.651
2013-08-30 01:00:00,0.353
2013-08-30 01:30:00,0.316
2013-08-30 02:00:00,0.181
2013-08-30 02:30:00,0.259
2013-08-30 03:00:00,0.191
2013-08-30 03:30:00,0.489
2013-08-30 04:00:00,0.412
2013-08-30 04:30:00,0.376
2013-08-30 05:00:00,0.228
2013-08-30 05:30:00,0.321
2013-08-30 06:00:00,0.394
2013-08-30 06:30:00,0.499
2013-08-30 07:00:00,0.21
2013-08-30 07:30:00,0.258
2013-08-30 08:00:00,0.195
2013-08-30 08:30:00,0.259
2013-08-30 09:00:00,0.177
2013-08-30 09:30:00,0.467
2013-08-30 10:00:00,0.167
2013-08-30 10:30:00,0.268
2013-08-30 11:00:00,0.239
2013-08-30 11:30:00,0.336
2013-08-30 12:00:00,0.451
2013-08-30 12:30:00,0.238
2013-08-30 13:00:00,0.179
2013-08-30 13:30:00,0.21
2013-08-30 14:00:00,0.164
2013-08-30 14:30:00,0.21
2013-08-30 15:00:00,0.162
2013-08-30 15:30:00,0.215
2013-08-30 16:00:00,0.433
2013-08-30 16:30:00,0.29
2013-08-30 17:00:00,0.213
2013-08-30 17:30:00,0.346
2013-08-30 18:00:00,0.299
2013-08-30 18:30:00,0.456
2013-08-30 19:00:00,0.728
2013-08-30 19:30:00,0.462
2013-08-30 20:00:00,0.199
2013-08-30 20:30:00,0.207
2013-08-30 21:00:00,1.053
2013-08-30 21:30:00,0.814
2013-08-30 22:00:00,0.512
2013-08-30 22:30:00,0.255
2013-08-30 23:00:00,0.485
2013-08-30 23:30:00,0.248
2013-08-31 00:00:00,0.247
2013-08-31 00:30:00,0.215
2013-08-31 01:00:00,0.312
2013-08-31 01:30:00,0.363
2013-08-31 02:00:00,0.194
2013-08-31 02:30:00,0.238
2013-08-31 03:00:00,0.192
2013-08-31 03:30:00,0.249
2013-08-31 04:00:00,0.402
2013-08-31 04:30:00,0.251
2013-08-31 05:00:00,0.289
2013-08-31 05:30:00,0.29
2013-08-31 06:00:00,0.217
2013-08-31 06:30:00,0.287
2013-08-31 07:00:00,0.439
2013-08-31 07:30:00,0.288
2013-08-31 08:00:00,0.366
2013-08-31 08:30:00,0.769
2013-08-31 09:00:00,0.221
2013-08-31 09:30:00,0.308
2013-08-31 10:00:00,0.238
2013-08-31 10:30:00,0.383
2013-08-31 11:00:00,1.9910001
2013-08-31 11:30:00,1.247
2013-08-31 12:00:00,0.589
2013-08-31 12:30:00,0.213
2013-08-31 13:00:00,0.183
2013-08-31 13:30:00,0.239
2013-08-31 14:00:00,0.235
2013-08-31 14:30:00,0.512
2013-08-31 15:00:00,0.194
2013-08-31 15:30:00,0.246
2013-08-31 16:00:00,0.2
2013-08-31 16:30:00,0.254
2013-08-31 17:00:00,0.209
2013-08-31 17:30:00,0.256
2013-08-31 18:00:00,0.51
2013-08-31 18:30:00,0.366
2013-08-31 19:00:00,0.223
2013-08-31 19:30:00,0.279
2013-08-31 20:00:00,0.466
2013-08-31 20:30:00,0.819
2013-08-31 21:00:00,1.654
2013-08-31 21:30:00,0.77
2013-08-31 22:00:00,0.234
2013-08-31 22:30:00,0.352
2013-08-31 23:00:00,0.266
2013-08-31 23:30:00,0.416
2013-09-01 00:00:00,0.292
2013-09-01 00:30:00,0.696
2013-09-01 01:00:00,0.489
2013-09-01 01:30:00,0.355
2013-09-01 02:00:00,0.393
2013-09-01 02:30:00,0.384
2013-09-01 03:00:00,0.411
2013-09-01 03:30:00,0.457
2013-09-01 04:00:00,0.378
2013-09-01 04:30:00,0.838
2013-09-01 05:00:00,0.323
2013-09-01 05:30:00,0.568
2013-09-01 06:00:00,0.485
2013-09-01 06:30:00,0.606
2013-09-01 07:00:00,0.96
2013-09-01 07:30:00,0.942
2013-09-01 08:00:00,0.299
2013-09-01 08:30:00,0.819
2013-09-01 09:00:00,0.334
2013-09-01 09:30:00,0.507
2013-09-01 10:00:00,0.63
2013-09-01 10:30:00,0.434
2013-09-01 11:00:00,0.385
2013-09-01 11:30:00,0.496
2013-09-01 12:00:00,0.208
2013-09-01 12:30:00,0.699
2013-09-01 13:00:00,0.264
2013-09-01 13:30:00,0.489
2013-09-01 14:00:00,0.335
2013-09-01 14:30:00,0.553
2013-09-01 15:00:00,0.72
2013-09-01 15:30:00,0.544
2013-09-01 16:00:00,0.37
2013-09-01 16:30:00,0.27
2013-09-01 17:00:00,0.22
2013-09-01 17:30:00,0.301
2013-09-01 18:00:00,0.239
2013-09-01 18:30:00,0.546
2013-09-01 19:00:00,0.669
2013-09-01 19:30:00,0.719
2013-09-01 20:00:00,0.379
2013-09-01 20:30:00,0.411
2013-09-01 21:00:00,1.058
2013-09-01 21:30:00,1.965
2013-09-01 22:00:00,0.806
2013-09-01 22:30:00,0.591
2013-09-01 23:00:00,0.5
2013-09-01 23:30:00,0.661
2013-09-02 00:00:00,0.633
2013-09-02 00:30:00,0.328
2013-09-02 01:00:00,0.496
2013-09-02 01:30:00,0.493
2013-09-02 02:00:00,0.398
2013-09-02 02:30:00,0.416
2013-09-02 03:00:00,0.374
2013-09-02 03:30:00,0.515
2013-09-02 04:00:00,0.396
2013-09-02 04:30:00,0.853
2013-09-02 05:00:00,0.293
2013-09-02 05:30:00,0.617
2013-09-02 06:00:00,0.346
2013-09-02 06:30:00,0.563
2013-09-02 07:00:00,0.544
2013-09-02 07:30:00,0.774
2013-09-02 08:00:00,0.471
2013-09-02 08:30:00,0.919
2013-09-02 09:00:00,0.688
2013-09-02 09:30:00,0.377
2013-09-02 10:00:00,2.1170001
2013-09-02 10:30:00,2.5280001
2013-09-02 11:00:00,0.737
2013-09-02 11:30:00,1.339
2013-09-02 12:00:00,0.686
2013-09-02 12:30:00,0.999
2013-09-02 13:00:00,1.599
2013-09-02 13:30:00,1.559
2013-09-02 14:00:00,1.17
2013-09-02 14:30:00,1.166
2013-09-02 15:00:00,0.486
2013-09-02 15:30:00,0.232
2013-09-02 16:00:00,0.552
2013-09-02 16:30:00,0.348
2013-09-02 17:00:00,0.54
2013-09-02 17:30:00,0.362
2013-09-02 18:00:00,0.871
2013-09-02 18:30:00,2.207
2013-09-02 19:00:00,1.342
2013-09-02 19:30:00,0.618
2013-09-02 20:00:00,1.007
2013-09-02 20:30:00,0.599
2013-09-02 21:00:00,1.251
2013-09-02 21:30:00,0.293
2013-09-02 22:00:00,0.325
2013-09-02 22:30:00,0.387
2013-09-02 23:00:00,0.329
2013-09-02 23:30:00,0.242
2013-09-03 00:00:00,0.631
2013-09-03 00:30:00,0.174
2013-09-03 01:00:00,0.265
2013-09-03 01:30:00,0.159
2013-09-03 02:00:00,0.201
2013-09-03 02:30:00,0.359
2013-09-03 03:00:00,0.215
2013-09-03 03:30:00,0.157
2013-09-03 04:00:00,0.617
2013-09-03 04:30:00,0.192
2013-09-03 05:00:00,0.436
2013-09-03 05:30:00,0.208
2013-09-03 06:00:00,0.229
2013-09-03 06:30:00,0.553
2013-09-03 07:00:00,0.389
2013-09-03 07:30:00,0.417
2013-09-03 08:00:00,0.209
2013-09-03 08:30:00,0.169
2013-09-03 09:00:00,0.425
2013-09-03 09:30:00,0.155
2013-09-03 10:00:00,0.237
2013-09-03 10:30:00,0.38
2013-09-03 11:00:00,0.208
2013-09-03 11:30:00,0.169
2013-09-03 12:00:00,0.179
2013-09-03 12:30:00,0.537
2013-09-03 13:00:00,0.545
2013-09-03 13:30:00,0.231
2013-09-03 14:00:00,0.388
2013-09-03 14:30:00,0.123
2013-09-03 15:00:00,0.707
2013-09-03 15:30:00,0.338
2013-09-03 16:00:00,0.146
2013-09-03 16:30:00,0.159
2013-09-03 17:00:00,0.146
2013-09-03 17:30:00,0.209
2013-09-03 18:00:00,1.138
2013-09-03 18:30:00,0.654
2013-09-03 19:00:00,0.763
2013-09-03 19:30:00,0.539
2013-09-03 20:00:00,0.924
2013-09-03 20:30:00,0.292
2013-09-03 21:00:00,1.0319999
2013-09-03 21:30:00,0.661
2013-09-03 22:00:00,0.347
2013-09-03 22:30:00,0.205
2013-09-03 23:00:00,0.349
2013-09-03 23:30:00,0.275
2013-09-04 00:00:00,0.593
2013-09-04 00:30:00,0.238
2013-09-04 01:00:00,0.227
2013-09-04 01:30:00,0.223
2013-09-04 02:00:00,0.23
2013-09-04 02:30:00,0.243
2013-09-04 03:00:00,0.407
2013-09-04 03:30:00,0.224
2013-09-04 04:00:00,0.829
2013-09-04 04:30:00,0.354
2013-09-04 05:00:00,0.275
2013-09-04 05:30:00,0.266
2013-09-04 06:00:00,0.774
2013-09-04 06:30:00,0.81
2013-09-04 07:00:00,0.256
2013-09-04 07:30:00,0.444
2013-09-04 08:00:00,0.255
2013-09-04 08:30:00,0.233
2013-09-04 09:00:00,0.313
2013-09-04 09:30:00,0.276
2013-09-04 10:00:00,0.465
2013-09-04 10:30:00,0.202
2013-09-04 11:00:00,0.244
2013-09-04 11:30:00,0.172
2013-09-04 12:00:00,0.477
2013-09-04 12:30:00,0.221
2013-09-04 13:00:00,0.325
2013-09-04 13:30:00,0.231
2013-09-04 14:00:00,0.185
2013-09-04 14:30:00,0.189
2013-09-04 15:00:00,0.369
2013-09-04 15:30:00,0.189
2013-09-04 16:00:00,0.18
2013-09-04 16:30:00,0.218
2013-09-04 17:00:00,0.247
2013-09-04 17:30:00,0.542
2013-09-04 18:00:00,0.253
2013-09-04 18:30:00,0.296
2013-09-04 19:00:00,0.387
2013-09-04 19:30:00,0.587
2013-09-04 20:00:00,0.833
2013-09-04 20:30:00,0.514
2013-09-04 21:00:00,0.653
2013-09-04 21:30:00,0.239
2013-09-04 22:00:00,0.197
2013-09-04 22:30:00,0.356
2013-09-04 23:00:00,0.334
2013-09-04 23:30:00,0.447
2013-09-05 00:00:00,0.199
2013-09-05 00:30:00,0.216
2013-09-05 01:00:00,0.149
2013-09-05 01:30:00,0.353
2013-09-05 02:00:00,0.316
2013-09-05 02:30:00,0.205
2013-09-05 03:00:00,0.159
2013-09-05 03:30:00,0.14
2013-09-05 04:00:00,0.342
2013-09-05 04:30:00,0.348
2013-09-05 05:00:00,0.187
2013-09-05 05:30:00,0.174
2013-09-05 06:00:00,0.238
2013-09-05 06:30:00,0.515
2013-09-05 07:00:00,0.436
2013-09-05 07:30:00,0.926
2013-09-05 08:00:00,0.962
2013-09-05 08:30:00,0.563
2013-09-05 09:00:00,0.657
2013-09-05 09:30:00,0.344
2013-09-05 10:00:00,0.518
2013-09-05 10:30:00,0.685
2013-09-05 11:00:00,1.369
2013-09-05 11:30:00,2.2130001
2013-09-05 12:00:00,1.348
2013-09-05 12:30:00,1.427
2013-09-05 13:00:00,0.557
2013-09-05 13:30:00,0.268
2013-09-05 14:00:00,0.427
2013-09-05 14:30:00,0.319
2013-09-05 15:00:00,0.273
2013-09-05 15:30:00,0.571
2013-09-05 16:00:00,0.148
2013-09-05 16:30:00,0.159
2013-09-05 17:00:00,0.539
2013-09-05 17:30:00,0.449
2013-09-05 18:00:00,0.77
2013-09-05 18:30:00,1.437
2013-09-05 19:00:00,0.944
2013-09-05 19:30:00,0.728
2013-09-05 20:00:00,0.573
2013-09-05 20:30:00,0.387
2013-09-05 21:00:00,0.371
2013-09-05 21:30:00,0.373
2013-09-05 22:00:00,0.753
2013-09-05 22:30:00,0.672
2013-09-05 23:00:00,0.263
2013-09-05 23:30:00,0.202
2013-09-06 00:00:00,0.335
2013-09-06 00:30:00,0.207
2013-09-06 01:00:00,0.231
2013-09-06 01:30:00,0.365
2013-09-06 02:00:00,0.169
2013-09-06 02:30:00,0.147
2013-09-06 03:00:00,0.177
2013-09-06 03:30:00,0.113
2013-09-06 04:00:00,0.456
2013-09-06 04:30:00,0.178
2013-09-06 05:00:00,0.188
2013-09-06 05:30:00,0.174
2013-09-06 06:00:00,0.204
2013-09-06 06:30:00,0.338
2013-09-06 07:00:00,0.599
2013-09-06 07:30:00,0.577
2013-09-06 08:00:00,0.55
2013-09-06 08:30:00,0.564
2013-09-06 09:00:00,0.375
2013-09-06 09:30:00,1.073
2013-09-06 10:00:00,0.403
2013-09-06 10:30:00,0.347
2013-09-06 11:00:00,0.629
2013-09-06 11:30:00,0.475
2013-09-06 12:00:00,0.489
2013-09-06 12:30:00,0.8
2013-09-06 13:00:00,1.039
2013-09-06 13:30:00,0.433
2013-09-06 14:00:00,0.659
2013-09-06 14:30:00,0.537
2013-09-06 15:00:00,0.168
2013-09-06 15:30:00,0.402
2013-09-06 16:00:00,0.163
2013-09-06 16:30:00,0.186
2013-09-06 17:00:00,0.4
2013-09-06 17:30:00,0.224
2013-09-06 18:00:00,0.224
2013-09-06 18:30:00,0.545
2013-09-06 19:00:00,0.544
2013-09-06 19:30:00,0.845
2013-09-06 20:00:00,1.238
2013-09-06 20:30:00,0.945
2013-09-06 21:00:00,1.056
2013-09-06 21:30:00,0.611
2013-09-06 22:00:00,0.693
2013-09-06 22:30:00,0.347
2013-09-06 23:00:00,0.27
2013-09-06 23:30:00,0.431
2013-09-07 00:00:00,0.572
2013-09-07 00:30:00,0.269
2013-09-07 01:00:00,0.35
2013-09-07 01:30:00,0.263
2013-09-07 02:00:00,0.202
2013-09-07 02:30:00,0.293
2013-09-07 03:00:00,0.545
2013-09-07 03:30:00,0.321
2013-09-07 04:00:00,0.248
2013-09-07 04:30:00,0.731
2013-09-07 05:00:00,0.798
2013-09-07 05:30:00,0.341
2013-09-07 06:00:00,0.398
2013-09-07 06:30:00,0.339
2013-09-07 07:00:00,0.27
2013-09-07 07:30:00,1.158
2013-09-07 08:00:00,1.0650001
2013-09-07 08:30:00,1.298
2013-09-07 09:00:00,2.402
2013-09-07 09:30:00,1.881
2013-09-07 10:00:00,1.429
2013-09-07 10:30:00,2.03
2013-09-07 11:00:00,0.726
2013-09-07 11:30:00,1.11
2013-09-07 12:00:00,0.897
2013-09-07 12:30:00,0.976
2013-09-07 13:00:00,0.872
2013-09-07 13:30:00,0.639
2013-09-07 14:00:00,0.587
2013-09-07 14:30:00,0.264
2013-09-07 15:00:00,0.299
2013-09-07 15:30:00,0.847
2013-09-07 16:00:00,0.644
2013-09-07 16:30:00,0.629
2013-09-07 17:00:00,0.725
2013-09-07 17:30:00,0.736
2013-09-07 18:00:00,0.742
2013-09-07 18:30:00,0.88
2013-09-07 19:00:00,0.495
2013-09-07 19:30:00,0.55
2013-09-07 20:00:00,0.437
2013-09-07 20:30:00,0.473
2013-09-07 21:00:00,0.533
2013-09-07 21:30:00,0.688
2013-09-07 22:00:00,0.648
2013-09-07 22:30:00,2.7019999
2013-09-07 23:00:00,2.484
2013-09-07 23:30:00,1.835
2013-09-08 00:00:00,1.704
2013-09-08 00:30:00,1.159
2013-09-08 01:00:00,1.316
2013-09-08 01:30:00,0.92
2013-09-08 02:00:00,1.5930001
2013-09-08 02:30:00,0.886
2013-09-08 03:00:00,1.258
2013-09-08 03:30:00,0.929
2013-09-08 04:00:00,1.353
2013-09-08 04:30:00,0.976
2013-09-08 05:00:00,1.852
2013-09-08 05:30:00,0.764
2013-09-08 06:00:00,1.444
2013-09-08 06:30:00,0.932
2013-09-08 07:00:00,1.089
2013-09-08 07:30:00,0.925
2013-09-08 08:00:00,1.373
2013-09-08 08:30:00,0.906
2013-09-08 09:00:00,2.9389999
2013-09-08 09:30:00,2.4820001
2013-09-08 10:00:00,1.082
2013-09-08 10:30:00,0.463
2013-09-08 11:00:00,2.2190001
2013-09-08 11:30:00,1.2180001
2013-09-08 12:00:00,1.322
2013-09-08 12:30:00,0.481
2013-09-08 13:00:00,0.165
2013-09-08 13:30:00,0.223
2013-09-08 14:00:00,0.349
2013-09-08 14:30:00,0.138
2013-09-08 15:00:00,0.246
2013-09-08 15:30:00,0.143
2013-09-08 16:00:00,0.442
2013-09-08 16:30:00,0.226
2013-09-08 17:00:00,0.356
2013-09-08 17:30:00,0.395
2013-09-08 18:00:00,0.513
2013-09-08 18:30:00,0.576
2013-09-08 19:00:00,0.84
2013-09-08 19:30:00,0.811
2013-09-08 20:00:00,0.863
2013-09-08 20:30:00,2.786
2013-09-08 21:00:00,2.092
2013-09-08 21:30:00,2.4130001
2013-09-08 22:00:00,1.6160001
2013-09-08 22:30:00,1.775
2013-09-08 23:00:00,1.466
2013-09-08 23:30:00,1.747
2013-09-09 00:00:00,1.215
2013-09-09 00:30:00,1.501
2013-09-09 01:00:00,1.226
2013-09-09 01:30:00,1.763
2013-09-09 02:00:00,1.242
2013-09-09 02:30:00,1.652
2013-09-09 03:00:00,1.209
2013-09-09 03:30:00,1.442
2013-09-09 04:00:00,1.271
2013-09-09 04:30:00,1.653
2013-09-09 05:00:00,1.059
2013-09-09 05:30:00,1.528
2013-09-09 06:00:00,1.053
2013-09-09 06:30:00,1.812
2013-09-09 07:00:00,1.404
2013-09-09 07:30:00,2.148
2013-09-09 08:00:00,1.365
2013-09-09 08:30:00,2.1900001
2013-09-09 09:00:00,2.2460001
2013-09-09 09:30:00,3.45
2013-09-09 10:00:00,1.335
2013-09-09 10:30:00,1.534
2013-09-09 11:00:00,1.67
2013-09-09 11:30:00,1.428
2013-09-09 12:00:00,1.092
2013-09-09 12:30:00,0.905
2013-09-09 13:00:00,1.0880001
2013-09-09 13:30:00,0.719
2013-09-09 14:00:00,0.874
2013-09-09 14:30:00,1.245
2013-09-09 15:00:00,0.72
2013-09-09 15:30:00,0.855
2013-09-09 16:00:00,0.889
2013-09-09 16:30:00,0.831
2013-09-09 17:00:00,1.499
2013-09-09 17:30:00,1.039
2013-09-09 18:00:00,1.411
2013-09-09 18:30:00,2.214
2013-09-09 19:00:00,2.316
2013-09-09 19:30:00,2.786
2013-09-09 20:00:00,1.1289999
2013-09-09 20:30:00,1.461
2013-09-09 21:00:00,1.374
2013-09-09 21:30:00,2.529
2013-09-09 22:00:00,1.22
2013-09-09 22:30:00,0.929
2013-09-09 23:00:00,1.153
2013-09-09 23:30:00,1.031
2013-09-10 00:00:00,1.1950001
2013-09-10 00:30:00,1.133
2013-09-10 01:00:00,1.084
2013-09-10 01:30:00,1.079
2013-09-10 02:00:00,1.243
2013-09-10 02:30:00,0.895
2013-09-10 03:00:00,0.999
2013-09-10 03:30:00,0.831
2013-09-10 04:00:00,1.005
2013-09-10 04:30:00,0.749
2013-09-10 05:00:00,0.723
2013-09-10 05:30:00,0.718
2013-09-10 06:00:00,0.721
2013-09-10 06:30:00,1.0470001
2013-09-10 07:00:00,0.732
2013-09-10 07:30:00,1.015
2013-09-10 08:00:00,0.873
2013-09-10 08:30:00,0.854
2013-09-10 09:00:00,0.765
2013-09-10 09:30:00,0.652
2013-09-10 10:00:00,0.854
2013-09-10 10:30:00,0.657
2013-09-10 11:00:00,0.747
2013-09-10 11:30:00,0.955
2013-09-10 12:00:00,0.76
2013-09-10 12:30:00,0.78
2013-09-10 13:00:00,0.77
2013-09-10 13:30:00,2.0150001
2013-09-10 14:00:00,2.1300001
2013-09-10 14:30:00,1.107
2013-09-10 15:00:00,0.702
2013-09-10 15:30:00,0.724
2013-09-10 16:00:00,0.697
2013-09-10 16:30:00,0.953
2013-09-10 17:00:00,0.93
2013-09-10 17:30:00,0.894
2013-09-10 18:00:00,0.91
2013-09-10 18:30:00,0.853
2013-09-10 19:00:00,0.802
2013-09-10 19:30:00,1.003
2013-09-10 20:00:00,0.744
2013-09-10 20:30:00,1.1849999
2013-09-10 21:00:00,1.1
2013-09-10 21:30:00,1.2029999
2013-09-10 22:00:00,0.846
2013-09-10 22:30:00,0.957
2013-09-10 23:00:00,0.944
2013-09-10 23:30:00,1.118
2013-09-11 00:00:00,0.989
2013-09-11 00:30:00,0.79
2013-09-11 01:00:00,0.855
2013-09-11 01:30:00,1.108
2013-09-11 02:00:00,1.0829999
2013-09-11 02:30:00,1.04
2013-09-11 03:00:00,0.931
2013-09-11 03:30:00,0.918
2013-09-11 04:00:00,1.326
2013-09-11 04:30:00,1.068
2013-09-11 05:00:00,1.026
2013-09-11 05:30:00,1.2690001
2013-09-11 06:00:00,1.28
2013-09-11 06:30:00,1.768
2013-09-11 07:00:00,1.283
2013-09-11 07:30:00,1.126
2013-09-11 08:00:00,1.523
2013-09-11 08:30:00,1.214
2013-09-11 09:00:00,1.321
2013-09-11 09:30:00,1.239
2013-09-11 10:00:00,1.186
2013-09-11 10:30:00,1.325
2013-09-11 11:00:00,1.191
2013-09-11 11:30:00,1.179
2013-09-11 12:00:00,1.712
2013-09-11 12:30:00,2.9820001
2013-09-11 13:00:00,1.9529999
2013-09-11 13:30:00,1.776
2013-09-11 14:00:00,1.4220001
2013-09-11 14:30:00,1.7589999
2013-09-11 15:00:00,1.577
2013-09-11 15:30:00,1.5190001
2013-09-11 16:00:00,1.485
2013-09-11 16:30:00,1.35
2013-09-11 17:00:00,1.3559999
2013-09-11 17:30:00,1.219
2013-09-11 18:00:00,1.6289999
2013-09-11 18:30:00,1.649
2013-09-11 19:00:00,1.696
2013-09-11 19:30:00,1.64
2013-09-11 20:00:00,1.663
2013-09-11 20:30:00,1.242
2013-09-11 21:00:00,1.075
2013-09-11 21:30:00,1.373
2013-09-11 22:00:00,1.364
2013-09-11 22:30:00,1.36
2013-09-11 23:00:00,1.094
2013-09-11 23:30:00,1.025
2013-09-12 00:00:00,1.091
2013-09-12 00:30:00,0.879
2013-09-12 01:00:00,1.388
2013-09-12 01:30:00,0.986
2013-09-12 02:00:00,1.0140001
2013-09-12 02:30:00,0.913
2013-09-12 03:00:00,0.985
2013-09-12 03:30:00,0.992
2013-09-12 04:00:00,1.5599999
2013-09-12 04:30:00,1.448
2013-09-12 05:00:00,1.115
2013-09-12 05:30:00,0.969
2013-09-12 06:00:00,0.974
2013-09-12 06:30:00,1.1289999
2013-09-12 07:00:00,1.03
2013-09-12 07:30:00,1.102
2013-09-12 08:00:00,1.322
2013-09-12 08:30:00,1.268
2013-09-12 09:00:00,1.494
2013-09-12 09:30:00,1.393
2013-09-12 10:00:00,1.8200001
2013-09-12 10:30:00,1.762
2013-09-12 11:00:00,3.526
2013-09-12 11:30:00,3.424
2013-09-12 12:00:00,3.563
2013-09-12 12:30:00,2.721
2013-09-12 13:00:00,1.456
2013-09-12 13:30:00,1.268
2013-09-12 14:00:00,1.122
2013-09-12 14:30:00,0.994
2013-09-12 15:00:00,0.877
2013-09-12 15:30:00,0.476
2013-09-12 16:00:00,1.3710001
2013-09-12 16:30:00,0.567
2013-09-12 17:00:00,0.902
2013-09-12 17:30:00,0.667
2013-09-12 18:00:00,1.133
2013-09-12 18:30:00,1.0549999
2013-09-12 19:00:00,0.993
2013-09-12 19:30:00,0.756
2013-09-12 20:00:00,0.6
2013-09-12 20:30:00,0.523
2013-09-12 21:00:00,0.84
2013-09-12 21:30:00,0.617
2013-09-12 22:00:00,0.782
2013-09-12 22:30:00,0.626
2013-09-12 23:00:00,0.664
2013-09-12 23:30:00,0.665
2013-09-13 00:00:00,0.664
2013-09-13 00:30:00,0.252
2013-09-13 01:00:00,0.45
2013-09-13 01:30:00,0.239
2013-09-13 02:00:00,0.459
2013-09-13 02:30:00,0.426
2013-09-13 03:00:00,0.552
2013-09-13 03:30:00,0.514
2013-09-13 04:00:00,0.718
2013-09-13 04:30:00,0.243
2013-09-13 05:00:00,0.479
2013-09-13 05:30:00,0.288
2013-09-13 06:00:00,0.438
2013-09-13 06:30:00,0.407
2013-09-13 07:00:00,0.589
2013-09-13 07:30:00,0.377
2013-09-13 08:00:00,0.651
2013-09-13 08:30:00,0.447
2013-09-13 09:00:00,0.387
2013-09-13 09:30:00,0.143
2013-09-13 10:00:00,0.213
2013-09-13 10:30:00,0.293
2013-09-13 11:00:00,0.584
2013-09-13 11:30:00,1.073
2013-09-13 12:00:00,0.82
2013-09-13 12:30:00,0.465
2013-09-13 13:00:00,0.594
2013-09-13 13:30:00,0.192
2013-09-13 14:00:00,0.315
2013-09-13 14:30:00,0.536
2013-09-13 15:00:00,0.342
2013-09-13 15:30:00,0.297
2013-09-13 16:00:00,0.438
2013-09-13 16:30:00,1.4069999
2013-09-13 17:00:00,1.807
2013-09-13 17:30:00,1.699
2013-09-13 18:00:00,0.485
2013-09-13 18:30:00,0.503
2013-09-13 19:00:00,0.478
2013-09-13 19:30:00,0.859
2013-09-13 20:00:00,1.61
2013-09-13 20:30:00,1.071
2013-09-13 21:00:00,1.173
2013-09-13 21:30:00,2.4189999
2013-09-13 22:00:00,2.0179999
2013-09-13 22:30:00,2.1199999
2013-09-13 23:00:00,1.319
2013-09-13 23:30:00,1.71
2013-09-14 00:00:00,1.273
2013-09-14 00:30:00,1.436
2013-09-14 01:00:00,1.2
2013-09-14 01:30:00,1.551
2013-09-14 02:00:00,1.1569999
2013-09-14 02:30:00,1.39
2013-09-14 03:00:00,1.124
2013-09-14 03:30:00,1.369
2013-09-14 04:00:00,1.087
2013-09-14 04:30:00,1.448
2013-09-14 05:00:00,1.564
2013-09-14 05:30:00,1.413
2013-09-14 06:00:00,1.177
2013-09-14 06:30:00,1.7180001
2013-09-14 07:00:00,1.199
2013-09-14 07:30:00,2.312
2013-09-14 08:00:00,1.622
2013-09-14 08:30:00,2.7479999
2013-09-14 09:00:00,2.5899999
2013-09-14 09:30:00,2.0320001
2013-09-14 10:00:00,1.931
2013-09-14 10:30:00,3.0569999
2013-09-14 11:00:00,2.4289999
2013-09-14 11:30:00,3.036
2013-09-14 12:00:00,2.1270001
2013-09-14 12:30:00,1.188
2013-09-14 13:00:00,1.454
2013-09-14 13:30:00,1.705
2013-09-14 14:00:00,1.377
2013-09-14 14:30:00,1.189
2013-09-14 15:00:00,1.1670001
2013-09-14 15:30:00,0.932
2013-09-14 16:00:00,1.062
2013-09-14 16:30:00,1.4400001
2013-09-14 17:00:00,0.924
2013-09-14 17:30:00,0.865
2013-09-14 18:00:00,1.163
2013-09-14 18:30:00,0.708
2013-09-14 19:00:00,0.372
2013-09-14 19:30:00,0.829
2013-09-14 20:00:00,1.077
2013-09-14 20:30:00,1.049
2013-09-14 21:00:00,1.41
2013-09-14 21:30:00,1.7180001
2013-09-14 22:00:00,1.6720001
2013-09-14 22:30:00,1.168
2013-09-14 23:00:00,1.204
2013-09-14 23:30:00,1.018
2013-09-15 00:00:00,1.153
2013-09-15 00:30:00,1.0
2013-09-15 01:00:00,1.1
2013-09-15 01:30:00,1.028
2013-09-15 02:00:00,1.1720001
2013-09-15 02:30:00,1.225
2013-09-15 03:00:00,1.265
2013-09-15 03:30:00,1.156
2013-09-15 04:00:00,1.355
2013-09-15 04:30:00,1.687
2013-09-15 05:00:00,1.238
2013-09-15 05:30:00,1.123
2013-09-15 06:00:00,1.498
2013-09-15 06:30:00,1.114
2013-09-15 07:00:00,1.21
2013-09-15 07:30:00,1.1059999
2013-09-15 08:00:00,1.313
2013-09-15 08:30:00,1.392
2013-09-15 09:00:00,2.076
2013-09-15 09:30:00,1.652
2013-09-15 10:00:00,1.6670001
2013-09-15 10:30:00,0.572
2013-09-15 11:00:00,0.534
2013-09-15 11:30:00,0.463
2013-09-15 12:00:00,0.531
2013-09-15 12:30:00,0.607
2013-09-15 13:00:00,1.4220001
2013-09-15 13:30:00,0.665
2013-09-15 14:00:00,0.575
2013-09-15 14:30:00,0.655
2013-09-15 15:00:00,0.64
2013-09-15 15:30:00,0.877
2013-09-15 16:00:00,0.818
2013-09-15 16:30:00,0.734
2013-09-15 17:00:00,0.672
2013-09-15 17:30:00,0.915
2013-09-15 18:00:00,0.982
2013-09-15 18:30:00,0.723
2013-09-15 19:00:00,0.818
2013-09-15 19:30:00,0.788
2013-09-15 20:00:00,0.993
2013-09-15 20:30:00,1.3099999
2013-09-15 21:00:00,0.874
2013-09-15 21:30:00,0.814
2013-09-15 22:00:00,0.994
2013-09-15 22:30:00,0.985
2013-09-15 23:00:00,0.431
2013-09-15 23:30:00,0.471
2013-09-16 00:00:00,0.31
2013-09-16 00:30:00,0.318
2013-09-16 01:00:00,0.29
2013-09-16 01:30:00,0.214
2013-09-16 02:00:00,0.445
2013-09-16 02:30:00,0.326
2013-09-16 03:00:00,0.418
2013-09-16 03:30:00,0.54
2013-09-16 04:00:00,0.714
2013-09-16 04:30:00,0.667
2013-09-16 05:00:00,0.591
2013-09-16 05:30:00,0.833
2013-09-16 06:00:00,0.574
2013-09-16 06:30:00,0.59
2013-09-16 07:00:00,0.547
2013-09-16 07:30:00,0.528
2013-09-16 08:00:00,0.427
2013-09-16 08:30:00,0.779
2013-09-16 09:00:00,0.858
2013-09-16 09:30:00,0.902
2013-09-16 10:00:00,2.0380001
2013-09-16 10:30:00,1.674
2013-09-16 11:00:00,1.244
2013-09-16 11:30:00,1.465
2013-09-16 12:00:00,0.897
2013-09-16 12:30:00,0.701
2013-09-16 13:00:00,0.589
2013-09-16 13:30:00,0.577
2013-09-16 14:00:00,0.652
2013-09-16 14:30:00,0.954
2013-09-16 15:00:00,0.74
2013-09-16 15:30:00,0.647
2013-09-16 16:00:00,0.608
2013-09-16 16:30:00,0.54
2013-09-16 17:00:00,0.927
2013-09-16 17:30:00,1.2589999
2013-09-16 18:00:00,2.4230001
2013-09-16 18:30:00,1.511
2013-09-16 19:00:00,1.808
2013-09-16 19:30:00,1.711
2013-09-16 20:00:00,1.104
2013-09-16 20:30:00,1.126
2013-09-16 21:00:00,1.226
2013-09-16 21:30:00,1.2359999
2013-09-16 22:00:00,1.09
2013-09-16 22:30:00,1.101
2013-09-16 23:00:00,0.893
2013-09-16 23:30:00,0.945
2013-09-17 00:00:00,1.1059999
2013-09-17 00:30:00,0.909
2013-09-17 01:00:00,0.687
2013-09-17 01:30:00,0.957
2013-09-17 02:00:00,0.735
2013-09-17 02:30:00,0.999
2013-09-17 03:00:00,1.094
2013-09-17 03:30:00,1.126
2013-09-17 04:00:00,1.212
2013-09-17 04:30:00,1.174
2013-09-17 05:00:00,0.873
2013-09-17 05:30:00,0.901
2013-09-17 06:00:00,1.104
2013-09-17 06:30:00,0.871
2013-09-17 07:00:00,1.006
2013-09-17 07:30:00,1.253
2013-09-17 08:00:00,1.4910001
2013-09-17 08:30:00,1.062
2013-09-17 09:00:00,1.14
2013-09-17 09:30:00,1.108
2013-09-17 10:00:00,1.149
2013-09-17 10:30:00,1.023
2013-09-17 11:00:00,0.853
2013-09-17 11:30:00,0.981
2013-09-17 12:00:00,2.438
2013-09-17 12:30:00,1.348
2013-09-17 13:00:00,1.08
2013-09-17 13:30:00,0.889
2013-09-17 14:00:00,1.303
2013-09-17 14:30:00,1.15
2013-09-17 15:00:00,1.123
2013-09-17 15:30:00,1.013
2013-09-17 16:00:00,1.117
2013-09-17 16:30:00,1.123
2013-09-17 17:00:00,1.215
2013-09-17 17:30:00,1.536
2013-09-17 18:00:00,1.4630001
2013-09-17 18:30:00,1.766
2013-09-17 19:00:00,1.864
2013-09-17 19:30:00,1.493
2013-09-17 20:00:00,1.501
2013-09-17 20:30:00,2.0020001
2013-09-17 21:00:00,1.015
2013-09-17 21:30:00,0.818
2013-09-17 22:00:00,0.864
2013-09-17 22:30:00,0.842
2013-09-17 23:00:00,1.182
2013-09-17 23:30:00,1.142
2013-09-18 00:00:00,0.883
2013-09-18 00:30:00,0.74
2013-09-18 01:00:00,0.776
2013-09-18 01:30:00,0.813
2013-09-18 02:00:00,1.023
2013-09-18 02:30:00,0.65
2013-09-18 03:00:00,0.778
2013-09-18 03:30:00,0.835
2013-09-18 04:00:00,1.076
2013-09-18 04:30:00,0.743
2013-09-18 05:00:00,0.886
2013-09-18 05:30:00,0.879
2013-09-18 06:00:00,1.191
2013-09-18 06:30:00,0.932
2013-09-18 07:00:00,0.819
2013-09-18 07:30:00,0.799
2013-09-18 08:00:00,0.935
2013-09-18 08:30:00,0.77
2013-09-18 09:00:00,0.89
2013-09-18 09:30:00,0.996
2013-09-18 10:00:00,0.713
2013-09-18 10:30:00,0.81
2013-09-18 11:00:00,0.754
2013-09-18 11:30:00,0.858
2013-09-18 12:00:00,0.966
2013-09-18 12:30:00,0.83
2013-09-18 13:00:00,0.899
2013-09-18 13:30:00,1.1339999
2013-09-18 14:00:00,0.823
2013-09-18 14:30:00,1.244
2013-09-18 15:00:00,2.3889999
2013-09-18 15:30:00,1.488
2013-09-18 16:00:00,1.8430001
2013-09-18 16:30:00,1.375
2013-09-18 17:00:00,1.429
2013-09-18 17:30:00,0.926
2013-09-18 18:00:00,0.746
2013-09-18 18:30:00,0.921
2013-09-18 19:00:00,0.8
2013-09-18 19:30:00,0.694
2013-09-18 20:00:00,1.589
2013-09-18 20:30:00,1.026
2013-09-18 21:00:00,0.746
2013-09-18 21:30:00,0.837
2013-09-18 22:00:00,1.308
2013-09-18 22:30:00,1.046
2013-09-18 23:00:00,1.176
2013-09-18 23:30:00,1.27
2013-09-19 00:00:00,0.962
2013-09-19 00:30:00,0.844
2013-09-19 01:00:00,1.1900001
2013-09-19 01:30:00,0.896
2013-09-19 02:00:00,0.873
2013-09-19 02:30:00,0.898
2013-09-19 03:00:00,1.1
2013-09-19 03:30:00,1.023
2013-09-19 04:00:00,1.304
2013-09-19 04:30:00,0.902
2013-09-19 05:00:00,1.1799999
2013-09-19 05:30:00,0.741
2013-09-19 06:00:00,0.987
2013-09-19 06:30:00,0.893
2013-09-19 07:00:00,1.067
2013-09-19 07:30:00,0.913
2013-09-19 08:00:00,1.2180001
2013-09-19 08:30:00,1.114
2013-09-19 09:00:00,1.233
2013-09-19 09:30:00,1.043
2013-09-19 10:00:00,1.138
2013-09-19 10:30:00,0.883
2013-09-19 11:00:00,0.861
2013-09-19 11:30:00,1.783
2013-09-19 12:00:00,1.8099999
2013-09-19 12:30:00,1.147
2013-09-19 13:00:00,0.906
2013-09-19 13:30:00,0.767
2013-09-19 14:00:00,0.855
2013-09-19 14:30:00,0.722
2013-09-19 15:00:00,1.528
2013-09-19 15:30:00,1.104
2013-09-19 16:00:00,0.865
2013-09-19 16:30:00,0.665
2013-09-19 17:00:00,0.767
2013-09-19 17:30:00,1.177
2013-09-19 18:00:00,1.962
2013-09-19 18:30:00,1.47
2013-09-19 19:00:00,2.2609999
2013-09-19 19:30:00,1.367
2013-09-19 20:00:00,1.277
2013-09-19 20:30:00,2.1789999
2013-09-19 21:00:00,2.0039999
2013-09-19 21:30:00,0.769
2013-09-19 22:00:00,1.006
2013-09-19 22:30:00,0.898
2013-09-19 23:00:00,1.117
2013-09-19 23:30:00,1.053
2013-09-20 00:00:00,0.988
2013-09-20 00:30:00,0.651
2013-09-20 01:00:00,0.906
2013-09-20 01:30:00,0.805
2013-09-20 02:00:00,0.815
2013-09-20 02:30:00,0.64
2013-09-20 03:00:00,0.841
2013-09-20 03:30:00,0.597
2013-09-20 04:00:00,1.101
2013-09-20 04:30:00,0.756
2013-09-20 05:00:00,0.797
2013-09-20 05:30:00,0.774
2013-09-20 06:00:00,0.924
2013-09-20 06:30:00,0.862
2013-09-20 07:00:00,0.899
2013-09-20 07:30:00,0.73
2013-09-20 08:00:00,0.866
2013-09-20 08:30:00,0.853
2013-09-20 09:00:00,1.0700001
2013-09-20 09:30:00,0.784
2013-09-20 10:00:00,0.676
2013-09-20 10:30:00,0.734
2013-09-20 11:00:00,2.0090001
2013-09-20 11:30:00,2.0220001
2013-09-20 12:00:00,1.114
2013-09-20 12:30:00,0.759
2013-09-20 13:00:00,0.737
2013-09-20 13:30:00,0.53
2013-09-20 14:00:00,1.016
2013-09-20 14:30:00,0.824
2013-09-20 15:00:00,0.21
2013-09-20 15:30:00,0.33
2013-09-20 16:00:00,0.341
2013-09-20 16:30:00,0.529
2013-09-20 17:00:00,1.488
2013-09-20 17:30:00,2.2980001
2013-09-20 18:00:00,2.4809999
2013-09-20 18:30:00,1.704
2013-09-20 19:00:00,1.513
2013-09-20 19:30:00,0.893
2013-09-20 20:00:00,1.614
2013-09-20 20:30:00,1.404
2013-09-20 21:00:00,1.7180001
2013-09-20 21:30:00,0.881
2013-09-20 22:00:00,1.4119999
2013-09-20 22:30:00,1.324
2013-09-20 23:00:00,1.209
2013-09-20 23:30:00,0.812
2013-09-21 00:00:00,0.931
2013-09-21 00:30:00,0.847
2013-09-21 01:00:00,0.86
2013-09-21 01:30:00,0.395
2013-09-21 02:00:00,0.484
2013-09-21 02:30:00,0.498
2013-09-21 03:00:00,0.616
2013-09-21 03:30:00,0.895
2013-09-21 04:00:00,0.627
2013-09-21 04:30:00,0.801
2013-09-21 05:00:00,0.807
2013-09-21 05:30:00,0.751
2013-09-21 06:00:00,0.455
2013-09-21 06:30:00,0.584
2013-09-21 07:00:00,0.509
2013-09-21 07:30:00,0.911
2013-09-21 08:00:00,1.098
2013-09-21 08:30:00,1.017
2013-09-21 09:00:00,2.079
2013-09-21 09:30:00,1.84
2013-09-21 10:00:00,1.448
2013-09-21 10:30:00,1.449
2013-09-21 11:00:00,2.1849999
2013-09-21 11:30:00,2.654
2013-09-21 12:00:00,1.808
2013-09-21 12:30:00,1.0190001
2013-09-21 13:00:00,1.62
2013-09-21 13:30:00,0.933
2013-09-21 14:00:00,1.149
2013-09-21 14:30:00,0.713
2013-09-21 15:00:00,0.773
2013-09-21 15:30:00,1.118
2013-09-21 16:00:00,0.992
2013-09-21 16:30:00,1.074
2013-09-21 17:00:00,0.545
2013-09-21 17:30:00,0.394
2013-09-21 18:00:00,0.64
2013-09-21 18:30:00,1.23
2013-09-21 19:00:00,1.279
2013-09-21 19:30:00,0.91
2013-09-21 20:00:00,2.152
2013-09-21 20:30:00,2.0840001
2013-09-21 21:00:00,0.89
2013-09-21 21:30:00,0.757
2013-09-21 22:00:00,0.549
2013-09-21 22:30:00,0.478
2013-09-21 23:00:00,0.7
2013-09-21 23:30:00,0.686
2013-09-22 00:00:00,0.317
2013-09-22 00:30:00,0.217
2013-09-22 01:00:00,0.299
2013-09-22 01:30:00,0.377
2013-09-22 02:00:00,0.33
2013-09-22 02:30:00,0.211
2013-09-22 03:00:00,0.325
2013-09-22 03:30:00,0.212
2013-09-22 04:00:00,0.615
2013-09-22 04:30:00,0.498
2013-09-22 05:00:00,0.541
2013-09-22 05:30:00,0.446
2013-09-22 06:00:00,0.378
2013-09-22 06:30:00,0.258
2013-09-22 07:00:00,0.568
2013-09-22 07:30:00,0.698
2013-09-22 08:00:00,0.979
2013-09-22 08:30:00,1.28
2013-09-22 09:00:00,2.22
2013-09-22 09:30:00,0.811
2013-09-22 10:00:00,1.268
2013-09-22 10:30:00,2.595
2013-09-22 11:00:00,0.677
2013-09-22 11:30:00,0.153
2013-09-22 12:00:00,0.234
2013-09-22 12:30:00,0.36
2013-09-22 13:00:00,0.225
2013-09-22 13:30:00,0.143
2013-09-22 14:00:00,0.21
2013-09-22 14:30:00,0.353
2013-09-22 15:00:00,0.736
2013-09-22 15:30:00,0.962
2013-09-22 16:00:00,0.939
2013-09-22 16:30:00,0.777
2013-09-22 17:00:00,1.002
2013-09-22 17:30:00,2.1270001
2013-09-22 18:00:00,2.299
2013-09-22 18:30:00,1.321
2013-09-22 19:00:00,1.184
2013-09-22 19:30:00,1.13
2013-09-22 20:00:00,0.976
2013-09-22 20:30:00,0.682
2013-09-22 21:00:00,0.972
2013-09-22 21:30:00,0.722
2013-09-22 22:00:00,2.072
2013-09-22 22:30:00,1.858
2013-09-22 23:00:00,1.439
2013-09-22 23:30:00,1.221
2013-09-23 00:00:00,1.353
2013-09-23 00:30:00,1.005
2013-09-23 01:00:00,1.2920001
2013-09-23 01:30:00,1.038
2013-09-23 02:00:00,1.092
2013-09-23 02:30:00,1.202
2013-09-23 03:00:00,1.311
2013-09-23 03:30:00,1.123
2013-09-23 04:00:00,1.59
2013-09-23 04:30:00,0.997
2013-09-23 05:00:00,1.155
2013-09-23 05:30:00,0.806
2013-09-23 06:00:00,1.01
2013-09-23 06:30:00,1.085
2013-09-23 07:00:00,1.3329999
2013-09-23 07:30:00,1.74
2013-09-23 08:00:00,1.665
2013-09-23 08:30:00,1.771
2013-09-23 09:00:00,1.9069999
2013-09-23 09:30:00,0.957
2013-09-23 10:00:00,2.2360001
2013-09-23 10:30:00,1.767
2013-09-23 11:00:00,1.2180001
2013-09-23 11:30:00,1.154
2013-09-23 12:00:00,1.367
2013-09-23 12:30:00,0.738
2013-09-23 13:00:00,0.483
2013-09-23 13:30:00,1.6390001
2013-09-23 14:00:00,0.91
2013-09-23 14:30:00,0.371
2013-09-23 15:00:00,0.639
2013-09-23 15:30:00,0.668
2013-09-23 16:00:00,0.189
2013-09-23 16:30:00,0.138
2013-09-23 17:00:00,0.112
2013-09-23 17:30:00,0.292
2013-09-23 18:00:00,0.112
2013-09-23 18:30:00,0.137
2013-09-23 19:00:00,0.113
2013-09-23 19:30:00,0.17
2013-09-23 20:00:00,0.201
2013-09-23 20:30:00,0.615
2013-09-23 21:00:00,0.409
2013-09-23 21:30:00,0.263
2013-09-23 22:00:00,0.16
2013-09-23 22:30:00,0.328
2013-09-23 23:00:00,0.172
2013-09-23 23:30:00,0.202
2013-09-24 00:00:00,0.168
2013-09-24 00:30:00,0.372
2013-09-24 01:00:00,0.254
2013-09-24 01:30:00,0.408
2013-09-24 02:00:00,0.386
2013-09-24 02:30:00,0.231
2013-09-24 03:00:00,0.315
2013-09-24 03:30:00,0.334
2013-09-24 04:00:00,0.538
2013-09-24 04:30:00,0.44
2013-09-24 05:00:00,0.264
2013-09-24 05:30:00,0.339
2013-09-24 06:00:00,0.406
2013-09-24 06:30:00,1.401
2013-09-24 07:00:00,0.886
2013-09-24 07:30:00,0.385
2013-09-24 08:00:00,0.595
2013-09-24 08:30:00,0.297
2013-09-24 09:00:00,0.445
2013-09-24 09:30:00,0.351
2013-09-24 10:00:00,0.295
2013-09-24 10:30:00,1.1849999
2013-09-24 11:00:00,0.665
2013-09-24 11:30:00,0.559
2013-09-24 12:00:00,0.505
2013-09-24 12:30:00,0.25
2013-09-24 13:00:00,0.506
2013-09-24 13:30:00,0.891
2013-09-24 14:00:00,0.368
2013-09-24 14:30:00,0.386
2013-09-24 15:00:00,0.221
2013-09-24 15:30:00,0.304
2013-09-24 16:00:00,0.321
2013-09-24 16:30:00,0.163
2013-09-24 17:00:00,0.468
2013-09-24 17:30:00,0.302
2013-09-24 18:00:00,0.448
2013-09-24 18:30:00,1.416
2013-09-24 19:00:00,0.865
2013-09-24 19:30:00,1.148
2013-09-24 20:00:00,1.52
2013-09-24 20:30:00,1.378
2013-09-24 21:00:00,1.9
2013-09-24 21:30:00,0.901
2013-09-24 22:00:00,1.0
2013-09-24 22:30:00,0.852
2013-09-24 23:00:00,0.702
2013-09-24 23:30:00,0.638
2013-09-25 00:00:00,0.683
2013-09-25 00:30:00,0.234
2013-09-25 01:00:00,0.298
2013-09-25 01:30:00,0.218
2013-09-25 02:00:00,0.486
2013-09-25 02:30:00,0.235
2013-09-25 03:00:00,0.318
2013-09-25 03:30:00,0.385
2013-09-25 04:00:00,0.781
2013-09-25 04:30:00,0.529
2013-09-25 05:00:00,0.572
2013-09-25 05:30:00,0.262
2013-09-25 06:00:00,0.345
2013-09-25 06:30:00,0.549
2013-09-25 07:00:00,0.769
2013-09-25 07:30:00,0.951
2013-09-25 08:00:00,0.594
2013-09-25 08:30:00,0.322
2013-09-25 09:00:00,0.373
2013-09-25 09:30:00,0.463
2013-09-25 10:00:00,0.301
2013-09-25 10:30:00,1.3609999
2013-09-25 11:00:00,1.638
2013-09-25 11:30:00,0.694
2013-09-25 12:00:00,0.352
2013-09-25 12:30:00,0.31
2013-09-25 13:00:00,0.446
2013-09-25 13:30:00,0.135
2013-09-25 14:00:00,0.406
2013-09-25 14:30:00,0.253
2013-09-25 15:00:00,0.246
2013-09-25 15:30:00,0.152
2013-09-25 16:00:00,0.358
2013-09-25 16:30:00,0.15
2013-09-25 17:00:00,0.199
2013-09-25 17:30:00,0.858
2013-09-25 18:00:00,1.729
2013-09-25 18:30:00,1.336
2013-09-25 19:00:00,1.446
2013-09-25 19:30:00,0.846
2013-09-25 20:00:00,1.8099999
2013-09-25 20:30:00,2.596
2013-09-25 21:00:00,1.006
2013-09-25 21:30:00,0.724
2013-09-25 22:00:00,0.524
2013-09-25 22:30:00,0.709
2013-09-25 23:00:00,0.468
2013-09-25 23:30:00,0.321
2013-09-26 00:00:00,0.334
2013-09-26 00:30:00,0.299
2013-09-26 01:00:00,0.395
2013-09-26 01:30:00,0.504
2013-09-26 02:00:00,0.341
2013-09-26 02:30:00,0.268
2013-09-26 03:00:00,0.361
2013-09-26 03:30:00,0.255
2013-09-26 04:00:00,0.509
2013-09-26 04:30:00,0.449
2013-09-26 05:00:00,0.496
2013-09-26 05:30:00,0.324
2013-09-26 06:00:00,0.437
2013-09-26 06:30:00,0.31
2013-09-26 07:00:00,0.676
2013-09-26 07:30:00,0.288
2013-09-26 08:00:00,0.545
2013-09-26 08:30:00,1.411
2013-09-26 09:00:00,0.766
2013-09-26 09:30:00,1.6109999
2013-09-26 10:00:00,0.929
2013-09-26 10:30:00,0.89
2013-09-26 11:00:00,0.723
2013-09-26 11:30:00,0.57
2013-09-26 12:00:00,0.708
2013-09-26 12:30:00,1.118
2013-09-26 13:00:00,0.45
2013-09-26 13:30:00,0.396
2013-09-26 14:00:00,0.233
2013-09-26 14:30:00,0.126
2013-09-26 15:00:00,0.339
2013-09-26 15:30:00,0.12
2013-09-26 16:00:00,0.54
2013-09-26 16:30:00,0.743
2013-09-26 17:00:00,0.206
2013-09-26 17:30:00,0.242
2013-09-26 18:00:00,0.287
2013-09-26 18:30:00,0.625
2013-09-26 19:00:00,1.971
2013-09-26 19:30:00,2.138
2013-09-26 20:00:00,0.69
2013-09-26 20:30:00,0.683
2013-09-26 21:00:00,0.563
2013-09-26 21:30:00,0.607
2013-09-26 22:00:00,1.478
2013-09-26 22:30:00,0.787
2013-09-26 23:00:00,0.605
2013-09-26 23:30:00,0.77
2013-09-27 00:00:00,0.728
2013-09-27 00:30:00,0.47
2013-09-27 01:00:00,0.298
2013-09-27 01:30:00,0.526
2013-09-27 02:00:00,0.248
2013-09-27 02:30:00,0.35
2013-09-27 03:00:00,0.271
2013-09-27 03:30:00,0.413
2013-09-27 04:00:00,0.344
2013-09-27 04:30:00,0.681
2013-09-27 05:00:00,0.465
2013-09-27 05:30:00,0.609
2013-09-27 06:00:00,0.478
2013-09-27 06:30:00,0.822
2013-09-27 07:00:00,0.332
2013-09-27 07:30:00,0.742
2013-09-27 08:00:00,1.068
2013-09-27 08:30:00,0.9
2013-09-27 09:00:00,0.54
2013-09-27 09:30:00,0.531
2013-09-27 10:00:00,1.656
2013-09-27 10:30:00,0.751
2013-09-27 11:00:00,0.505
2013-09-27 11:30:00,0.309
2013-09-27 12:00:00,0.259
2013-09-27 12:30:00,0.447
2013-09-27 13:00:00,0.29
2013-09-27 13:30:00,0.495
2013-09-27 14:00:00,0.276
2013-09-27 14:30:00,0.313
2013-09-27 15:00:00,0.532
2013-09-27 15:30:00,0.934
2013-09-27 16:00:00,1.7640001
2013-09-27 16:30:00,1.4529999
2013-09-27 17:00:00,0.905
2013-09-27 17:30:00,0.961
2013-09-27 18:00:00,1.079
2013-09-27 18:30:00,3.312
2013-09-27 19:00:00,2.9579999
2013-09-27 19:30:00,2.3889999
2013-09-27 20:00:00,2.5250001
2013-09-27 20:30:00,2.296
2013-09-27 21:00:00,1.416
2013-09-27 21:30:00,1.039
2013-09-27 22:00:00,1.543
2013-09-27 22:30:00,1.205
2013-09-27 23:00:00,0.904
2013-09-27 23:30:00,0.871
2013-09-28 00:00:00,0.633
2013-09-28 00:30:00,0.556
2013-09-28 01:00:00,0.483
2013-09-28 01:30:00,0.516
2013-09-28 02:00:00,0.383
2013-09-28 02:30:00,0.59
2013-09-28 03:00:00,0.411
2013-09-28 03:30:00,0.53
2013-09-28 04:00:00,0.253
2013-09-28 04:30:00,0.598
2013-09-28 05:00:00,0.783
2013-09-28 05:30:00,0.945
2013-09-28 06:00:00,0.571
2013-09-28 06:30:00,0.769
2013-09-28 07:00:00,0.415
2013-09-28 07:30:00,0.405
2013-09-28 08:00:00,0.715
2013-09-28 08:30:00,0.687
2013-09-28 09:00:00,0.376
2013-09-28 09:30:00,0.787
2013-09-28 10:00:00,1.103
2013-09-28 10:30:00,1.0
2013-09-28 11:00:00,1.847
2013-09-28 11:30:00,0.845
2013-09-28 12:00:00,1.806
2013-09-28 12:30:00,2.0409999
2013-09-28 13:00:00,1.174
2013-09-28 13:30:00,0.452
2013-09-28 14:00:00,0.925
2013-09-28 14:30:00,0.801
2013-09-28 15:00:00,1.7180001
2013-09-28 15:30:00,0.897
2013-09-28 16:00:00,1.0599999
2013-09-28 16:30:00,0.975
2013-09-28 17:00:00,0.986
2013-09-28 17:30:00,1.274
2013-09-28 18:00:00,1.051
2013-09-28 18:30:00,0.935
2013-09-28 19:00:00,1.461
2013-09-28 19:30:00,0.999
2013-09-28 20:00:00,0.905
2013-09-28 20:30:00,1.187
2013-09-28 21:00:00,1.304
2013-09-28 21:30:00,0.837
2013-09-28 22:00:00,0.742
2013-09-28 22:30:00,1.1109999
2013-09-28 23:00:00,0.712
2013-09-28 23:30:00,0.804
2013-09-29 00:00:00,0.92
2013-09-29 00:30:00,0.553
2013-09-29 01:00:00,0.374
2013-09-29 01:30:00,0.461
2013-09-29 02:00:00,0.474
2013-09-29 02:30:00,0.615
2013-09-29 03:00:00,0.616
2013-09-29 03:30:00,0.447
2013-09-29 04:00:00,0.359
2013-09-29 04:30:00,0.784
2013-09-29 05:00:00,0.428
2013-09-29 05:30:00,0.723
2013-09-29 06:00:00,1.1210001
2013-09-29 06:30:00,0.802
2013-09-29 07:00:00,0.338
2013-09-29 07:30:00,0.716
2013-09-29 08:00:00,1.443
2013-09-29 08:30:00,1.65
2013-09-29 09:00:00,0.758
2013-09-29 09:30:00,0.857
2013-09-29 10:00:00,0.734
2013-09-29 10:30:00,1.802
2013-09-29 11:00:00,1.252
2013-09-29 11:30:00,0.61
2013-09-29 12:00:00,0.385
2013-09-29 12:30:00,0.188
2013-09-29 13:00:00,0.36
2013-09-29 13:30:00,0.175
2013-09-29 14:00:00,0.161
2013-09-29 14:30:00,0.26
2013-09-29 15:00:00,0.701
2013-09-29 15:30:00,1.961
2013-09-29 16:00:00,1.027
2013-09-29 16:30:00,0.675
2013-09-29 17:00:00,0.27
2013-09-29 17:30:00,0.666
2013-09-29 18:00:00,0.306
2013-09-29 18:30:00,0.441
2013-09-29 19:00:00,0.209
2013-09-29 19:30:00,0.316
2013-09-29 20:00:00,0.551
2013-09-29 20:30:00,0.37
2013-09-29 21:00:00,0.28
2013-09-29 21:30:00,0.379
2013-09-29 22:00:00,0.282
2013-09-29 22:30:00,0.402
2013-09-29 23:00:00,0.521
2013-09-29 23:30:00,0.536
2013-09-30 00:00:00,0.44
2013-09-30 00:30:00,0.572
2013-09-30 01:00:00,0.628
2013-09-30 01:30:00,0.394
2013-09-30 02:00:00,0.267
2013-09-30 02:30:00,0.391
2013-09-30 03:00:00,0.249
2013-09-30 03:30:00,0.41
2013-09-30 04:00:00,0.606
2013-09-30 04:30:00,0.451
2013-09-30 05:00:00,0.308
2013-09-30 05:30:00,0.433
2013-09-30 06:00:00,0.541
2013-09-30 06:30:00,0.462
2013-09-30 07:00:00,0.432
2013-09-30 07:30:00,0.422
2013-09-30 08:00:00,0.283
2013-09-30 08:30:00,0.626
2013-09-30 09:00:00,1.4119999
2013-09-30 09:30:00,1.006
2013-09-30 10:00:00,0.834
2013-09-30 10:30:00,0.715
2013-09-30 11:00:00,3.474
2013-09-30 11:30:00,2.3150001
2013-09-30 12:00:00,0.847
2013-09-30 12:30:00,0.406
2013-09-30 13:00:00,0.269
2013-09-30 13:30:00,0.242
2013-09-30 14:00:00,0.174
2013-09-30 14:30:00,1.073
2013-09-30 15:00:00,0.614
2013-09-30 15:30:00,0.401
2013-09-30 16:00:00,0.164
2013-09-30 16:30:00,0.389
2013-09-30 17:00:00,0.242
2013-09-30 17:30:00,0.52
2013-09-30 18:00:00,0.745
2013-09-30 18:30:00,1.349
2013-09-30 19:00:00,2.2479999
2013-09-30 19:30:00,1.257
2013-09-30 20:00:00,0.834
2013-09-30 20:30:00,1.868
2013-09-30 21:00:00,1.324
2013-09-30 21:30:00,0.868
2013-09-30 22:00:00,0.662
2013-09-30 22:30:00,0.837
2013-09-30 23:00:00,0.769
2013-09-30 23:30:00,0.925
2013-10-01 00:00:00,0.807
2013-10-01 00:30:00,0.803
2013-10-01 01:00:00,0.704
2013-10-01 01:30:00,0.77
2013-10-01 02:00:00,0.299
2013-10-01 02:30:00,0.612
2013-10-01 03:00:00,0.474
2013-10-01 03:30:00,0.705
2013-10-01 04:00:00,0.884
2013-10-01 04:30:00,0.756
2013-10-01 05:00:00,0.678
2013-10-01 05:30:00,0.472
2013-10-01 06:00:00,0.512
2013-10-01 06:30:00,0.828
2013-10-01 07:00:00,0.433
2013-10-01 07:30:00,0.841
2013-10-01 08:00:00,0.851
2013-10-01 08:30:00,1.067
2013-10-01 09:00:00,0.394
2013-10-01 09:30:00,0.745
2013-10-01 10:00:00,0.393
2013-10-01 10:30:00,0.331
2013-10-01 11:00:00,0.368
2013-10-01 11:30:00,0.62
2013-10-01 12:00:00,0.304
2013-10-01 12:30:00,0.424
2013-10-01 13:00:00,0.606
2013-10-01 13:30:00,0.695
2013-10-01 14:00:00,0.468
2013-10-01 14:30:00,0.327
2013-10-01 15:00:00,0.428
2013-10-01 15:30:00,0.489
2013-10-01 16:00:00,0.413
2013-10-01 16:30:00,0.722
2013-10-01 17:00:00,1.554
2013-10-01 17:30:00,1.457
2013-10-01 18:00:00,1.702
2013-10-01 18:30:00,2.461
2013-10-01 19:00:00,1.146
2013-10-01 19:30:00,0.56
2013-10-01 20:00:00,0.455
2013-10-01 20:30:00,0.482
2013-10-01 21:00:00,0.555
2013-10-01 21:30:00,0.48
2013-10-01 22:00:00,0.361
2013-10-01 22:30:00,0.558
2013-10-01 23:00:00,0.557
2013-10-01 23:30:00,0.497
2013-10-02 00:00:00,0.61
2013-10-02 00:30:00,0.99
2013-10-02 01:00:00,0.645
2013-10-02 01:30:00,0.501
2013-10-02 02:00:00,0.294
2013-10-02 02:30:00,0.734
2013-10-02 03:00:00,0.446
2013-10-02 03:30:00,0.468
2013-10-02 04:00:00,0.762
2013-10-02 04:30:00,0.722
2013-10-02 05:00:00,0.412
2013-10-02 05:30:00,0.714
2013-10-02 06:00:00,0.796
2013-10-02 06:30:00,0.439
2013-10-02 07:00:00,0.447
2013-10-02 07:30:00,0.734
2013-10-02 08:00:00,0.276
2013-10-02 08:30:00,0.603
2013-10-02 09:00:00,0.444
2013-10-02 09:30:00,0.446
2013-10-02 10:00:00,0.571
2013-10-02 10:30:00,0.513
2013-10-02 11:00:00,1.939
2013-10-02 11:30:00,1.557
2013-10-02 12:00:00,0.792
2013-10-02 12:30:00,0.774
2013-10-02 13:00:00,0.265
2013-10-02 13:30:00,1.943
2013-10-02 14:00:00,0.418
2013-10-02 14:30:00,0.776
2013-10-02 15:00:00,1.025
2013-10-02 15:30:00,0.63
2013-10-02 16:00:00,0.345
2013-10-02 16:30:00,0.521
2013-10-02 17:00:00,0.433
2013-10-02 17:30:00,0.393
2013-10-02 18:00:00,0.516
2013-10-02 18:30:00,0.525
2013-10-02 19:00:00,1.45
2013-10-02 19:30:00,0.831
2013-10-02 20:00:00,0.602
2013-10-02 20:30:00,0.754
2013-10-02 21:00:00,0.443
2013-10-02 21:30:00,0.439
2013-10-02 22:00:00,0.647
2013-10-02 22:30:00,0.759
2013-10-02 23:00:00,0.536
2013-10-02 23:30:00,0.651
2013-10-03 00:00:00,0.859
2013-10-03 00:30:00,0.719
2013-10-03 01:00:00,0.59
2013-10-03 01:30:00,0.505
2013-10-03 02:00:00,0.425
2013-10-03 02:30:00,0.772
2013-10-03 03:00:00,0.289
2013-10-03 03:30:00,0.555
2013-10-03 04:00:00,0.61
2013-10-03 04:30:00,0.62
2013-10-03 05:00:00,0.484
2013-10-03 05:30:00,0.473
2013-10-03 06:00:00,0.642
2013-10-03 06:30:00,0.621
2013-10-03 07:00:00,0.935
2013-10-03 07:30:00,0.678
2013-10-03 08:00:00,0.458
2013-10-03 08:30:00,1.252
2013-10-03 09:00:00,3.2850001
2013-10-03 09:30:00,1.896
2013-10-03 10:00:00,0.721
2013-10-03 10:30:00,0.442
2013-10-03 11:00:00,0.676
2013-10-03 11:30:00,0.541
2013-10-03 12:00:00,0.745
2013-10-03 12:30:00,0.495
2013-10-03 13:00:00,0.564
2013-10-03 13:30:00,0.35
2013-10-03 14:00:00,0.453
2013-10-03 14:30:00,0.395
2013-10-03 15:00:00,0.201
2013-10-03 15:30:00,0.417
2013-10-03 16:00:00,0.339
2013-10-03 16:30:00,0.461
2013-10-03 17:00:00,0.264
2013-10-03 17:30:00,1.462
2013-10-03 18:00:00,1.05
2013-10-03 18:30:00,0.833
2013-10-03 19:00:00,0.943
2013-10-03 19:30:00,0.888
2013-10-03 20:00:00,0.443
2013-10-03 20:30:00,1.744
2013-10-03 21:00:00,1.22
2013-10-03 21:30:00,0.38
2013-10-03 22:00:00,0.844
2013-10-03 22:30:00,0.777
2013-10-03 23:00:00,0.71
2013-10-03 23:30:00,0.796
2013-10-04 00:00:00,0.727
2013-10-04 00:30:00,0.7
2013-10-04 01:00:00,0.499
2013-10-04 01:30:00,0.561
2013-10-04 02:00:00,0.286
2013-10-04 02:30:00,0.38
2013-10-04 03:00:00,0.403
2013-10-04 03:30:00,0.331
2013-10-04 04:00:00,0.418
2013-10-04 04:30:00,0.469
2013-10-04 05:00:00,0.275
2013-10-04 05:30:00,0.335
2013-10-04 06:00:00,0.431
2013-10-04 06:30:00,0.429
2013-10-04 07:00:00,0.246
2013-10-04 07:30:00,0.481
2013-10-04 08:00:00,0.2
2013-10-04 08:30:00,0.281
2013-10-04 09:00:00,0.195
2013-10-04 09:30:00,0.433
2013-10-04 10:00:00,0.182
2013-10-04 10:30:00,0.223
2013-10-04 11:00:00,0.193
2013-10-04 11:30:00,0.205
2013-10-04 12:00:00,0.354
2013-10-04 12:30:00,0.218
2013-10-04 13:00:00,0.201
2013-10-04 13:30:00,0.329
2013-10-04 14:00:00,0.254
2013-10-04 14:30:00,0.42
2013-10-04 15:00:00,0.596
2013-10-04 15:30:00,0.397
2013-10-04 16:00:00,0.369
2013-10-04 16:30:00,0.385
2013-10-04 17:00:00,0.526
2013-10-04 17:30:00,0.475
2013-10-04 18:00:00,0.435
2013-10-04 18:30:00,0.519
2013-10-04 19:00:00,0.668
2013-10-04 19:30:00,0.813
2013-10-04 20:00:00,0.556
2013-10-04 20:30:00,0.612
2013-10-04 21:00:00,0.693
2013-10-04 21:30:00,0.667
2013-10-04 22:00:00,0.647
2013-10-04 22:30:00,0.537
2013-10-04 23:00:00,0.469
2013-10-04 23:30:00,0.75
2013-10-05 00:00:00,0.467
2013-10-05 00:30:00,0.67
2013-10-05 01:00:00,0.599
2013-10-05 01:30:00,0.514
2013-10-05 02:00:00,0.264
2013-10-05 02:30:00,0.541
2013-10-05 03:00:00,0.261
2013-10-05 03:30:00,0.365
2013-10-05 04:00:00,0.259
2013-10-05 04:30:00,0.942
2013-10-05 05:00:00,0.334
2013-10-05 05:30:00,0.577
2013-10-05 06:00:00,0.308
2013-10-05 06:30:00,0.394
2013-10-05 07:00:00,0.487
2013-10-05 07:30:00,2.1949999
2013-10-05 08:00:00,1.3430001
2013-10-05 08:30:00,0.6
2013-10-05 09:00:00,0.877
2013-10-05 09:30:00,0.898
2013-10-05 10:00:00,0.77
2013-10-05 10:30:00,0.653
2013-10-05 11:00:00,0.653
2013-10-05 11:30:00,0.902
2013-10-05 12:00:00,1.368
2013-10-05 12:30:00,2.2260001
2013-10-05 13:00:00,1.967
2013-10-05 13:30:00,0.966
2013-10-05 14:00:00,0.599
2013-10-05 14:30:00,0.549
2013-10-05 15:00:00,0.208
2013-10-05 15:30:00,0.236
2013-10-05 16:00:00,0.492
2013-10-05 16:30:00,0.246
2013-10-05 17:00:00,0.362
2013-10-05 17:30:00,0.297
2013-10-05 18:00:00,0.639
2013-10-05 18:30:00,0.945
2013-10-05 19:00:00,0.443
2013-10-05 19:30:00,0.34
2013-10-05 20:00:00,0.358
2013-10-05 20:30:00,0.95
2013-10-05 21:00:00,1.094
2013-10-05 21:30:00,0.873
2013-10-05 22:00:00,0.743
2013-10-05 22:30:00,0.852
2013-10-05 23:00:00,0.745
2013-10-05 23:30:00,1.073
2013-10-06 00:00:00,0.708
2013-10-06 00:30:00,0.484
2013-10-06 01:00:00,0.308
2013-10-06 01:30:00,0.814
2013-10-06 02:00:00,0.327
2013-10-06 02:30:00,0.564
2013-10-06 03:00:00,0.37
2013-10-06 03:30:00,0.469
2013-10-06 04:00:00,0.491
2013-10-06 04:30:00,0.81
2013-10-06 05:00:00,0.735
2013-10-06 05:30:00,0.51
2013-10-06 06:00:00,0.515
2013-10-06 06:30:00,0.558
2013-10-06 07:00:00,0.716
2013-10-06 07:30:00,0.556
2013-10-06 08:00:00,0.488
2013-10-06 08:30:00,0.712
2013-10-06 09:00:00,0.338
2013-10-06 09:30:00,0.564
2013-10-06 10:00:00,0.299
2013-10-06 10:30:00,0.515
2013-10-06 11:00:00,0.453
2013-10-06 11:30:00,0.913
2013-10-06 12:00:00,1.26
2013-10-06 12:30:00,0.718
2013-10-06 13:00:00,0.475
2013-10-06 13:30:00,0.301
2013-10-06 14:00:00,0.53
2013-10-06 14:30:00,0.297
2013-10-06 15:00:00,0.35
2013-10-06 15:30:00,0.306
2013-10-06 16:00:00,0.562
2013-10-06 16:30:00,0.31
2013-10-06 17:00:00,0.419
2013-10-06 17:30:00,0.343
2013-10-06 18:00:00,0.599
2013-10-06 18:30:00,0.485
2013-10-06 19:00:00,0.326
2013-10-06 19:30:00,0.586
2013-10-06 20:00:00,0.47
2013-10-06 20:30:00,0.599
2013-10-06 21:00:00,0.453
2013-10-06 21:30:00,0.704
2013-10-06 22:00:00,0.518
2013-10-06 22:30:00,0.505
2013-10-06 23:00:00,0.536
2013-10-06 23:30:00,0.769
2013-10-07 00:00:00,0.802
2013-10-07 00:30:00,0.979
2013-10-07 01:00:00,0.768
2013-10-07 01:30:00,0.989
2013-10-07 02:00:00,0.336
2013-10-07 02:30:00,0.653
2013-10-07 03:00:00,0.32
2013-10-07 03:30:00,0.674
2013-10-07 04:00:00,1.192
2013-10-07 04:30:00,0.8
2013-10-07 05:00:00,0.509
2013-10-07 05:30:00,0.5
2013-10-07 06:00:00,0.501
2013-10-07 06:30:00,0.669
2013-10-07 07:00:00,0.33
2013-10-07 07:30:00,0.67
2013-10-07 08:00:00,0.509
2013-10-07 08:30:00,0.486
2013-10-07 09:00:00,0.537
2013-10-07 09:30:00,1.373
2013-10-07 10:00:00,1.464
2013-10-07 10:30:00,2.7650001
2013-10-07 11:00:00,0.329
2013-10-07 11:30:00,0.603
2013-10-07 12:00:00,0.941
2013-10-07 12:30:00,0.651
2013-10-07 13:00:00,0.616
2013-10-07 13:30:00,0.735
2013-10-07 14:00:00,0.85
2013-10-07 14:30:00,1.402
2013-10-07 15:00:00,2.279
2013-10-07 15:30:00,2.247
2013-10-07 16:00:00,1.448
2013-10-07 16:30:00,1.227
2013-10-07 17:00:00,1.238
2013-10-07 17:30:00,0.925
2013-10-07 18:00:00,1.6339999
2013-10-07 18:30:00,1.47
2013-10-07 19:00:00,1.039
2013-10-07 19:30:00,1.406
2013-10-07 20:00:00,0.729
2013-10-07 20:30:00,0.66
2013-10-07 21:00:00,0.449
2013-10-07 21:30:00,0.589
2013-10-07 22:00:00,0.63
2013-10-07 22:30:00,0.467
2013-10-07 23:00:00,0.388
2013-10-07 23:30:00,0.729
2013-10-08 00:00:00,0.596
2013-10-08 00:30:00,0.614
2013-10-08 01:00:00,0.387
2013-10-08 01:30:00,0.601
2013-10-08 02:00:00,0.294
2013-10-08 02:30:00,0.44
2013-10-08 03:00:00,0.366
2013-10-08 03:30:00,0.638
2013-10-08 04:00:00,0.383
2013-10-08 04:30:00,0.621
2013-10-08 05:00:00,0.478
2013-10-08 05:30:00,0.476
2013-10-08 06:00:00,0.492
2013-10-08 06:30:00,0.68
2013-10-08 07:00:00,0.362
2013-10-08 07:30:00,0.626
2013-10-08 08:00:00,0.383
2013-10-08 08:30:00,0.485
2013-10-08 09:00:00,0.299
2013-10-08 09:30:00,0.551
2013-10-08 10:00:00,0.348
2013-10-08 10:30:00,0.486
2013-10-08 11:00:00,0.255
2013-10-08 11:30:00,0.325
2013-10-08 12:00:00,1.138
2013-10-08 12:30:00,1.631
2013-10-08 13:00:00,0.892
2013-10-08 13:30:00,1.3710001
2013-10-08 14:00:00,1.179
2013-10-08 14:30:00,1.003
2013-10-08 15:00:00,0.718
2013-10-08 15:30:00,0.382
2013-10-08 16:00:00,0.622
2013-10-08 16:30:00,0.354
2013-10-08 17:00:00,0.626
2013-10-08 17:30:00,0.53
2013-10-08 18:00:00,0.61
2013-10-08 18:30:00,0.664
2013-10-08 19:00:00,0.643
2013-10-08 19:30:00,3.0669999
2013-10-08 20:00:00,2.862
2013-10-08 20:30:00,1.165
2013-10-08 21:00:00,0.76
2013-10-08 21:30:00,0.654
2013-10-08 22:00:00,0.588
2013-10-08 22:30:00,0.76
2013-10-08 23:00:00,0.524
2013-10-08 23:30:00,0.495
2013-10-09 00:00:00,0.443
2013-10-09 00:30:00,0.483
2013-10-09 01:00:00,0.222
2013-10-09 01:30:00,0.358
2013-10-09 02:00:00,0.426
2013-10-09 02:30:00,0.369
2013-10-09 03:00:00,0.255
2013-10-09 03:30:00,0.395
2013-10-09 04:00:00,0.572
2013-10-09 04:30:00,0.767
2013-10-09 05:00:00,0.469
2013-10-09 05:30:00,0.436
2013-10-09 06:00:00,0.531
2013-10-09 06:30:00,0.576
2013-10-09 07:00:00,0.298
2013-10-09 07:30:00,0.37
2013-10-09 08:00:00,0.392
2013-10-09 08:30:00,0.362
2013-10-09 09:00:00,0.233
2013-10-09 09:30:00,1.4630001
2013-10-09 10:00:00,2.4300001
2013-10-09 10:30:00,1.291
2013-10-09 11:00:00,0.657
2013-10-09 11:30:00,0.883
2013-10-09 12:00:00,0.604
2013-10-09 12:30:00,0.638
2013-10-09 13:00:00,0.888
2013-10-09 13:30:00,0.687
2013-10-09 14:00:00,1.126
2013-10-09 14:30:00,1.1160001
2013-10-09 15:00:00,0.733
2013-10-09 15:30:00,0.64
2013-10-09 16:00:00,0.305
2013-10-09 16:30:00,0.618
2013-10-09 17:00:00,0.248
2013-10-09 17:30:00,0.495
2013-10-09 18:00:00,0.253
2013-10-09 18:30:00,0.373
2013-10-09 19:00:00,1.153
2013-10-09 19:30:00,0.884
2013-10-09 20:00:00,0.306
2013-10-09 20:30:00,0.458
2013-10-09 21:00:00,0.471
2013-10-09 21:30:00,0.553
2013-10-09 22:00:00,0.531
2013-10-09 22:30:00,0.625
2013-10-09 23:00:00,0.441
2013-10-09 23:30:00,0.765
2013-10-10 00:00:00,0.449
2013-10-10 00:30:00,0.652
2013-10-10 01:00:00,0.449
2013-10-10 01:30:00,0.665
2013-10-10 02:00:00,0.596
2013-10-10 02:30:00,0.674
2013-10-10 03:00:00,0.47
2013-10-10 03:30:00,0.669
2013-10-10 04:00:00,0.678
2013-10-10 04:30:00,0.63
2013-10-10 05:00:00,0.408
2013-10-10 05:30:00,0.605
2013-10-10 06:00:00,0.557
2013-10-10 06:30:00,0.743
2013-10-10 07:00:00,0.385
2013-10-10 07:30:00,0.603
2013-10-10 08:00:00,0.38
2013-10-10 08:30:00,0.762
2013-10-10 09:00:00,0.718
2013-10-10 09:30:00,1.202
2013-10-10 10:00:00,1.033
2013-10-10 10:30:00,1.025
2013-10-10 11:00:00,0.518
2013-10-10 11:30:00,0.624
2013-10-10 12:00:00,0.871
2013-10-10 12:30:00,1.414
2013-10-10 13:00:00,0.724
2013-10-10 13:30:00,1.1160001
2013-10-10 14:00:00,2.007
2013-10-10 14:30:00,1.413
2013-10-10 15:00:00,0.791
2013-10-10 15:30:00,0.494
2013-10-10 16:00:00,0.516
2013-10-10 16:30:00,0.544
2013-10-10 17:00:00,0.4
2013-10-10 17:30:00,0.591
2013-10-10 18:00:00,0.592
2013-10-10 18:30:00,0.926
2013-10-10 19:00:00,1.02
2013-10-10 19:30:00,1.599
2013-10-10 20:00:00,1.092
2013-10-10 20:30:00,1.688
2013-10-10 21:00:00,0.873
2013-10-10 21:30:00,1.2029999
2013-10-10 22:00:00,0.842
2013-10-10 22:30:00,1.039
2013-10-10 23:00:00,0.835
2013-10-10 23:30:00,1.189
2013-10-11 00:00:00,0.834
2013-10-11 00:30:00,1.04
2013-10-11 01:00:00,0.844
2013-10-11 01:30:00,1.0779999
2013-10-11 02:00:00,0.972
2013-10-11 02:30:00,1.091
2013-10-11 03:00:00,0.835
2013-10-11 03:30:00,1.1
2013-10-11 04:00:00,1.082
2013-10-11 04:30:00,1.2460001
2013-10-11 05:00:00,0.879
2013-10-11 05:30:00,1.237
2013-10-11 06:00:00,0.887
2013-10-11 06:30:00,1.133
2013-10-11 07:00:00,0.991
2013-10-11 07:30:00,1.081
2013-10-11 08:00:00,0.819
2013-10-11 08:30:00,1.031
2013-10-11 09:00:00,0.932
2013-10-11 09:30:00,1.0140001
2013-10-11 10:00:00,0.792
2013-10-11 10:30:00,0.97
2013-10-11 11:00:00,0.783
2013-10-11 11:30:00,1.085
2013-10-11 12:00:00,0.783
2013-10-11 12:30:00,0.981
2013-10-11 13:00:00,0.869
2013-10-11 13:30:00,1.036
2013-10-11 14:00:00,0.971
2013-10-11 14:30:00,1.033
2013-10-11 15:00:00,0.833
2013-10-11 15:30:00,0.997
2013-10-11 16:00:00,1.018
2013-10-11 16:30:00,1.5420001
2013-10-11 17:00:00,0.85
2013-10-11 17:30:00,0.988
2013-10-11 18:00:00,1.1950001
2013-10-11 18:30:00,1.5650001
2013-10-11 19:00:00,0.663
2013-10-11 19:30:00,1.598
2013-10-11 20:00:00,1.5140001
2013-10-11 20:30:00,1.405
2013-10-11 21:00:00,0.75
2013-10-11 21:30:00,0.85
2013-10-11 22:00:00,0.788
2013-10-11 22:30:00,0.822
2013-10-11 23:00:00,0.601
2013-10-11 23:30:00,0.802
2013-10-12 00:00:00,0.717
2013-10-12 00:30:00,0.85
2013-10-12 01:00:00,0.626
2013-10-12 01:30:00,0.854
2013-10-12 02:00:00,0.803
2013-10-12 02:30:00,0.808
2013-10-12 03:00:00,0.588
2013-10-12 03:30:00,0.828
2013-10-12 04:00:00,0.78
2013-10-12 04:30:00,1.186
2013-10-12 05:00:00,1.1440001
2013-10-12 05:30:00,1.04
2013-10-12 06:00:00,0.728
2013-10-12 06:30:00,0.8
2013-10-12 07:00:00,0.738
2013-10-12 07:30:00,0.957
2013-10-12 08:00:00,0.959
2013-10-12 08:30:00,0.984
2013-10-12 09:00:00,0.638
2013-10-12 09:30:00,0.921
2013-10-12 10:00:00,0.659
2013-10-12 10:30:00,0.814
2013-10-12 11:00:00,0.53
2013-10-12 11:30:00,0.813
2013-10-12 12:00:00,0.503
2013-10-12 12:30:00,0.671
2013-10-12 13:00:00,0.668
2013-10-12 13:30:00,0.742
2013-10-12 14:00:00,0.538
2013-10-12 14:30:00,0.674
2013-10-12 15:00:00,0.556
2013-10-12 15:30:00,0.773
2013-10-12 16:00:00,0.494
2013-10-12 16:30:00,0.654
2013-10-12 17:00:00,0.545
2013-10-12 17:30:00,0.814
2013-10-12 18:00:00,0.67
2013-10-12 18:30:00,0.736
2013-10-12 19:00:00,0.573
2013-10-12 19:30:00,0.728
2013-10-12 20:00:00,0.648
2013-10-12 20:30:00,0.814
2013-10-12 21:00:00,0.641
2013-10-12 21:30:00,0.831
2013-10-12 22:00:00,0.636
2013-10-12 22:30:00,0.922
2013-10-12 23:00:00,0.577
2013-10-12 23:30:00,0.816
2013-10-13 00:00:00,0.636
2013-10-13 00:30:00,0.873
2013-10-13 01:00:00,0.788
2013-10-13 01:30:00,0.801
2013-10-13 02:00:00,0.55
2013-10-13 02:30:00,0.835
2013-10-13 03:00:00,0.655
2013-10-13 03:30:00,0.858
2013-10-13 04:00:00,0.813
2013-10-13 04:30:00,0.784
2013-10-13 05:00:00,0.564
2013-10-13 05:30:00,1.011
2013-10-13 06:00:00,0.683
2013-10-13 06:30:00,0.888
2013-10-13 07:00:00,0.885
2013-10-13 07:30:00,0.899
2013-10-13 08:00:00,0.637
2013-10-13 08:30:00,0.885
2013-10-13 09:00:00,1.401
2013-10-13 09:30:00,1.719
2013-10-13 10:00:00,1.6160001
2013-10-13 10:30:00,0.911
2013-10-13 11:00:00,0.718
2013-10-13 11:30:00,0.786
2013-10-13 12:00:00,0.749
2013-10-13 12:30:00,0.786
2013-10-13 13:00:00,0.641
2013-10-13 13:30:00,0.739
2013-10-13 14:00:00,0.575
2013-10-13 14:30:00,0.954
2013-10-13 15:00:00,0.582
2013-10-13 15:30:00,0.752
2013-10-13 16:00:00,0.529
2013-10-13 16:30:00,0.884
2013-10-13 17:00:00,0.599
2013-10-13 17:30:00,0.82
2013-10-13 18:00:00,0.601
2013-10-13 18:30:00,0.978
2013-10-13 19:00:00,0.542
2013-10-13 19:30:00,0.805
2013-10-13 20:00:00,1.165
2013-10-13 20:30:00,2.2290001
2013-10-13 21:00:00,1.477
2013-10-13 21:30:00,0.884
2013-10-13 22:00:00,0.543
2013-10-13 22:30:00,0.792
2013-10-13 23:00:00,0.684
2013-10-13 23:30:00,0.986
2013-10-14 00:00:00,0.639
2013-10-14 00:30:00,0.842
2013-10-14 01:00:00,0.54
2013-10-14 01:30:00,0.878
2013-10-14 02:00:00,0.739
2013-10-14 02:30:00,0.856
2013-10-14 03:00:00,0.647
2013-10-14 03:30:00,0.85
2013-10-14 04:00:00,0.782
2013-10-14 04:30:00,0.89
2013-10-14 05:00:00,0.789
2013-10-14 05:30:00,0.918
2013-10-14 06:00:00,0.676
2013-10-14 06:30:00,0.909
2013-10-14 07:00:00,0.832
2013-10-14 07:30:00,0.941
2013-10-14 08:00:00,0.586
2013-10-14 08:30:00,0.903
2013-10-14 09:00:00,0.664
2013-10-14 09:30:00,1.4809999
2013-10-14 10:00:00,0.877
2013-10-14 10:30:00,1.098
2013-10-14 11:00:00,1.436
2013-10-14 11:30:00,1.169
2013-10-14 12:00:00,2.145
2013-10-14 12:30:00,0.942
2013-10-14 13:00:00,0.767
2013-10-14 13:30:00,0.886
2013-10-14 14:00:00,0.566
2013-10-14 14:30:00,0.751
2013-10-14 15:00:00,0.728
2013-10-14 15:30:00,0.87
2013-10-14 16:00:00,0.655
2013-10-14 16:30:00,0.813
2013-10-14 17:00:00,0.624
2013-10-14 17:30:00,0.806
2013-10-14 18:00:00,1.228
2013-10-14 18:30:00,1.9400001
2013-10-14 19:00:00,0.73
2013-10-14 19:30:00,0.977
2013-10-14 20:00:00,0.691
2013-10-14 20:30:00,1.114
2013-10-14 21:00:00,0.672
2013-10-14 21:30:00,0.964
2013-10-14 22:00:00,0.709
2013-10-14 22:30:00,1.123
2013-10-14 23:00:00,0.676
2013-10-14 23:30:00,0.839
2013-10-15 00:00:00,0.676
2013-10-15 00:30:00,0.927
2013-10-15 01:00:00,0.855
2013-10-15 01:30:00,0.957
2013-10-15 02:00:00,0.628
2013-10-15 02:30:00,0.879
2013-10-15 03:00:00,0.658
2013-10-15 03:30:00,1.107
2013-10-15 04:00:00,0.756
2013-10-15 04:30:00,1.152
2013-10-15 05:00:00,0.641
2013-10-15 05:30:00,0.886
2013-10-15 06:00:00,0.644
2013-10-15 06:30:00,0.989
2013-10-15 07:00:00,0.9
2013-10-15 07:30:00,0.919
2013-10-15 08:00:00,0.595
2013-10-15 08:30:00,0.821
2013-10-15 09:00:00,0.758
2013-10-15 09:30:00,0.852
2013-10-15 10:00:00,0.672
2013-10-15 10:30:00,0.853
2013-10-15 11:00:00,0.633
2013-10-15 11:30:00,0.978
2013-10-15 12:00:00,0.529
2013-10-15 12:30:00,0.754
2013-10-15 13:00:00,0.662
2013-10-15 13:30:00,0.849
2013-10-15 14:00:00,0.817
2013-10-15 14:30:00,0.835
2013-10-15 15:00:00,0.545
2013-10-15 15:30:00,0.736
2013-10-15 16:00:00,0.549
2013-10-15 16:30:00,1.228
2013-10-15 17:00:00,0.773
2013-10-15 17:30:00,1.545
2013-10-15 18:00:00,0.956
2013-10-15 18:30:00,0.863
2013-10-15 19:00:00,0.887
2013-10-15 19:30:00,0.926
2013-10-15 20:00:00,0.837
2013-10-15 20:30:00,0.846
2013-10-15 21:00:00,0.672
2013-10-15 21:30:00,1.028
2013-10-15 22:00:00,0.591
2013-10-15 22:30:00,0.866
2013-10-15 23:00:00,0.747
2013-10-15 23:30:00,1.038
2013-10-16 00:00:00,0.626
2013-10-16 00:30:00,0.85
2013-10-16 01:00:00,0.585
2013-10-16 01:30:00,0.802
2013-10-16 02:00:00,0.854
2013-10-16 02:30:00,0.892
2013-10-16 03:00:00,0.637
2013-10-16 03:30:00,0.913
2013-10-16 04:00:00,1.0039999
2013-10-16 04:30:00,0.893
2013-10-16 05:00:00,0.84
2013-10-16 05:30:00,0.971
2013-10-16 06:00:00,0.881
2013-10-16 06:30:00,1.132
2013-10-16 07:00:00,0.725
2013-10-16 07:30:00,0.895
2013-10-16 08:00:00,0.795
2013-10-16 08:30:00,0.885
2013-10-16 09:00:00,0.664
2013-10-16 09:30:00,0.94
2013-10-16 10:00:00,0.857
2013-10-16 10:30:00,0.902
2013-10-16 11:00:00,0.647
2013-10-16 11:30:00,0.853
2013-10-16 12:00:00,0.734
2013-10-16 12:30:00,1.1849999
2013-10-16 13:00:00,1.399
2013-10-16 13:30:00,1.387
2013-10-16 14:00:00,0.622
2013-10-16 14:30:00,0.889
2013-10-16 15:00:00,0.4
2013-10-16 15:30:00,0.669
2013-10-16 16:00:00,0.556
2013-10-16 16:30:00,0.902
2013-10-16 17:00:00,0.586
2013-10-16 17:30:00,0.673
2013-10-16 18:00:00,0.802
2013-10-16 18:30:00,1.904
2013-10-16 19:00:00,1.655
2013-10-16 19:30:00,1.579
2013-10-16 20:00:00,1.087
2013-10-16 20:30:00,0.854
2013-10-16 21:00:00,0.558
2013-10-16 21:30:00,0.99
2013-10-16 22:00:00,0.652
2013-10-16 22:30:00,1.739
2013-10-16 23:00:00,0.811
2013-10-16 23:30:00,0.767
2013-10-17 00:00:00,0.592
2013-10-17 00:30:00,0.836
2013-10-17 01:00:00,0.824
2013-10-17 01:30:00,0.865
2013-10-17 02:00:00,0.631
2013-10-17 02:30:00,0.784
2013-10-17 03:00:00,0.726
2013-10-17 03:30:00,0.877
2013-10-17 04:00:00,0.761
2013-10-17 04:30:00,0.989
2013-10-17 05:00:00,0.627
2013-10-17 05:30:00,0.887
2013-10-17 06:00:00,0.622
2013-10-17 06:30:00,1.071
2013-10-17 07:00:00,0.887
2013-10-17 07:30:00,0.969
2013-10-17 08:00:00,0.627
2013-10-17 08:30:00,0.916
2013-10-17 09:00:00,0.54
2013-10-17 09:30:00,0.821
2013-10-17 10:00:00,1.867
2013-10-17 10:30:00,1.2079999
2013-10-17 11:00:00,2.0569999
2013-10-17 11:30:00,0.827
2013-10-17 12:00:00,0.722
2013-10-17 12:30:00,2.0109999
2013-10-17 13:00:00,2.1900001
2013-10-17 13:30:00,0.906
2013-10-17 14:00:00,0.507
2013-10-17 14:30:00,1.0880001
2013-10-17 15:00:00,1.767
2013-10-17 15:30:00,0.557
2013-10-17 16:00:00,0.528
2013-10-17 16:30:00,0.631
2013-10-17 17:00:00,0.739
2013-10-17 17:30:00,0.809
2013-10-17 18:00:00,1.961
2013-10-17 18:30:00,0.846
2013-10-17 19:00:00,0.698
2013-10-17 19:30:00,0.616
2013-10-17 20:00:00,0.587
2013-10-17 20:30:00,0.902
2013-10-17 21:00:00,0.594
2013-10-17 21:30:00,0.763
2013-10-17 22:00:00,0.505
2013-10-17 22:30:00,0.994
2013-10-17 23:00:00,0.626
2013-10-17 23:30:00,0.766
2013-10-18 00:00:00,0.605
2013-10-18 00:30:00,0.807
2013-10-18 01:00:00,0.511
2013-10-18 01:30:00,0.754
2013-10-18 02:00:00,0.576
2013-10-18 02:30:00,0.766
2013-10-18 03:00:00,0.722
2013-10-18 03:30:00,0.662
2013-10-18 04:00:00,0.524
2013-10-18 04:30:00,0.774
2013-10-18 05:00:00,0.734
2013-10-18 05:30:00,0.798
2013-10-18 06:00:00,0.52
2013-10-18 06:30:00,1.192
2013-10-18 07:00:00,0.838
2013-10-18 07:30:00,0.972
2013-10-18 08:00:00,0.616
2013-10-18 08:30:00,0.891
2013-10-18 09:00:00,0.841
2013-10-18 09:30:00,0.614
2013-10-18 10:00:00,1.1059999
2013-10-18 10:30:00,0.813
2013-10-18 11:00:00,0.48
2013-10-18 11:30:00,0.946
2013-10-18 12:00:00,0.547
2013-10-18 12:30:00,0.654
2013-10-18 13:00:00,0.633
2013-10-18 13:30:00,0.669
2013-10-18 14:00:00,0.545
2013-10-18 14:30:00,1.423
2013-10-18 15:00:00,1.3940001
2013-10-18 15:30:00,0.593
2013-10-18 16:00:00,0.612
2013-10-18 16:30:00,0.561
2013-10-18 17:00:00,0.375
2013-10-18 17:30:00,0.6
2013-10-18 18:00:00,0.437
2013-10-18 18:30:00,0.637
2013-10-18 19:00:00,0.565
2013-10-18 19:30:00,1.365
2013-10-18 20:00:00,1.006
2013-10-18 20:30:00,1.1849999
2013-10-18 21:00:00,0.62
2013-10-18 21:30:00,0.646
2013-10-18 22:00:00,0.612
2013-10-18 22:30:00,0.533
2013-10-18 23:00:00,0.455
2013-10-18 23:30:00,0.777
2013-10-19 00:00:00,0.515
2013-10-19 00:30:00,0.563
2013-10-19 01:00:00,0.381
2013-10-19 01:30:00,0.761
2013-10-19 02:00:00,0.464
2013-10-19 02:30:00,0.65
2013-10-19 03:00:00,0.441
2013-10-19 03:30:00,0.685
2013-10-19 04:00:00,0.449
2013-10-19 04:30:00,0.621
2013-10-19 05:00:00,0.643
2013-10-19 05:30:00,0.693
2013-10-19 06:00:00,0.41
2013-10-19 06:30:00,0.799
2013-10-19 07:00:00,0.909
2013-10-19 07:30:00,1.072
2013-10-19 08:00:00,1.177
2013-10-19 08:30:00,2.2609999
2013-10-19 09:00:00,1.122
2013-10-19 09:30:00,1.502
2013-10-19 10:00:00,0.793
2013-10-19 10:30:00,1.102
2013-10-19 11:00:00,0.389
2013-10-19 11:30:00,0.41
2013-10-19 12:00:00,0.545
2013-10-19 12:30:00,0.524
2013-10-19 13:00:00,0.398
2013-10-19 13:30:00,0.635
2013-10-19 14:00:00,0.305
2013-10-19 14:30:00,0.478
2013-10-19 15:00:00,0.372
2013-10-19 15:30:00,0.509
2013-10-19 16:00:00,0.506
2013-10-19 16:30:00,0.445
2013-10-19 17:00:00,0.329
2013-10-19 17:30:00,0.531
2013-10-19 18:00:00,0.563
2013-10-19 18:30:00,0.547
2013-10-19 19:00:00,0.376
2013-10-19 19:30:00,0.457
2013-10-19 20:00:00,0.411
2013-10-19 20:30:00,0.728
2013-10-19 21:00:00,0.426
2013-10-19 21:30:00,0.604
2013-10-19 22:00:00,0.491
2013-10-19 22:30:00,0.568
2013-10-19 23:00:00,0.638
2013-10-19 23:30:00,0.636
2013-10-20 00:00:00,0.478
2013-10-20 00:30:00,0.578
2013-10-20 01:00:00,0.407
2013-10-20 01:30:00,0.747
2013-10-20 02:00:00,0.469
2013-10-20 02:30:00,0.661
2013-10-20 03:00:00,0.454
2013-10-20 03:30:00,0.563
2013-10-20 04:00:00,0.581
2013-10-20 04:30:00,0.627
2013-10-20 05:00:00,0.747
2013-10-20 05:30:00,0.601
2013-10-20 06:00:00,0.392
2013-10-20 06:30:00,0.652
2013-10-20 07:00:00,0.662
2013-10-20 07:30:00,0.715
2013-10-20 08:00:00,0.421
2013-10-20 08:30:00,0.687
2013-10-20 09:00:00,0.462
2013-10-20 09:30:00,0.606
2013-10-20 10:00:00,0.45
2013-10-20 10:30:00,0.564
2013-10-20 11:00:00,0.497
2013-10-20 11:30:00,0.534
2013-10-20 12:00:00,0.4
2013-10-20 12:30:00,0.56
2013-10-20 13:00:00,0.588
2013-10-20 13:30:00,0.451
2013-10-20 14:00:00,0.342
2013-10-20 14:30:00,0.547
2013-10-20 15:00:00,0.44
2013-10-20 15:30:00,0.735
2013-10-20 16:00:00,0.428
2013-10-20 16:30:00,0.494
2013-10-20 17:00:00,0.412
2013-10-20 17:30:00,0.599
2013-10-20 18:00:00,0.65
2013-10-20 18:30:00,0.611
2013-10-20 19:00:00,0.398
2013-10-20 19:30:00,0.577
2013-10-20 20:00:00,0.636
2013-10-20 20:30:00,0.775
2013-10-20 21:00:00,0.511
2013-10-20 21:30:00,0.675
2013-10-20 22:00:00,0.388
2013-10-20 22:30:00,0.783
2013-10-20 23:00:00,0.506
2013-10-20 23:30:00,0.662
2013-10-21 00:00:00,0.459
2013-10-21 00:30:00,0.525
2013-10-21 01:00:00,0.43
2013-10-21 01:30:00,0.796
2013-10-21 02:00:00,0.5
2013-10-21 02:30:00,0.622
2013-10-21 03:00:00,0.417
2013-10-21 03:30:00,0.538
2013-10-21 04:00:00,0.746
2013-10-21 04:30:00,0.66
2013-10-21 05:00:00,0.51
2013-10-21 05:30:00,0.632
2013-10-21 06:00:00,0.4
2013-10-21 06:30:00,0.854
2013-10-21 07:00:00,0.504
2013-10-21 07:30:00,0.785
2013-10-21 08:00:00,0.499
2013-10-21 08:30:00,0.737
2013-10-21 09:00:00,0.52
2013-10-21 09:30:00,0.662
2013-10-21 10:00:00,0.518
2013-10-21 10:30:00,0.979
2013-10-21 11:00:00,1.038
2013-10-21 11:30:00,0.828
2013-10-21 12:00:00,0.634
2013-10-21 12:30:00,0.633
2013-10-21 13:00:00,0.379
2013-10-21 13:30:00,0.689
2013-10-21 14:00:00,0.445
2013-10-21 14:30:00,1.119
2013-10-21 15:00:00,0.874
2013-10-21 15:30:00,0.608
2013-10-21 16:00:00,0.405
2013-10-21 16:30:00,0.994
2013-10-21 17:00:00,1.007
2013-10-21 17:30:00,1.079
2013-10-21 18:00:00,0.606
2013-10-21 18:30:00,0.547
2013-10-21 19:00:00,0.575
2013-10-21 19:30:00,0.508
2013-10-21 20:00:00,0.318
2013-10-21 20:30:00,0.82
2013-10-21 21:00:00,0.444
2013-10-21 21:30:00,0.57
2013-10-21 22:00:00,0.486
2013-10-21 22:30:00,0.598
2013-10-21 23:00:00,0.495
2013-10-21 23:30:00,0.553
2013-10-22 00:00:00,0.502
2013-10-22 00:30:00,0.594
2013-10-22 01:00:00,0.455
2013-10-22 01:30:00,0.61
2013-10-22 02:00:00,0.476
2013-10-22 02:30:00,0.569
2013-10-22 03:00:00,0.483
2013-10-22 03:30:00,0.587
2013-10-22 04:00:00,0.659
2013-10-22 04:30:00,0.583
2013-10-22 05:00:00,0.468
2013-10-22 05:30:00,0.771
2013-10-22 06:00:00,0.339
2013-10-22 06:30:00,1.09
2013-10-22 07:00:00,0.5
2013-10-22 07:30:00,0.7
2013-10-22 08:00:00,0.445
2013-10-22 08:30:00,0.518
2013-10-22 09:00:00,0.437
2013-10-22 09:30:00,0.546
2013-10-22 10:00:00,0.53
2013-10-22 10:30:00,0.434
2013-10-22 11:00:00,0.36
2013-10-22 11:30:00,0.656
2013-10-22 12:00:00,0.417
2013-10-22 12:30:00,0.58
2013-10-22 13:00:00,0.493
2013-10-22 13:30:00,0.517
2013-10-22 14:00:00,0.393
2013-10-22 14:30:00,0.651
2013-10-22 15:00:00,0.311
2013-10-22 15:30:00,0.418
2013-10-22 16:00:00,0.556
2013-10-22 16:30:00,0.493
2013-10-22 17:00:00,0.385
2013-10-22 17:30:00,0.381
2013-10-22 18:00:00,0.386
2013-10-22 18:30:00,0.717
2013-10-22 19:00:00,0.745
2013-10-22 19:30:00,1.5369999
2013-10-22 20:00:00,1.028
2013-10-22 20:30:00,1.1160001
2013-10-22 21:00:00,0.525
2013-10-22 21:30:00,0.632
2013-10-22 22:00:00,0.332
2013-10-22 22:30:00,0.564
2013-10-22 23:00:00,0.581
2013-10-22 23:30:00,0.443
2013-10-23 00:00:00,0.37
2013-10-23 00:30:00,0.633
2013-10-23 01:00:00,0.428
2013-10-23 01:30:00,0.469
2013-10-23 02:00:00,0.34
2013-10-23 02:30:00,0.688
2013-10-23 03:00:00,0.409
2013-10-23 03:30:00,0.418
2013-10-23 04:00:00,0.531
2013-10-23 04:30:00,0.718
2013-10-23 05:00:00,0.449
2013-10-23 05:30:00,0.636
2013-10-23 06:00:00,0.45
2013-10-23 06:30:00,0.924
2013-10-23 07:00:00,0.574
2013-10-23 07:30:00,0.641
2013-10-23 08:00:00,0.333
2013-10-23 08:30:00,0.49
2013-10-23 09:00:00,0.547
2013-10-23 09:30:00,0.548
2013-10-23 10:00:00,0.349
2013-10-23 10:30:00,0.418
2013-10-23 11:00:00,0.515
2013-10-23 11:30:00,0.5
2013-10-23 12:00:00,0.402
2013-10-23 12:30:00,0.628
2013-10-23 13:00:00,0.33
2013-10-23 13:30:00,0.505
2013-10-23 14:00:00,0.389
2013-10-23 14:30:00,0.609
2013-10-23 15:00:00,0.225
2013-10-23 15:30:00,0.362
2013-10-23 16:00:00,0.368
2013-10-23 16:30:00,0.574
2013-10-23 17:00:00,0.361
2013-10-23 17:30:00,0.36
2013-10-23 18:00:00,0.629
2013-10-23 18:30:00,0.697
2013-10-23 19:00:00,0.998
2013-10-23 19:30:00,0.832
2013-10-23 20:00:00,0.551
2013-10-23 20:30:00,0.675
2013-10-23 21:00:00,0.417
2013-10-23 21:30:00,0.74
2013-10-23 22:00:00,0.483
2013-10-23 22:30:00,0.629
2013-10-23 23:00:00,0.575
2013-10-23 23:30:00,0.567
2013-10-24 00:00:00,0.429
2013-10-24 00:30:00,0.783
2013-10-24 01:00:00,0.485
2013-10-24 01:30:00,0.65
2013-10-24 02:00:00,0.575
2013-10-24 02:30:00,0.586
2013-10-24 03:00:00,0.484
2013-10-24 03:30:00,0.673
2013-10-24 04:00:00,0.668
2013-10-24 04:30:00,0.872
2013-10-24 05:00:00,0.485
2013-10-24 05:30:00,0.704
2013-10-24 06:00:00,0.49
2013-10-24 06:30:00,0.705
2013-10-24 07:00:00,0.789
2013-10-24 07:30:00,0.681
2013-10-24 08:00:00,0.712
2013-10-24 08:30:00,0.88
2013-10-24 09:00:00,0.478
2013-10-24 09:30:00,0.859
2013-10-24 10:00:00,2.171
2013-10-24 10:30:00,0.66
2013-10-24 11:00:00,0.566
2013-10-24 11:30:00,0.822
2013-10-24 12:00:00,0.542
2013-10-24 12:30:00,0.551
2013-10-24 13:00:00,0.531
2013-10-24 13:30:00,0.675
2013-10-24 14:00:00,0.434
2013-10-24 14:30:00,0.577
2013-10-24 15:00:00,0.298
2013-10-24 15:30:00,0.462
2013-10-24 16:00:00,0.371
2013-10-24 16:30:00,0.628
2013-10-24 17:00:00,0.584
2013-10-24 17:30:00,0.582
2013-10-24 18:00:00,0.787
2013-10-24 18:30:00,0.669
2013-10-24 19:00:00,0.593
2013-10-24 19:30:00,0.55
2013-10-24 20:00:00,0.571
2013-10-24 20:30:00,0.51
2013-10-24 21:00:00,0.376
2013-10-24 21:30:00,0.677
2013-10-24 22:00:00,0.462
2013-10-24 22:30:00,0.761
2013-10-24 23:00:00,0.445
2013-10-24 23:30:00,0.528
2013-10-25 00:00:00,0.361
2013-10-25 00:30:00,0.723
2013-10-25 01:00:00,0.433
2013-10-25 01:30:00,0.593
2013-10-25 02:00:00,0.576
2013-10-25 02:30:00,0.509
2013-10-25 03:00:00,0.385
2013-10-25 03:30:00,0.595
2013-10-25 04:00:00,0.561
2013-10-25 04:30:00,0.616
2013-10-25 05:00:00,0.38
2013-10-25 05:30:00,0.593
2013-10-25 06:00:00,0.875
2013-10-25 06:30:00,0.752
2013-10-25 07:00:00,0.604
2013-10-25 07:30:00,0.633
2013-10-25 08:00:00,0.356
2013-10-25 08:30:00,0.681
2013-10-25 09:00:00,0.441
2013-10-25 09:30:00,0.585
2013-10-25 10:00:00,0.869
2013-10-25 10:30:00,0.722
2013-10-25 11:00:00,0.48
2013-10-25 11:30:00,0.672
2013-10-25 12:00:00,0.384
2013-10-25 12:30:00,0.632
2013-10-25 13:00:00,0.3
2013-10-25 13:30:00,0.42
2013-10-25 14:00:00,0.492
2013-10-25 14:30:00,0.552
2013-10-25 15:00:00,0.388
2013-10-25 15:30:00,0.59
2013-10-25 16:00:00,0.292
2013-10-25 16:30:00,0.624
2013-10-25 17:00:00,1.058
2013-10-25 17:30:00,1.439
2013-10-25 18:00:00,1.21
2013-10-25 18:30:00,1.597
2013-10-25 19:00:00,1.635
2013-10-25 19:30:00,1.173
2013-10-25 20:00:00,0.544
2013-10-25 20:30:00,0.473
2013-10-25 21:00:00,0.39
2013-10-25 21:30:00,0.517
2013-10-25 22:00:00,0.511
2013-10-25 22:30:00,0.502
2013-10-25 23:00:00,0.295
2013-10-25 23:30:00,0.468
2013-10-26 00:00:00,0.535
2013-10-26 00:30:00,0.512
2013-10-26 01:00:00,0.355
2013-10-26 01:30:00,0.545
2013-10-26 02:00:00,0.386
2013-10-26 02:30:00,0.558
2013-10-26 03:00:00,0.39
2013-10-26 03:30:00,0.517
2013-10-26 04:00:00,0.412
2013-10-26 04:30:00,0.62
2013-10-26 05:00:00,0.927
2013-10-26 05:30:00,0.692
2013-10-26 06:00:00,0.335
2013-10-26 06:30:00,0.657
2013-10-26 07:00:00,0.722
2013-10-26 07:30:00,1.763
2013-10-26 08:00:00,1.021
2013-10-26 08:30:00,0.994
2013-10-26 09:00:00,1.1289999
2013-10-26 09:30:00,0.902
2013-10-26 10:00:00,0.702
2013-10-26 10:30:00,0.993
2013-10-26 11:00:00,0.918
2013-10-26 11:30:00,1.825
2013-10-26 12:00:00,1.719
2013-10-26 12:30:00,1.153
2013-10-26 13:00:00,1.311
2013-10-26 13:30:00,1.3279999
2013-10-26 14:00:00,1.402
2013-10-26 14:30:00,0.833
2013-10-26 15:00:00,0.718
2013-10-26 15:30:00,0.644
2013-10-26 16:00:00,0.451
2013-10-26 16:30:00,0.804
2013-10-26 17:00:00,0.57
2013-10-26 17:30:00,0.716
2013-10-26 18:00:00,0.632
2013-10-26 18:30:00,0.602
2013-10-26 19:00:00,0.492
2013-10-26 19:30:00,0.624
2013-10-26 20:00:00,0.621
2013-10-26 20:30:00,0.652
2013-10-26 21:00:00,0.469
2013-10-26 21:30:00,0.637
2013-10-26 22:00:00,0.619
2013-10-26 22:30:00,0.63
2013-10-26 23:00:00,0.39
2013-10-26 23:30:00,0.575
2013-10-27 00:00:00,0.577
2013-10-27 00:30:00,0.618
2013-10-27 01:00:00,0.428
2013-10-27 01:30:00,0.524
2013-10-27 02:00:00,0.402
2013-10-27 02:30:00,0.761
2013-10-27 03:00:00,0.475
2013-10-27 03:30:00,0.585
2013-10-27 04:00:00,0.36
2013-10-27 04:30:00,0.628
2013-10-27 05:00:00,0.619
2013-10-27 05:30:00,1.066
2013-10-27 06:00:00,0.567
2013-10-27 06:30:00,0.562
2013-10-27 07:00:00,0.502
2013-10-27 07:30:00,0.82
2013-10-27 08:00:00,0.518
2013-10-27 08:30:00,0.605
2013-10-27 09:00:00,0.474
2013-10-27 09:30:00,0.893
2013-10-27 10:00:00,0.533
2013-10-27 10:30:00,0.637
2013-10-27 11:00:00,0.534
2013-10-27 11:30:00,0.491
2013-10-27 12:00:00,0.399
2013-10-27 12:30:00,0.547
2013-10-27 13:00:00,0.543
2013-10-27 13:30:00,0.595
2013-10-27 14:00:00,0.327
2013-10-27 14:30:00,0.386
2013-10-27 15:00:00,0.489
2013-10-27 15:30:00,0.528
2013-10-27 16:00:00,0.432
2013-10-27 16:30:00,0.571
2013-10-27 17:00:00,0.533
2013-10-27 17:30:00,0.54
2013-10-27 18:00:00,0.419
2013-10-27 18:30:00,0.627
2013-10-27 19:00:00,0.843
2013-10-27 19:30:00,0.691
2013-10-27 20:00:00,0.445
2013-10-27 20:30:00,0.587
2013-10-27 21:00:00,0.488
2013-10-27 21:30:00,0.837
2013-10-27 22:00:00,0.478
2013-10-27 22:30:00,0.644
2013-10-27 23:00:00,0.371
2013-10-27 23:30:00,0.649
2013-10-28 00:00:00,0.467
2013-10-28 00:30:00,0.814
2013-10-28 01:00:00,0.459
2013-10-28 01:30:00,0.575
2013-10-28 02:00:00,0.384
2013-10-28 02:30:00,0.637
2013-10-28 03:00:00,0.621
2013-10-28 03:30:00,0.655
2013-10-28 04:00:00,0.36
2013-10-28 04:30:00,0.557
2013-10-28 05:00:00,0.691
2013-10-28 05:30:00,0.629
2013-10-28 06:00:00,0.481
2013-10-28 06:30:00,0.574
2013-10-28 07:00:00,0.554
2013-10-28 07:30:00,0.681
2013-10-28 08:00:00,0.483
2013-10-28 08:30:00,0.672
2013-10-28 09:00:00,0.623
2013-10-28 09:30:00,0.576
2013-10-28 10:00:00,0.577
2013-10-28 10:30:00,0.675
2013-10-28 11:00:00,0.459
2013-10-28 11:30:00,0.8
2013-10-28 12:00:00,0.395
2013-10-28 12:30:00,0.917
2013-10-28 13:00:00,1.206
2013-10-28 13:30:00,1.233
2013-10-28 14:00:00,0.611
2013-10-28 14:30:00,0.514
2013-10-28 15:00:00,0.498
2013-10-28 15:30:00,0.621
2013-10-28 16:00:00,0.488
2013-10-28 16:30:00,0.788
2013-10-28 17:00:00,0.455
2013-10-28 17:30:00,0.596
2013-10-28 18:00:00,0.469
2013-10-28 18:30:00,0.892
2013-10-28 19:00:00,0.817
2013-10-28 19:30:00,0.977
2013-10-28 20:00:00,1.649
2013-10-28 20:30:00,0.715
2013-10-28 21:00:00,0.663
2013-10-28 21:30:00,0.779
2013-10-28 22:00:00,0.537
2013-10-28 22:30:00,0.944
2013-10-28 23:00:00,0.555
2013-10-28 23:30:00,0.699
2013-10-29 00:00:00,0.6
2013-10-29 00:30:00,0.736
2013-10-29 01:00:00,0.565
2013-10-29 01:30:00,0.758
2013-10-29 02:00:00,0.69
2013-10-29 02:30:00,0.751
2013-10-29 03:00:00,0.464
2013-10-29 03:30:00,0.909
2013-10-29 04:00:00,0.533
2013-10-29 04:30:00,0.795
2013-10-29 05:00:00,0.863
2013-10-29 05:30:00,0.799
2013-10-29 06:00:00,0.533
2013-10-29 06:30:00,0.993
2013-10-29 07:00:00,0.545
2013-10-29 07:30:00,0.83
2013-10-29 08:00:00,0.976
2013-10-29 08:30:00,1.02
2013-10-29 09:00:00,0.543
2013-10-29 09:30:00,0.907
2013-10-29 10:00:00,0.476
2013-10-29 10:30:00,0.678
2013-10-29 11:00:00,0.594
2013-10-29 11:30:00,0.664
2013-10-29 12:00:00,0.494
2013-10-29 12:30:00,0.712
2013-10-29 13:00:00,0.612
2013-10-29 13:30:00,0.718
2013-10-29 14:00:00,0.461
2013-10-29 14:30:00,0.465
2013-10-29 15:00:00,0.259
2013-10-29 15:30:00,0.404
2013-10-29 16:00:00,0.435
2013-10-29 16:30:00,0.769
2013-10-29 17:00:00,0.48
2013-10-29 17:30:00,0.688
2013-10-29 18:00:00,0.456
2013-10-29 18:30:00,0.803
2013-10-29 19:00:00,0.469
2013-10-29 19:30:00,0.812
2013-10-29 20:00:00,0.734
2013-10-29 20:30:00,0.84
2013-10-29 21:00:00,0.742
2013-10-29 21:30:00,0.804
2013-10-29 22:00:00,0.529
2013-10-29 22:30:00,0.775
2013-10-29 23:00:00,0.72
2013-10-29 23:30:00,0.826
2013-10-30 00:00:00,0.581
2013-10-30 00:30:00,0.842
2013-10-30 01:00:00,0.574
2013-10-30 01:30:00,1.0190001
2013-10-30 02:00:00,0.529
2013-10-30 02:30:00,0.807
2013-10-30 03:00:00,0.706
2013-10-30 03:30:00,0.861
2013-10-30 04:00:00,0.603
2013-10-30 04:30:00,0.903
2013-10-30 05:00:00,0.794
2013-10-30 05:30:00,1.03
2013-10-30 06:00:00,0.694
2013-10-30 06:30:00,0.941
2013-10-30 07:00:00,0.619
2013-10-30 07:30:00,0.889
2013-10-30 08:00:00,0.877
2013-10-30 08:30:00,0.991
2013-10-30 09:00:00,1.694
2013-10-30 09:30:00,1.6569999
2013-10-30 10:00:00,1.342
2013-10-30 10:30:00,1.278
2013-10-30 11:00:00,0.715
2013-10-30 11:30:00,1.068
2013-10-30 12:00:00,0.919
2013-10-30 12:30:00,1.038
2013-10-30 13:00:00,0.871
2013-10-30 13:30:00,1.1440001
2013-10-30 14:00:00,1.279
2013-10-30 14:30:00,1.694
2013-10-30 15:00:00,1.0549999
2013-10-30 15:30:00,1.041
2013-10-30 16:00:00,1.066
2013-10-30 16:30:00,1.908
2013-10-30 17:00:00,0.938
2013-10-30 17:30:00,1.189
2013-10-30 18:00:00,0.628
2013-10-30 18:30:00,1.762
2013-10-30 19:00:00,2.513
2013-10-30 19:30:00,1.895
2013-10-30 20:00:00,1.061
2013-10-30 20:30:00,0.992
2013-10-30 21:00:00,0.547
2013-10-30 21:30:00,0.784
2013-10-30 22:00:00,0.72
2013-10-30 22:30:00,0.696
2013-10-30 23:00:00,0.522
2013-10-30 23:30:00,0.959
2013-10-31 00:00:00,0.604
2013-10-31 00:30:00,0.73
2013-10-31 01:00:00,0.665
2013-10-31 01:30:00,0.774
2013-10-31 02:00:00,0.543
2013-10-31 02:30:00,0.827
2013-10-31 03:00:00,0.757
2013-10-31 03:30:00,0.684
2013-10-31 04:00:00,0.509
2013-10-31 04:30:00,0.871
2013-10-31 05:00:00,0.619
2013-10-31 05:30:00,0.971
2013-10-31 06:00:00,0.425
2013-10-31 06:30:00,0.881
2013-10-31 07:00:00,0.635
2013-10-31 07:30:00,0.923
2013-10-31 08:00:00,0.421
2013-10-31 08:30:00,0.631
2013-10-31 09:00:00,0.467
2013-10-31 09:30:00,0.858
2013-10-31 10:00:00,0.487
2013-10-31 10:30:00,0.609
2013-10-31 11:00:00,0.419
2013-10-31 11:30:00,0.848
2013-10-31 12:00:00,0.485
2013-10-31 12:30:00,0.691
2013-10-31 13:00:00,0.362
2013-10-31 13:30:00,0.984
2013-10-31 14:00:00,0.504
2013-10-31 14:30:00,0.859
2013-10-31 15:00:00,0.473
2013-10-31 15:30:00,0.56
2013-10-31 16:00:00,0.598
2013-10-31 16:30:00,0.686
2013-10-31 17:00:00,0.467
2013-10-31 17:30:00,0.658
2013-10-31 18:00:00,0.534
2013-10-31 18:30:00,0.713
2013-10-31 19:00:00,0.494
2013-10-31 19:30:00,0.7
2013-10-31 20:00:00,0.734
2013-10-31 20:30:00,1.516
2013-10-31 21:00:00,0.923
2013-10-31 21:30:00,0.883
2013-10-31 22:00:00,0.505
2013-10-31 22:30:00,0.595
2013-10-31 23:00:00,0.492
2013-10-31 23:30:00,0.721
2013-11-01 00:00:00,0.648
2013-11-01 00:30:00,0.765
2013-11-01 01:00:00,0.473
2013-11-01 01:30:00,0.786
2013-11-01 02:00:00,0.493
2013-11-01 02:30:00,0.684
2013-11-01 03:00:00,0.566
2013-11-01 03:30:00,0.623
2013-11-01 04:00:00,0.477
2013-11-01 04:30:00,0.704
2013-11-01 05:00:00,0.546
2013-11-01 05:30:00,0.658
2013-11-01 06:00:00,0.498
2013-11-01 06:30:00,0.734
2013-11-01 07:00:00,0.515
2013-11-01 07:30:00,0.921
2013-11-01 08:00:00,0.485
2013-11-01 08:30:00,0.741
2013-11-01 09:00:00,0.793
2013-11-01 09:30:00,1.402
2013-11-01 10:00:00,0.817
2013-11-01 10:30:00,0.776
2013-11-01 11:00:00,0.714
2013-11-01 11:30:00,0.871
2013-11-01 12:00:00,0.478
2013-11-01 12:30:00,1.2180001
2013-11-01 13:00:00,0.598
2013-11-01 13:30:00,0.626
2013-11-01 14:00:00,0.591
2013-11-01 14:30:00,0.52
2013-11-01 15:00:00,0.396
2013-11-01 15:30:00,0.656
2013-11-01 16:00:00,0.569
2013-11-01 16:30:00,0.61
2013-11-01 17:00:00,0.395
2013-11-01 17:30:00,0.852
2013-11-01 18:00:00,0.476
2013-11-01 18:30:00,0.771
2013-11-01 19:00:00,0.659
2013-11-01 19:30:00,0.678
2013-11-01 20:00:00,0.533
2013-11-01 20:30:00,1.154
2013-11-01 21:00:00,1.568
2013-11-01 21:30:00,1.574
2013-11-01 22:00:00,1.095
2013-11-01 22:30:00,1.178
2013-11-01 23:00:00,1.03
2013-11-01 23:30:00,1.314
2013-11-02 00:00:00,1.066
2013-11-02 00:30:00,0.86
2013-11-02 01:00:00,0.447
2013-11-02 01:30:00,0.604
2013-11-02 02:00:00,0.639
2013-11-02 02:30:00,0.704
2013-11-02 03:00:00,0.482
2013-11-02 03:30:00,0.568
2013-11-02 04:00:00,0.612
2013-11-02 04:30:00,0.701
2013-11-02 05:00:00,0.513
2013-11-02 05:30:00,0.547
2013-11-02 06:00:00,0.474
2013-11-02 06:30:00,0.82
2013-11-02 07:00:00,0.567
2013-11-02 07:30:00,0.979
2013-11-02 08:00:00,0.744
2013-11-02 08:30:00,1.125
2013-11-02 09:00:00,0.788
2013-11-02 09:30:00,1.744
2013-11-02 10:00:00,1.16
2013-11-02 10:30:00,0.893
2013-11-02 11:00:00,0.681
2013-11-02 11:30:00,1.3329999
2013-11-02 12:00:00,0.983
2013-11-02 12:30:00,0.909
2013-11-02 13:00:00,0.745
2013-11-02 13:30:00,1.182
2013-11-02 14:00:00,1.744
2013-11-02 14:30:00,1.5779999
2013-11-02 15:00:00,0.63
2013-11-02 15:30:00,0.619
2013-11-02 16:00:00,0.378
2013-11-02 16:30:00,0.7
2013-11-02 17:00:00,0.758
2013-11-02 17:30:00,1.098
2013-11-02 18:00:00,1.434
2013-11-02 18:30:00,1.159
2013-11-02 19:00:00,1.9450001
2013-11-02 19:30:00,1.846
2013-11-02 20:00:00,2.1400001
2013-11-02 20:30:00,1.2410001
2013-11-02 21:00:00,1.0039999
2013-11-02 21:30:00,1.073
2013-11-02 22:00:00,0.739
2013-11-02 22:30:00,0.856
2013-11-02 23:00:00,0.728
2013-11-02 23:30:00,1.072
2013-11-03 00:00:00,0.888
2013-11-03 00:30:00,0.732
2013-11-03 01:00:00,0.52
2013-11-03 01:30:00,0.904
2013-11-03 02:00:00,0.586
2013-11-03 02:30:00,0.739
2013-11-03 03:00:00,0.471
2013-11-03 03:30:00,0.788
2013-11-03 04:00:00,0.564
2013-11-03 04:30:00,0.963
2013-11-03 05:00:00,0.475
2013-11-03 05:30:00,0.769
2013-11-03 06:00:00,0.866
2013-11-03 06:30:00,0.797
2013-11-03 07:00:00,0.617
2013-11-03 07:30:00,0.886
2013-11-03 08:00:00,0.686
2013-11-03 08:30:00,1.071
2013-11-03 09:00:00,0.805
2013-11-03 09:30:00,1.119
2013-11-03 10:00:00,2.0039999
2013-11-03 10:30:00,1.081
2013-11-03 11:00:00,0.915
2013-11-03 11:30:00,0.969
2013-11-03 12:00:00,0.867
2013-11-03 12:30:00,0.642
2013-11-03 13:00:00,0.387
2013-11-03 13:30:00,0.809
2013-11-03 14:00:00,0.434
2013-11-03 14:30:00,0.306
2013-11-03 15:00:00,0.277
2013-11-03 15:30:00,0.393
2013-11-03 16:00:00,0.403
2013-11-03 16:30:00,0.575
2013-11-03 17:00:00,0.478
2013-11-03 17:30:00,0.634
2013-11-03 18:00:00,0.528
2013-11-03 18:30:00,0.68
2013-11-03 19:00:00,0.517
2013-11-03 19:30:00,0.744
2013-11-03 20:00:00,0.98
2013-11-03 20:30:00,0.671
2013-11-03 21:00:00,0.559
2013-11-03 21:30:00,0.926
2013-11-03 22:00:00,0.618
2013-11-03 22:30:00,0.833
2013-11-03 23:00:00,0.468
2013-11-03 23:30:00,0.956
2013-11-04 00:00:00,0.727
2013-11-04 00:30:00,0.853
2013-11-04 01:00:00,0.53
2013-11-04 01:30:00,0.7
2013-11-04 02:00:00,0.717
2013-11-04 02:30:00,0.802
2013-11-04 03:00:00,0.599
2013-11-04 03:30:00,0.758
2013-11-04 04:00:00,0.478
2013-11-04 04:30:00,0.858
2013-11-04 05:00:00,0.81
2013-11-04 05:30:00,1.829
2013-11-04 06:00:00,0.787
2013-11-04 06:30:00,0.975
2013-11-04 07:00:00,0.684
2013-11-04 07:30:00,1.082
2013-11-04 08:00:00,0.9
2013-11-04 08:30:00,0.848
2013-11-04 09:00:00,1.109
2013-11-04 09:30:00,1.701
2013-11-04 10:00:00,1.317
2013-11-04 10:30:00,1.006
2013-11-04 11:00:00,1.1059999
2013-11-04 11:30:00,2.3299999
2013-11-04 12:00:00,2.652
2013-11-04 12:30:00,1.655
2013-11-04 13:00:00,0.938
2013-11-04 13:30:00,0.919
2013-11-04 14:00:00,0.434
2013-11-04 14:30:00,0.491
2013-11-04 15:00:00,0.269
2013-11-04 15:30:00,0.302
2013-11-04 16:00:00,0.452
2013-11-04 16:30:00,0.708
2013-11-04 17:00:00,0.525
2013-11-04 17:30:00,0.809
2013-11-04 18:00:00,0.451
2013-11-04 18:30:00,1.3279999
2013-11-04 19:00:00,0.693
2013-11-04 19:30:00,1.5880001
2013-11-04 20:00:00,1.472
2013-11-04 20:30:00,1.331
2013-11-04 21:00:00,0.598
2013-11-04 21:30:00,0.752
2013-11-04 22:00:00,0.72
2013-11-04 22:30:00,0.834
2013-11-04 23:00:00,0.592
2013-11-04 23:30:00,0.816
2013-11-05 00:00:00,0.529
2013-11-05 00:30:00,0.841
2013-11-05 01:00:00,0.664
2013-11-05 01:30:00,0.875
2013-11-05 02:00:00,0.636
2013-11-05 02:30:00,0.875
2013-11-05 03:00:00,0.542
2013-11-05 03:30:00,0.922
2013-11-05 04:00:00,0.615
2013-11-05 04:30:00,0.919
2013-11-05 05:00:00,0.681
2013-11-05 05:30:00,1.081
2013-11-05 06:00:00,0.58
2013-11-05 06:30:00,0.86
2013-11-05 07:00:00,0.687
2013-11-05 07:30:00,1.1440001
2013-11-05 08:00:00,0.633
2013-11-05 08:30:00,0.831
2013-11-05 09:00:00,0.602
2013-11-05 09:30:00,0.804
2013-11-05 10:00:00,0.59
2013-11-05 10:30:00,0.823
2013-11-05 11:00:00,0.585
2013-11-05 11:30:00,0.838
2013-11-05 12:00:00,0.461
2013-11-05 12:30:00,0.793
2013-11-05 13:00:00,0.525
2013-11-05 13:30:00,0.769
2013-11-05 14:00:00,1.1720001
2013-11-05 14:30:00,1.802
2013-11-05 15:00:00,1.229
2013-11-05 15:30:00,1.589
2013-11-05 16:00:00,1.092
2013-11-05 16:30:00,0.905
2013-11-05 17:00:00,0.692
2013-11-05 17:30:00,0.824
2013-11-05 18:00:00,0.552
2013-11-05 18:30:00,0.778
2013-11-05 19:00:00,0.672
2013-11-05 19:30:00,0.808
2013-11-05 20:00:00,0.462
2013-11-05 20:30:00,0.894
2013-11-05 21:00:00,0.576
2013-11-05 21:30:00,0.905
2013-11-05 22:00:00,1.6900001
2013-11-05 22:30:00,1.0
2013-11-05 23:00:00,0.687
2013-11-05 23:30:00,0.837
2013-11-06 00:00:00,0.595
2013-11-06 00:30:00,0.982
2013-11-06 01:00:00,0.532
2013-11-06 01:30:00,0.751
2013-11-06 02:00:00,0.709
2013-11-06 02:30:00,0.84
2013-11-06 03:00:00,0.568
2013-11-06 03:30:00,0.808
2013-11-06 04:00:00,0.589
2013-11-06 04:30:00,0.824
2013-11-06 05:00:00,0.635
2013-11-06 05:30:00,1.053
2013-11-06 06:00:00,0.54
2013-11-06 06:30:00,0.899
2013-11-06 07:00:00,0.589
2013-11-06 07:30:00,0.928
2013-11-06 08:00:00,0.737
2013-11-06 08:30:00,0.772
2013-11-06 09:00:00,0.448
2013-11-06 09:30:00,0.742
2013-11-06 10:00:00,0.676
2013-11-06 10:30:00,0.784
2013-11-06 11:00:00,0.526
2013-11-06 11:30:00,0.677
2013-11-06 12:00:00,0.449
2013-11-06 12:30:00,0.885
2013-11-06 13:00:00,0.531
2013-11-06 13:30:00,1.015
2013-11-06 14:00:00,0.495
2013-11-06 14:30:00,0.731
2013-11-06 15:00:00,0.696
2013-11-06 15:30:00,0.739
2013-11-06 16:00:00,0.531
2013-11-06 16:30:00,0.697
2013-11-06 17:00:00,0.484
2013-11-06 17:30:00,0.889
2013-11-06 18:00:00,0.707
2013-11-06 18:30:00,1.551
2013-11-06 19:00:00,0.689
2013-11-06 19:30:00,1.347
2013-11-06 20:00:00,1.41
2013-11-06 20:30:00,1.581
2013-11-06 21:00:00,0.787
2013-11-06 21:30:00,0.71
2013-11-06 22:00:00,0.652
2013-11-06 22:30:00,0.691
2013-11-06 23:00:00,0.485
2013-11-06 23:30:00,0.584
2013-11-07 00:00:00,0.642
2013-11-07 00:30:00,0.706
2013-11-07 01:00:00,0.482
2013-11-07 01:30:00,0.582
2013-11-07 02:00:00,0.624
2013-11-07 02:30:00,0.704
2013-11-07 03:00:00,0.51
2013-11-07 03:30:00,0.586
2013-11-07 04:00:00,0.48
2013-11-07 04:30:00,0.844
2013-11-07 05:00:00,0.575
2013-11-07 05:30:00,0.845
2013-11-07 06:00:00,0.456
2013-11-07 06:30:00,0.759
2013-11-07 07:00:00,0.673
2013-11-07 07:30:00,0.701
2013-11-07 08:00:00,0.569
2013-11-07 08:30:00,0.717
2013-11-07 09:00:00,0.682
2013-11-07 09:30:00,0.735
2013-11-07 10:00:00,0.444
2013-11-07 10:30:00,0.635
2013-11-07 11:00:00,0.621
2013-11-07 11:30:00,0.875
2013-11-07 12:00:00,0.936
2013-11-07 12:30:00,0.766
2013-11-07 13:00:00,0.997
2013-11-07 13:30:00,1.3200001
2013-11-07 14:00:00,0.656
2013-11-07 14:30:00,0.691
2013-11-07 15:00:00,0.467
2013-11-07 15:30:00,0.597
2013-11-07 16:00:00,0.516
2013-11-07 16:30:00,0.682
2013-11-07 17:00:00,0.661
2013-11-07 17:30:00,0.716
2013-11-07 18:00:00,0.464
2013-11-07 18:30:00,1.9450001
2013-11-07 19:00:00,1.141
2013-11-07 19:30:00,0.936
2013-11-07 20:00:00,0.546
2013-11-07 20:30:00,0.837
2013-11-07 21:00:00,0.466
2013-11-07 21:30:00,0.788
2013-11-07 22:00:00,0.559
2013-11-07 22:30:00,0.921
2013-11-07 23:00:00,0.523
2013-11-07 23:30:00,0.7
2013-11-08 00:00:00,0.581
2013-11-08 00:30:00,0.977
2013-11-08 01:00:00,0.61
2013-11-08 01:30:00,0.875
2013-11-08 02:00:00,0.457
2013-11-08 02:30:00,0.781
2013-11-08 03:00:00,0.566
2013-11-08 03:30:00,0.879
2013-11-08 04:00:00,0.584
2013-11-08 04:30:00,0.746
2013-11-08 05:00:00,0.509
2013-11-08 05:30:00,0.838
2013-11-08 06:00:00,0.733
2013-11-08 06:30:00,0.966
2013-11-08 07:00:00,0.498
2013-11-08 07:30:00,0.948
2013-11-08 08:00:00,0.6
2013-11-08 08:30:00,1.8430001
2013-11-08 09:00:00,2.0139999
2013-11-08 09:30:00,0.9
2013-11-08 10:00:00,0.641
2013-11-08 10:30:00,0.786
2013-11-08 11:00:00,0.698
2013-11-08 11:30:00,0.751
2013-11-08 12:00:00,0.576
2013-11-08 12:30:00,0.641
2013-11-08 13:00:00,0.638
2013-11-08 13:30:00,0.712
2013-11-08 14:00:00,0.501
2013-11-08 14:30:00,0.685
2013-11-08 15:00:00,0.543
2013-11-08 15:30:00,0.736
2013-11-08 16:00:00,0.504
2013-11-08 16:30:00,0.898
2013-11-08 17:00:00,0.539
2013-11-08 17:30:00,0.679
2013-11-08 18:00:00,0.601
2013-11-08 18:30:00,0.801
2013-11-08 19:00:00,0.523
2013-11-08 19:30:00,0.806
2013-11-08 20:00:00,0.643
2013-11-08 20:30:00,0.819
2013-11-08 21:00:00,0.875
2013-11-08 21:30:00,0.901
2013-11-08 22:00:00,0.744
2013-11-08 22:30:00,0.911
2013-11-08 23:00:00,0.692
2013-11-08 23:30:00,0.831
2013-11-09 00:00:00,0.669
2013-11-09 00:30:00,1.036
2013-11-09 01:00:00,0.599
2013-11-09 01:30:00,0.947
2013-11-09 02:00:00,0.653
2013-11-09 02:30:00,0.845
2013-11-09 03:00:00,0.598
2013-11-09 03:30:00,0.903
2013-11-09 04:00:00,0.754
2013-11-09 04:30:00,0.927
2013-11-09 05:00:00,0.519
2013-11-09 05:30:00,1.029
2013-11-09 06:00:00,0.896
2013-11-09 06:30:00,0.97
2013-11-09 07:00:00,0.645
2013-11-09 07:30:00,1.126
2013-11-09 08:00:00,0.576
2013-11-09 08:30:00,1.114
2013-11-09 09:00:00,2.675
2013-11-09 09:30:00,2.927
2013-11-09 10:00:00,1.2359999
2013-11-09 10:30:00,1.916
2013-11-09 11:00:00,1.765
2013-11-09 11:30:00,1.674
2013-11-09 12:00:00,0.824
2013-11-09 12:30:00,1.201
2013-11-09 13:00:00,2.0409999
2013-11-09 13:30:00,2.4289999
2013-11-09 14:00:00,1.3559999
2013-11-09 14:30:00,1.148
2013-11-09 15:00:00,1.1720001
2013-11-09 15:30:00,0.87
2013-11-09 16:00:00,0.845
2013-11-09 16:30:00,0.881
2013-11-09 17:00:00,0.664
2013-11-09 17:30:00,1.084
2013-11-09 18:00:00,0.629
2013-11-09 18:30:00,1.064
2013-11-09 19:00:00,0.711
2013-11-09 19:30:00,1.272
2013-11-09 20:00:00,0.934
2013-11-09 20:30:00,1.043
2013-11-09 21:00:00,0.623
2013-11-09 21:30:00,1.973
2013-11-09 22:00:00,1.152
2013-11-09 22:30:00,1.219
2013-11-09 23:00:00,0.752
2013-11-09 23:30:00,1.008
2013-11-10 00:00:00,0.861
2013-11-10 00:30:00,0.944
2013-11-10 01:00:00,0.649
2013-11-10 01:30:00,1.229
2013-11-10 02:00:00,0.752
2013-11-10 02:30:00,0.982
2013-11-10 03:00:00,0.897
2013-11-10 03:30:00,0.975
2013-11-10 04:00:00,0.636
2013-11-10 04:30:00,1.048
2013-11-10 05:00:00,0.765
2013-11-10 05:30:00,1.151
2013-11-10 06:00:00,1.267
2013-11-10 06:30:00,1.224
2013-11-10 07:00:00,0.825
2013-11-10 07:30:00,1.029
2013-11-10 08:00:00,0.797
2013-11-10 08:30:00,1.256
2013-11-10 09:00:00,0.92
2013-11-10 09:30:00,1.036
2013-11-10 10:00:00,0.669
2013-11-10 10:30:00,0.854
2013-11-10 11:00:00,0.82
2013-11-10 11:30:00,0.992
2013-11-10 12:00:00,0.643
2013-11-10 12:30:00,0.955
2013-11-10 13:00:00,0.718
2013-11-10 13:30:00,0.956
2013-11-10 14:00:00,0.468
2013-11-10 14:30:00,0.409
2013-11-10 15:00:00,0.421
2013-11-10 15:30:00,0.447
2013-11-10 16:00:00,0.596
2013-11-10 16:30:00,0.879
2013-11-10 17:00:00,0.522
2013-11-10 17:30:00,0.803
2013-11-10 18:00:00,0.608
2013-11-10 18:30:00,0.84
2013-11-10 19:00:00,0.663
2013-11-10 19:30:00,1.095
2013-11-10 20:00:00,0.729
2013-11-10 20:30:00,1.727
2013-11-10 21:00:00,1.406
2013-11-10 21:30:00,1.699
2013-11-10 22:00:00,0.643
2013-11-10 22:30:00,1.17
2013-11-10 23:00:00,0.734
2013-11-10 23:30:00,0.958
2013-11-11 00:00:00,0.725
2013-11-11 00:30:00,1.099
2013-11-11 01:00:00,0.639
2013-11-11 01:30:00,1.0420001
2013-11-11 02:00:00,0.795
2013-11-11 02:30:00,0.99
2013-11-11 03:00:00,0.899
2013-11-11 03:30:00,1.015
2013-11-11 04:00:00,0.653
2013-11-11 04:30:00,0.945
2013-11-11 05:00:00,0.987
2013-11-11 05:30:00,1.02
2013-11-11 06:00:00,0.713
2013-11-11 06:30:00,1.0549999
2013-11-11 07:00:00,0.798
2013-11-11 07:30:00,0.887
2013-11-11 08:00:00,0.771
2013-11-11 08:30:00,1.0700001
2013-11-11 09:00:00,0.707
2013-11-11 09:30:00,1.0190001
2013-11-11 10:00:00,0.818
2013-11-11 10:30:00,0.869
2013-11-11 11:00:00,0.961
2013-11-11 11:30:00,1.33
2013-11-11 12:00:00,1.967
2013-11-11 12:30:00,1.318
2013-11-11 13:00:00,1.271
2013-11-11 13:30:00,1.234
2013-11-11 14:00:00,0.994
2013-11-11 14:30:00,1.232
2013-11-11 15:00:00,0.847
2013-11-11 15:30:00,0.825
2013-11-11 16:00:00,1.263
2013-11-11 16:30:00,0.769
2013-11-11 17:00:00,0.712
2013-11-11 17:30:00,0.819
2013-11-11 18:00:00,0.661
2013-11-11 18:30:00,0.855
2013-11-11 19:00:00,0.534
2013-11-11 19:30:00,1.074
2013-11-11 20:00:00,0.959
2013-11-11 20:30:00,0.858
2013-11-11 21:00:00,0.815
2013-11-11 21:30:00,0.961
2013-11-11 22:00:00,1.164
2013-11-11 22:30:00,1.294
2013-11-11 23:00:00,0.901
2013-11-11 23:30:00,0.728
2013-11-12 00:00:00,0.453
2013-11-12 00:30:00,0.976
2013-11-12 01:00:00,0.546
2013-11-12 01:30:00,0.78
2013-11-12 02:00:00,0.653
2013-11-12 02:30:00,0.719
2013-11-12 03:00:00,0.557
2013-11-12 03:30:00,0.823
2013-11-12 04:00:00,0.512
2013-11-12 04:30:00,0.79
2013-11-12 05:00:00,0.656
2013-11-12 05:30:00,1.01
2013-11-12 06:00:00,0.515
2013-11-12 06:30:00,0.708
2013-11-12 07:00:00,0.76
2013-11-12 07:30:00,0.783
2013-11-12 08:00:00,0.648
2013-11-12 08:30:00,0.891
2013-11-12 09:00:00,0.53
2013-11-12 09:30:00,0.794
2013-11-12 10:00:00,0.631
2013-11-12 10:30:00,0.785
2013-11-12 11:00:00,0.567
2013-11-12 11:30:00,0.795
2013-11-12 12:00:00,0.59
2013-11-12 12:30:00,0.724
2013-11-12 13:00:00,0.544
2013-11-12 13:30:00,0.677
2013-11-12 14:00:00,0.543
2013-11-12 14:30:00,0.875
2013-11-12 15:00:00,0.591
2013-11-12 15:30:00,0.61
2013-11-12 16:00:00,0.438
2013-11-12 16:30:00,0.748
2013-11-12 17:00:00,0.552
2013-11-12 17:30:00,0.719
2013-11-12 18:00:00,0.682
2013-11-12 18:30:00,0.693
2013-11-12 19:00:00,0.504
2013-11-12 19:30:00,0.811
2013-11-12 20:00:00,0.68
2013-11-12 20:30:00,0.825
2013-11-12 21:00:00,0.782
2013-11-12 21:30:00,0.84
2013-11-12 22:00:00,0.624
2013-11-12 22:30:00,0.882
2013-11-12 23:00:00,0.709
2013-11-12 23:30:00,0.848
2013-11-13 00:00:00,0.56
2013-11-13 00:30:00,1.067
2013-11-13 01:00:00,0.69
2013-11-13 01:30:00,0.852
2013-11-13 02:00:00,0.748
2013-11-13 02:30:00,0.913
2013-11-13 03:00:00,0.553
2013-11-13 03:30:00,0.945
2013-11-13 04:00:00,0.871
2013-11-13 04:30:00,0.905
2013-11-13 05:00:00,1.029
2013-11-13 05:30:00,0.963
2013-11-13 06:00:00,0.582
2013-11-13 06:30:00,1.092
2013-11-13 07:00:00,0.744
2013-11-13 07:30:00,1.205
2013-11-13 08:00:00,0.664
2013-11-13 08:30:00,0.945
2013-11-13 09:00:00,0.777
2013-11-13 09:30:00,0.853
2013-11-13 10:00:00,0.644
2013-11-13 10:30:00,0.926
2013-11-13 11:00:00,0.613
2013-11-13 11:30:00,1.0190001
2013-11-13 12:00:00,0.702
2013-11-13 12:30:00,0.787
2013-11-13 13:00:00,0.547
2013-11-13 13:30:00,0.837
2013-11-13 14:00:00,0.651
2013-11-13 14:30:00,0.562
2013-11-13 15:00:00,0.574
2013-11-13 15:30:00,0.716
2013-11-13 16:00:00,0.55
2013-11-13 16:30:00,0.776
2013-11-13 17:00:00,0.707
2013-11-13 17:30:00,0.747
2013-11-13 18:00:00,0.77
2013-11-13 18:30:00,0.918
2013-11-13 19:00:00,0.604
2013-11-13 19:30:00,1.131
2013-11-13 20:00:00,1.617
2013-11-13 20:30:00,1.515
2013-11-13 21:00:00,1.683
2013-11-13 21:30:00,1.3559999
2013-11-13 22:00:00,0.644
2013-11-13 22:30:00,0.96
2013-11-13 23:00:00,0.899
2013-11-13 23:30:00,0.877
2013-11-14 00:00:00,0.577
2013-11-14 00:30:00,0.893
2013-11-14 01:00:00,0.668
2013-11-14 01:30:00,0.899
2013-11-14 02:00:00,0.82
2013-11-14 02:30:00,0.888
2013-11-14 03:00:00,0.538
2013-11-14 03:30:00,0.923
2013-11-14 04:00:00,0.701
2013-11-14 04:30:00,1.0190001
2013-11-14 05:00:00,0.728
2013-11-14 05:30:00,1.096
2013-11-14 06:00:00,0.576
2013-11-14 06:30:00,0.943
2013-11-14 07:00:00,0.889
2013-11-14 07:30:00,0.921
2013-11-14 08:00:00,0.702
2013-11-14 08:30:00,0.907
2013-11-14 09:00:00,0.695
2013-11-14 09:30:00,1.087
2013-11-14 10:00:00,1.2130001
2013-11-14 10:30:00,1.263
2013-11-14 11:00:00,1.678
2013-11-14 11:30:00,0.962
2013-11-14 12:00:00,0.984
2013-11-14 12:30:00,1.539
2013-11-14 13:00:00,0.767
2013-11-14 13:30:00,1.168
2013-11-14 14:00:00,0.778
2013-11-14 14:30:00,1.099
2013-11-14 15:00:00,0.814
2013-11-14 15:30:00,0.955
2013-11-14 16:00:00,0.79
2013-11-14 16:30:00,1.049
2013-11-14 17:00:00,1.035
2013-11-14 17:30:00,1.056
2013-11-14 18:00:00,0.913
2013-11-14 18:30:00,1.281
2013-11-14 19:00:00,1.793
2013-11-14 19:30:00,2.1470001
2013-11-14 20:00:00,1.171
2013-11-14 20:30:00,1.344
2013-11-14 21:00:00,1.3279999
2013-11-14 21:30:00,1.467
2013-11-14 22:00:00,0.981
2013-11-14 22:30:00,1.211
2013-11-14 23:00:00,1.073
2013-11-14 23:30:00,1.449
2013-11-15 00:00:00,0.926
2013-11-15 00:30:00,1.2640001
2013-11-15 01:00:00,0.97
2013-11-15 01:30:00,1.192
2013-11-15 02:00:00,0.97
2013-11-15 02:30:00,1.4119999
2013-11-15 03:00:00,0.929
2013-11-15 03:30:00,1.251
2013-11-15 04:00:00,1.0140001
2013-11-15 04:30:00,1.224
2013-11-15 05:00:00,1.057
2013-11-15 05:30:00,1.476
2013-11-15 06:00:00,0.959
2013-11-15 06:30:00,1.211
2013-11-15 07:00:00,1.024
2013-11-15 07:30:00,1.337
2013-11-15 08:00:00,1.082
2013-11-15 08:30:00,1.256
2013-11-15 09:00:00,0.926
2013-11-15 09:30:00,1.1619999
2013-11-15 10:00:00,0.932
2013-11-15 10:30:00,1.154
2013-11-15 11:00:00,0.957
2013-11-15 11:30:00,1.057
2013-11-15 12:00:00,0.851
2013-11-15 12:30:00,1.007
2013-11-15 13:00:00,0.788
2013-11-15 13:30:00,1.243
2013-11-15 14:00:00,0.66
2013-11-15 14:30:00,0.8
2013-11-15 15:00:00,0.772
2013-11-15 15:30:00,1.7309999
2013-11-15 16:00:00,1.465
2013-11-15 16:30:00,1.4
2013-11-15 17:00:00,1.105
2013-11-15 17:30:00,2.4059999
2013-11-15 18:00:00,0.897
2013-11-15 18:30:00,1.192
2013-11-15 19:00:00,0.829
2013-11-15 19:30:00,1.075
2013-11-15 20:00:00,1.151
2013-11-15 20:30:00,1.609
2013-11-15 21:00:00,2.503
2013-11-15 21:30:00,1.401
2013-11-15 22:00:00,0.566
2013-11-15 22:30:00,0.995
2013-11-15 23:00:00,0.692
2013-11-15 23:30:00,0.939
2013-11-16 00:00:00,0.634
2013-11-16 00:30:00,1.007
2013-11-16 01:00:00,0.681
2013-11-16 01:30:00,0.888
2013-11-16 02:00:00,0.968
2013-11-16 02:30:00,1.0470001
2013-11-16 03:00:00,0.576
2013-11-16 03:30:00,0.962
2013-11-16 04:00:00,0.86
2013-11-16 04:30:00,0.987
2013-11-16 05:00:00,0.532
2013-11-16 05:30:00,1.164
2013-11-16 06:00:00,1.276
2013-11-16 06:30:00,0.977
2013-11-16 07:00:00,0.829
2013-11-16 07:30:00,1.084
2013-11-16 08:00:00,0.907
2013-11-16 08:30:00,0.958
2013-11-16 09:00:00,1.647
2013-11-16 09:30:00,3.273
2013-11-16 10:00:00,1.783
2013-11-16 10:30:00,2.8410001
2013-11-16 11:00:00,2.0109999
2013-11-16 11:30:00,2.8740001
2013-11-16 12:00:00,1.267
2013-11-16 12:30:00,1.48
2013-11-16 13:00:00,0.732
2013-11-16 13:30:00,0.928
2013-11-16 14:00:00,0.742
2013-11-16 14:30:00,0.644
2013-11-16 15:00:00,0.593
2013-11-16 15:30:00,0.938
2013-11-16 16:00:00,0.643
2013-11-16 16:30:00,0.79
2013-11-16 17:00:00,0.828
2013-11-16 17:30:00,1.459
2013-11-16 18:00:00,0.975
2013-11-16 18:30:00,1.747
2013-11-16 19:00:00,1.154
2013-11-16 19:30:00,1.212
2013-11-16 20:00:00,1.066
2013-11-16 20:30:00,1.768
2013-11-16 21:00:00,2.25
2013-11-16 21:30:00,2.109
2013-11-16 22:00:00,1.753
2013-11-16 22:30:00,2.0539999
2013-11-16 23:00:00,1.6160001
2013-11-16 23:30:00,1.559
2013-11-17 00:00:00,1.306
2013-11-17 00:30:00,1.573
2013-11-17 01:00:00,1.402
2013-11-17 01:30:00,1.461
2013-11-17 02:00:00,1.3279999
2013-11-17 02:30:00,1.715
2013-11-17 03:00:00,1.239
2013-11-17 03:30:00,1.404
2013-11-17 04:00:00,1.276
2013-11-17 04:30:00,1.3660001
2013-11-17 05:00:00,1.143
2013-11-17 05:30:00,1.5319999
2013-11-17 06:00:00,1.479
2013-11-17 06:30:00,1.227
2013-11-17 07:00:00,1.3279999
2013-11-17 07:30:00,1.534
2013-11-17 08:00:00,1.24
2013-11-17 08:30:00,1.5319999
2013-11-17 09:00:00,1.6109999
2013-11-17 09:30:00,1.494
2013-11-17 10:00:00,1.6109999
2013-11-17 10:30:00,1.544
2013-11-17 11:00:00,1.447
2013-11-17 11:30:00,0.531
2013-11-17 12:00:00,0.389
2013-11-17 12:30:00,0.681
2013-11-17 13:00:00,1.033
2013-11-17 13:30:00,0.831
2013-11-17 14:00:00,0.74
2013-11-17 14:30:00,0.555
2013-11-17 15:00:00,0.945
2013-11-17 15:30:00,1.6059999
2013-11-17 16:00:00,2.013
2013-11-17 16:30:00,1.092
2013-11-17 17:00:00,1.029
2013-11-17 17:30:00,1.169
2013-11-17 18:00:00,1.016
2013-11-17 18:30:00,0.989
2013-11-17 19:00:00,0.868
2013-11-17 19:30:00,0.717
2013-11-17 20:00:00,0.654
2013-11-17 20:30:00,1.755
2013-11-17 21:00:00,2.6719999
2013-11-17 21:30:00,2.6270001
2013-11-17 22:00:00,2.148
2013-11-17 22:30:00,3.079
2013-11-17 23:00:00,2.4200001
2013-11-17 23:30:00,2.493
2013-11-18 00:00:00,1.932
2013-11-18 00:30:00,1.387
2013-11-18 01:00:00,1.554
2013-11-18 01:30:00,1.1849999
2013-11-18 02:00:00,1.362
2013-11-18 02:30:00,1.419
2013-11-18 03:00:00,1.362
2013-11-18 03:30:00,1.207
2013-11-18 04:00:00,1.538
2013-11-18 04:30:00,1.319
2013-11-18 05:00:00,1.4529999
2013-11-18 05:30:00,1.159
2013-11-18 06:00:00,1.355
2013-11-18 06:30:00,1.192
2013-11-18 07:00:00,1.406
2013-11-18 07:30:00,1.3940001
2013-11-18 08:00:00,1.527
2013-11-18 08:30:00,1.1950001
2013-11-18 09:00:00,2.043
2013-11-18 09:30:00,3.197
2013-11-18 10:00:00,2.1589999
2013-11-18 10:30:00,1.791
2013-11-18 11:00:00,2.0510001
2013-11-18 11:30:00,1.41
2013-11-18 12:00:00,0.944
2013-11-18 12:30:00,1.878
2013-11-18 13:00:00,0.545
2013-11-18 13:30:00,0.364
2013-11-18 14:00:00,0.817
2013-11-18 14:30:00,0.815
2013-11-18 15:00:00,0.623
2013-11-18 15:30:00,0.986
2013-11-18 16:00:00,2.0380001
2013-11-18 16:30:00,0.81
2013-11-18 17:00:00,0.552
2013-11-18 17:30:00,0.665
2013-11-18 18:00:00,0.628
2013-11-18 18:30:00,0.606
2013-11-18 19:00:00,0.782
2013-11-18 19:30:00,0.516
2013-11-18 20:00:00,0.55
2013-11-18 20:30:00,0.994
2013-11-18 21:00:00,0.938
2013-11-18 21:30:00,1.126
2013-11-18 22:00:00,1.1720001
2013-11-18 22:30:00,1.2180001
2013-11-18 23:00:00,0.992
2013-11-18 23:30:00,0.775
2013-11-19 00:00:00,0.931
2013-11-19 00:30:00,0.693
2013-11-19 01:00:00,0.866
2013-11-19 01:30:00,0.799
2013-11-19 02:00:00,0.878
2013-11-19 02:30:00,0.954
2013-11-19 03:00:00,1.14
2013-11-19 03:30:00,1.183
2013-11-19 04:00:00,1.006
2013-11-19 04:30:00,0.908
2013-11-19 05:00:00,1.308
2013-11-19 05:30:00,0.875
2013-11-19 06:00:00,1.0779999
2013-11-19 06:30:00,0.995
2013-11-19 07:00:00,0.879
2013-11-19 07:30:00,0.987
2013-11-19 08:00:00,1.3430001
2013-11-19 08:30:00,1.123
2013-11-19 09:00:00,1.206
2013-11-19 09:30:00,1.034
2013-11-19 10:00:00,1.051
2013-11-19 10:30:00,1.196
2013-11-19 11:00:00,1.571
2013-11-19 11:30:00,3.2539999
2013-11-19 12:00:00,1.7970001
2013-11-19 12:30:00,1.395
2013-11-19 13:00:00,1.35
2013-11-19 13:30:00,1.33
2013-11-19 14:00:00,1.01
2013-11-19 14:30:00,1.108
2013-11-19 15:00:00,0.888
2013-11-19 15:30:00,0.885
2013-11-19 16:00:00,1.678
2013-11-19 16:30:00,1.758
2013-11-19 17:00:00,1.751
2013-11-19 17:30:00,1.7690001
2013-11-19 18:00:00,1.722
2013-11-19 18:30:00,1.654
2013-11-19 19:00:00,3.408
2013-11-19 19:30:00,1.716
2013-11-19 20:00:00,1.0700001
2013-11-19 20:30:00,1.783
2013-11-19 21:00:00,1.612
2013-11-19 21:30:00,1.22
2013-11-19 22:00:00,1.283
2013-11-19 22:30:00,1.443
2013-11-19 23:00:00,0.91
2013-11-19 23:30:00,0.973
2013-11-20 00:00:00,0.987
2013-11-20 00:30:00,1.155
2013-11-20 01:00:00,0.818
2013-11-20 01:30:00,0.995
2013-11-20 02:00:00,0.919
2013-11-20 02:30:00,0.859
2013-11-20 03:00:00,0.884
2013-11-20 03:30:00,1.044
2013-11-20 04:00:00,0.978
2013-11-20 04:30:00,1.075
2013-11-20 05:00:00,1.271
2013-11-20 05:30:00,1.099
2013-11-20 06:00:00,0.947
2013-11-20 06:30:00,1.247
2013-11-20 07:00:00,1.401
2013-11-20 07:30:00,1.274
2013-11-20 08:00:00,0.878
2013-11-20 08:30:00,1.127
2013-11-20 09:00:00,1.308
2013-11-20 09:30:00,2.8900001
2013-11-20 10:00:00,1.627
2013-11-20 10:30:00,1.507
2013-11-20 11:00:00,1.498
2013-11-20 11:30:00,1.449
2013-11-20 12:00:00,1.12
2013-11-20 12:30:00,1.142
2013-11-20 13:00:00,0.824
2013-11-20 13:30:00,0.96
2013-11-20 14:00:00,0.894
2013-11-20 14:30:00,1.2970001
2013-11-20 15:00:00,0.873
2013-11-20 15:30:00,0.921
2013-11-20 16:00:00,1.096
2013-11-20 16:30:00,1.418
2013-11-20 17:00:00,1.755
2013-11-20 17:30:00,1.789
2013-11-20 18:00:00,1.575
2013-11-20 18:30:00,1.286
2013-11-20 19:00:00,1.11
2013-11-20 19:30:00,1.354
2013-11-20 20:00:00,1.128
2013-11-20 20:30:00,1.321
2013-11-20 21:00:00,1.112
2013-11-20 21:30:00,1.419
2013-11-20 22:00:00,1.036
2013-11-20 22:30:00,1.224
2013-11-20 23:00:00,1.176
2013-11-20 23:30:00,2.322
2013-11-21 00:00:00,1.813
2013-11-21 00:30:00,1.442
2013-11-21 01:00:00,1.031
2013-11-21 01:30:00,1.298
2013-11-21 02:00:00,1.081
2013-11-21 02:30:00,1.24
2013-11-21 03:00:00,1.025
2013-11-21 03:30:00,1.252
2013-11-21 04:00:00,1.207
2013-11-21 04:30:00,1.242
2013-11-21 05:00:00,0.986
2013-11-21 05:30:00,1.393
2013-11-21 06:00:00,1.27
2013-11-21 06:30:00,1.3609999
2013-11-21 07:00:00,2.3770001
2013-11-21 07:30:00,2.2520001
2013-11-21 08:00:00,1.245
2013-11-21 08:30:00,1.301
2013-11-21 09:00:00,1.079
2013-11-21 09:30:00,1.3200001
2013-11-21 10:00:00,1.372
2013-11-21 10:30:00,1.239
2013-11-21 11:00:00,0.988
2013-11-21 11:30:00,1.459
2013-11-21 12:00:00,1.105
2013-11-21 12:30:00,0.886
2013-11-21 13:00:00,1.793
2013-11-21 13:30:00,1.5779999
2013-11-21 14:00:00,0.759
2013-11-21 14:30:00,0.93
2013-11-21 15:00:00,0.619
2013-11-21 15:30:00,0.869
2013-11-21 16:00:00,1.375
2013-11-21 16:30:00,0.933
2013-11-21 17:00:00,1.102
2013-11-21 17:30:00,1.1160001
2013-11-21 18:00:00,2.293
2013-11-21 18:30:00,1.151
2013-11-21 19:00:00,1.219
2013-11-21 19:30:00,1.7410001
2013-11-21 20:00:00,1.235
2013-11-21 20:30:00,1.601
2013-11-21 21:00:00,1.436
2013-11-21 21:30:00,1.427
2013-11-21 22:00:00,1.548
2013-11-21 22:30:00,2.1270001
2013-11-21 23:00:00,1.2029999
2013-11-21 23:30:00,1.199
2013-11-22 00:00:00,1.033
2013-11-22 00:30:00,1.146
2013-11-22 01:00:00,1.141
2013-11-22 01:30:00,1.114
2013-11-22 02:00:00,1.171
2013-11-22 02:30:00,1.479
2013-11-22 03:00:00,1.196
2013-11-22 03:30:00,1.36
2013-11-22 04:00:00,1.1440001
2013-11-22 04:30:00,1.2460001
2013-11-22 05:00:00,1.061
2013-11-22 05:30:00,1.2079999
2013-11-22 06:00:00,0.976
2013-11-22 06:30:00,1.161
2013-11-22 07:00:00,1.25
2013-11-22 07:30:00,2.0550001
2013-11-22 08:00:00,2.6930001
2013-11-22 08:30:00,1.868
2013-11-22 09:00:00,1.262
2013-11-22 09:30:00,1.181
2013-11-22 10:00:00,0.853
2013-11-22 10:30:00,1.454
2013-11-22 11:00:00,0.96
2013-11-22 11:30:00,1.026
2013-11-22 12:00:00,0.793
2013-11-22 12:30:00,0.966
2013-11-22 13:00:00,0.781
2013-11-22 13:30:00,0.9
2013-11-22 14:00:00,0.862
2013-11-22 14:30:00,0.745
2013-11-22 15:00:00,0.773
2013-11-22 15:30:00,0.71
2013-11-22 16:00:00,0.825
2013-11-22 16:30:00,0.848
2013-11-22 17:00:00,0.752
2013-11-22 17:30:00,0.852
2013-11-22 18:00:00,1.016
2013-11-22 18:30:00,0.973
2013-11-22 19:00:00,0.817
2013-11-22 19:30:00,1.474
2013-11-22 20:00:00,1.109
2013-11-22 20:30:00,1.087
2013-11-22 21:00:00,0.812
2013-11-22 21:30:00,1.122
2013-11-22 22:00:00,0.961
2013-11-22 22:30:00,0.981
2013-11-22 23:00:00,0.905
2013-11-22 23:30:00,1.118
2013-11-23 00:00:00,0.858
2013-11-23 00:30:00,1.045
2013-11-23 01:00:00,0.819
2013-11-23 01:30:00,1.064
2013-11-23 02:00:00,0.857
2013-11-23 02:30:00,0.966
2013-11-23 03:00:00,0.787
2013-11-23 03:30:00,1.025
2013-11-23 04:00:00,1.021
2013-11-23 04:30:00,0.992
2013-11-23 05:00:00,0.887
2013-11-23 05:30:00,1.066
2013-11-23 06:00:00,0.782
2013-11-23 06:30:00,1.1849999
2013-11-23 07:00:00,0.924
2013-11-23 07:30:00,1.24
2013-11-23 08:00:00,1.245
2013-11-23 08:30:00,1.152
2013-11-23 09:00:00,1.434
2013-11-23 09:30:00,2.7720001
2013-11-23 10:00:00,1.589
2013-11-23 10:30:00,1.054
2013-11-23 11:00:00,2.2190001
2013-11-23 11:30:00,3.198
2013-11-23 12:00:00,0.968
2013-11-23 12:30:00,0.993
2013-11-23 13:00:00,0.779
2013-11-23 13:30:00,1.001
2013-11-23 14:00:00,0.671
2013-11-23 14:30:00,0.894
2013-11-23 15:00:00,0.763
2013-11-23 15:30:00,0.809
2013-11-23 16:00:00,0.851
2013-11-23 16:30:00,0.941
2013-11-23 17:00:00,0.777
2013-11-23 17:30:00,0.836
2013-11-23 18:00:00,0.968
2013-11-23 18:30:00,0.893
2013-11-23 19:00:00,0.723
2013-11-23 19:30:00,0.925
2013-11-23 20:00:00,0.991
2013-11-23 20:30:00,0.945
2013-11-23 21:00:00,1.7180001
2013-11-23 21:30:00,2.0480001
2013-11-23 22:00:00,1.072
2013-11-23 22:30:00,1.0930001
2013-11-23 23:00:00,0.915
2013-11-23 23:30:00,0.986
2013-11-24 00:00:00,0.872
2013-11-24 00:30:00,1.016
2013-11-24 01:00:00,0.789
2013-11-24 01:30:00,1.0599999
2013-11-24 02:00:00,0.863
2013-11-24 02:30:00,0.987
2013-11-24 03:00:00,0.824
2013-11-24 03:30:00,1.154
2013-11-24 04:00:00,0.89
2013-11-24 04:30:00,0.996
2013-11-24 05:00:00,0.862
2013-11-24 05:30:00,1.161
2013-11-24 06:00:00,1.023
2013-11-24 06:30:00,0.972
2013-11-24 07:00:00,0.865
2013-11-24 07:30:00,1.097
2013-11-24 08:00:00,0.789
2013-11-24 08:30:00,1.173
2013-11-24 09:00:00,0.978
2013-11-24 09:30:00,1.476
2013-11-24 10:00:00,0.959
2013-11-24 10:30:00,1.206
2013-11-24 11:00:00,0.788
2013-11-24 11:30:00,0.974
2013-11-24 12:00:00,0.826
2013-11-24 12:30:00,1.0
2013-11-24 13:00:00,0.753
2013-11-24 13:30:00,0.915
2013-11-24 14:00:00,0.753
2013-11-24 14:30:00,0.855
2013-11-24 15:00:00,0.972
2013-11-24 15:30:00,0.948
2013-11-24 16:00:00,0.758
2013-11-24 16:30:00,0.985
2013-11-24 17:00:00,0.818
2013-11-24 17:30:00,1.034
2013-11-24 18:00:00,0.832
2013-11-24 18:30:00,0.95
2013-11-24 19:00:00,0.751
2013-11-24 19:30:00,0.925
2013-11-24 20:00:00,0.819
2013-11-24 20:30:00,1.082
2013-11-24 21:00:00,2.1630001
2013-11-24 21:30:00,1.3329999
2013-11-24 22:00:00,0.825
2013-11-24 22:30:00,1.09
2013-11-24 23:00:00,0.867
2013-11-24 23:30:00,1.0319999
2013-11-25 00:00:00,0.778
2013-11-25 00:30:00,1.041
2013-11-25 01:00:00,0.86
2013-11-25 01:30:00,1.0700001
2013-11-25 02:00:00,0.827
2013-11-25 02:30:00,1.0319999
2013-11-25 03:00:00,0.777
2013-11-25 03:30:00,0.964
2013-11-25 04:00:00,1.016
2013-11-25 04:30:00,1.005
2013-11-25 05:00:00,0.914
2013-11-25 05:30:00,1.22
2013-11-25 06:00:00,0.851
2013-11-25 06:30:00,1.022
2013-11-25 07:00:00,0.888
2013-11-25 07:30:00,1.105
2013-11-25 08:00:00,0.949
2013-11-25 08:30:00,1.035
2013-11-25 09:00:00,0.998
2013-11-25 09:30:00,1.186
2013-11-25 10:00:00,1.59
2013-11-25 10:30:00,2.082
2013-11-25 11:00:00,2.3499999
2013-11-25 11:30:00,1.423
2013-11-25 12:00:00,1.694
2013-11-25 12:30:00,1.401
2013-11-25 13:00:00,2.378
2013-11-25 13:30:00,0.939
2013-11-25 14:00:00,0.93
2013-11-25 14:30:00,0.989
2013-11-25 15:00:00,0.816
2013-11-25 15:30:00,0.929
2013-11-25 16:00:00,0.742
2013-11-25 16:30:00,1.062
2013-11-25 17:00:00,0.821
2013-11-25 17:30:00,0.892
2013-11-25 18:00:00,0.825
2013-11-25 18:30:00,1.161
2013-11-25 19:00:00,0.879
2013-11-25 19:30:00,1.535
2013-11-25 20:00:00,1.956
2013-11-25 20:30:00,1.688
2013-11-25 21:00:00,1.071
2013-11-25 21:30:00,1.709
2013-11-25 22:00:00,1.0700001
2013-11-25 22:30:00,1.011
2013-11-25 23:00:00,1.1440001
2013-11-25 23:30:00,1.087
2013-11-26 00:00:00,0.863
2013-11-26 00:30:00,1.03
2013-11-26 01:00:00,1.067
2013-11-26 01:30:00,1.113
2013-11-26 02:00:00,0.904
2013-11-26 02:30:00,1.235
2013-11-26 03:00:00,0.898
2013-11-26 03:30:00,0.991
2013-11-26 04:00:00,0.963
2013-11-26 04:30:00,1.283
2013-11-26 05:00:00,1.002
2013-11-26 05:30:00,1.266
2013-11-26 06:00:00,1.001
2013-11-26 06:30:00,1.052
2013-11-26 07:00:00,0.887
2013-11-26 07:30:00,1.352
2013-11-26 08:00:00,1.822
2013-11-26 08:30:00,1.758
2013-11-26 09:00:00,0.957
2013-11-26 09:30:00,1.115
2013-11-26 10:00:00,1.109
2013-11-26 10:30:00,1.082
2013-11-26 11:00:00,0.898
2013-11-26 11:30:00,1.029
2013-11-26 12:00:00,1.128
2013-11-26 12:30:00,1.051
2013-11-26 13:00:00,0.808
2013-11-26 13:30:00,1.049
2013-11-26 14:00:00,1.188
2013-11-26 14:30:00,1.089
2013-11-26 15:00:00,0.81
2013-11-26 15:30:00,1.012
2013-11-26 16:00:00,0.798
2013-11-26 16:30:00,1.036
2013-11-26 17:00:00,1.076
2013-11-26 17:30:00,1.003
2013-11-26 18:00:00,0.83
2013-11-26 18:30:00,1.013
2013-11-26 19:00:00,1.217
2013-11-26 19:30:00,1.7460001
2013-11-26 20:00:00,0.923
2013-11-26 20:30:00,1.075
2013-11-26 21:00:00,1.007
2013-11-26 21:30:00,1.23
2013-11-26 22:00:00,1.48
2013-11-26 22:30:00,2.099
2013-11-26 23:00:00,1.226
2013-11-26 23:30:00,1.273
2013-11-27 00:00:00,0.996
2013-11-27 00:30:00,0.97
2013-11-27 01:00:00,1.011
2013-11-27 01:30:00,1.043
2013-11-27 02:00:00,0.956
2013-11-27 02:30:00,1.1109999
2013-11-27 03:00:00,0.915
2013-11-27 03:30:00,1.174
2013-11-27 04:00:00,0.874
2013-11-27 04:30:00,1.071
2013-11-27 05:00:00,1.057
2013-11-27 05:30:00,1.168
2013-11-27 06:00:00,1.029
2013-11-27 06:30:00,1.058
2013-11-27 07:00:00,1.084
2013-11-27 07:30:00,1.152
2013-11-27 08:00:00,1.001
2013-11-27 08:30:00,0.974
2013-11-27 09:00:00,0.871
2013-11-27 09:30:00,1.171
2013-11-27 10:00:00,0.761
2013-11-27 10:30:00,1.0319999
2013-11-27 11:00:00,0.924
2013-11-27 11:30:00,1.061
2013-11-27 12:00:00,0.811
2013-11-27 12:30:00,0.979
2013-11-27 13:00:00,0.755
2013-11-27 13:30:00,1.0549999
2013-11-27 14:00:00,0.926
2013-11-27 14:30:00,1.063
2013-11-27 15:00:00,0.797
2013-11-27 15:30:00,0.97
2013-11-27 16:00:00,0.871
2013-11-27 16:30:00,1.397
2013-11-27 17:00:00,0.845
2013-11-27 17:30:00,1.103
2013-11-27 18:00:00,0.723
2013-11-27 18:30:00,0.911
2013-11-27 19:00:00,0.959
2013-11-27 19:30:00,0.847
2013-11-27 20:00:00,0.815
2013-11-27 20:30:00,1.1799999
2013-11-27 21:00:00,1.3279999
2013-11-27 21:30:00,0.957
2013-11-27 22:00:00,0.86
2013-11-27 22:30:00,1.064
2013-11-27 23:00:00,0.751
2013-11-27 23:30:00,0.965
2013-11-28 00:00:00,0.99
2013-11-28 00:30:00,0.861
2013-11-28 01:00:00,0.843
2013-11-28 01:30:00,1.074
2013-11-28 02:00:00,0.792
2013-11-28 02:30:00,0.949
2013-11-28 03:00:00,0.888
2013-11-28 03:30:00,0.954
2013-11-28 04:00:00,0.777
2013-11-28 04:30:00,0.931
2013-11-28 05:00:00,0.876
2013-11-28 05:30:00,1.021
2013-11-28 06:00:00,0.824
2013-11-28 06:30:00,1.02
2013-11-28 07:00:00,0.741
2013-11-28 07:30:00,0.974
2013-11-28 08:00:00,0.826
2013-11-28 08:30:00,1.006
2013-11-28 09:00:00,0.979
2013-11-28 09:30:00,1.4450001
2013-11-28 10:00:00,1.346
2013-11-28 10:30:00,0.918
2013-11-28 11:00:00,0.844
2013-11-28 11:30:00,0.972
2013-11-28 12:00:00,0.743
2013-11-28 12:30:00,0.916
2013-11-28 13:00:00,0.951
2013-11-28 13:30:00,0.833
2013-11-28 14:00:00,0.982
2013-11-28 14:30:00,0.897
2013-11-28 15:00:00,1.119
2013-11-28 15:30:00,1.572
2013-11-28 16:00:00,1.036
2013-11-28 16:30:00,0.789
2013-11-28 17:00:00,0.906
2013-11-28 17:30:00,1.156
2013-11-28 18:00:00,0.94
2013-11-28 18:30:00,0.867
2013-11-28 19:00:00,0.859
2013-11-28 19:30:00,1.016
2013-11-28 20:00:00,0.736
2013-11-28 20:30:00,0.909
2013-11-28 21:00:00,0.821
2013-11-28 21:30:00,0.961
2013-11-28 22:00:00,0.834
2013-11-28 22:30:00,0.936
2013-11-28 23:00:00,0.86
2013-11-28 23:30:00,1.091
2013-11-29 00:00:00,0.722
2013-11-29 00:30:00,0.787
2013-11-29 01:00:00,0.707
2013-11-29 01:30:00,0.969
2013-11-29 02:00:00,0.718
2013-11-29 02:30:00,0.691
2013-11-29 03:00:00,0.689
2013-11-29 03:30:00,0.926
2013-11-29 04:00:00,0.684
2013-11-29 04:30:00,0.837
2013-11-29 05:00:00,0.751
2013-11-29 05:30:00,0.748
2013-11-29 06:00:00,0.811
2013-11-29 06:30:00,0.803
2013-11-29 07:00:00,0.655
2013-11-29 07:30:00,0.979
2013-11-29 08:00:00,1.1
2013-11-29 08:30:00,0.947
2013-11-29 09:00:00,0.644
2013-11-29 09:30:00,0.794
2013-11-29 10:00:00,0.805
2013-11-29 10:30:00,0.742
2013-11-29 11:00:00,0.73
2013-11-29 11:30:00,0.953
2013-11-29 12:00:00,0.648
2013-11-29 12:30:00,0.781
2013-11-29 13:00:00,0.825
2013-11-29 13:30:00,0.728
2013-11-29 14:00:00,0.611
2013-11-29 14:30:00,0.785
2013-11-29 15:00:00,0.699
2013-11-29 15:30:00,0.9
2013-11-29 16:00:00,0.773
2013-11-29 16:30:00,0.876
2013-11-29 17:00:00,0.766
2013-11-29 17:30:00,0.981
2013-11-29 18:00:00,0.736
2013-11-29 18:30:00,0.834
2013-11-29 19:00:00,0.781
2013-11-29 19:30:00,1.53
2013-11-29 20:00:00,1.209
2013-11-29 20:30:00,1.0089999
2013-11-29 21:00:00,0.817
2013-11-29 21:30:00,1.039
2013-11-29 22:00:00,0.669
2013-11-29 22:30:00,0.848
2013-11-29 23:00:00,0.902
2013-11-29 23:30:00,0.845
2013-11-30 00:00:00,0.775
2013-11-30 00:30:00,0.921
2013-11-30 01:00:00,0.839
2013-11-30 01:30:00,0.893
2013-11-30 02:00:00,0.756
2013-11-30 02:30:00,0.878
2013-11-30 03:00:00,0.792
2013-11-30 03:30:00,0.951
2013-11-30 04:00:00,0.749
2013-11-30 04:30:00,0.897
2013-11-30 05:00:00,0.952
2013-11-30 05:30:00,0.922
2013-11-30 06:00:00,0.669
2013-11-30 06:30:00,0.921
2013-11-30 07:00:00,1.006
2013-11-30 07:30:00,0.999
2013-11-30 08:00:00,0.855
2013-11-30 08:30:00,1.22
2013-11-30 09:00:00,1.347
2013-11-30 09:30:00,2.177
2013-11-30 10:00:00,1.457
2013-11-30 10:30:00,1.075
2013-11-30 11:00:00,1.65
2013-11-30 11:30:00,2.497
2013-11-30 12:00:00,1.74
2013-11-30 12:30:00,1.796
2013-11-30 13:00:00,0.761
2013-11-30 13:30:00,1.427
2013-11-30 14:00:00,0.794
2013-11-30 14:30:00,0.806
2013-11-30 15:00:00,0.727
2013-11-30 15:30:00,0.855
2013-11-30 16:00:00,0.664
2013-11-30 16:30:00,0.825
2013-11-30 17:00:00,0.831
2013-11-30 17:30:00,0.819
2013-11-30 18:00:00,0.802
2013-11-30 18:30:00,0.875
2013-11-30 19:00:00,2.539
2013-11-30 19:30:00,2.1960001
2013-11-30 20:00:00,2.566
2013-11-30 20:30:00,1.385
2013-11-30 21:00:00,1.224
2013-11-30 21:30:00,1.194
2013-11-30 22:00:00,0.855
2013-11-30 22:30:00,1.062
2013-11-30 23:00:00,0.8
2013-11-30 23:30:00,1.0650001
2013-12-01 00:00:00,0.744
2013-12-01 00:30:00,1.005
2013-12-01 01:00:00,0.863
2013-12-01 01:30:00,0.868
2013-12-01 02:00:00,0.811
2013-12-01 02:30:00,0.917
2013-12-01 03:00:00,0.943
2013-12-01 03:30:00,0.992
2013-12-01 04:00:00,0.835
2013-12-01 04:30:00,0.947
2013-12-01 05:00:00,0.817
2013-12-01 05:30:00,1.15
2013-12-01 06:00:00,0.74
2013-12-01 06:30:00,1.123
2013-12-01 07:00:00,0.84
2013-12-01 07:30:00,0.935
2013-12-01 08:00:00,1.2539999
2013-12-01 08:30:00,1.062
2013-12-01 09:00:00,0.972
2013-12-01 09:30:00,0.934
2013-12-01 10:00:00,0.837
2013-12-01 10:30:00,0.946
2013-12-01 11:00:00,0.803
2013-12-01 11:30:00,0.967
2013-12-01 12:00:00,0.777
2013-12-01 12:30:00,0.805
2013-12-01 13:00:00,0.725
2013-12-01 13:30:00,1.012
2013-12-01 14:00:00,0.734
2013-12-01 14:30:00,0.836
2013-12-01 15:00:00,0.776
2013-12-01 15:30:00,0.85
2013-12-01 16:00:00,0.836
2013-12-01 16:30:00,0.888
2013-12-01 17:00:00,0.731
2013-12-01 17:30:00,0.77
2013-12-01 18:00:00,0.75
2013-12-01 18:30:00,0.883
2013-12-01 19:00:00,0.839
2013-12-01 19:30:00,0.883
2013-12-01 20:00:00,0.831
2013-12-01 20:30:00,0.864
2013-12-01 21:00:00,0.737
2013-12-01 21:30:00,1.148
2013-12-01 22:00:00,1.132
2013-12-01 22:30:00,0.837
2013-12-01 23:00:00,0.75
2013-12-01 23:30:00,0.899
2013-12-02 00:00:00,0.828
2013-12-02 00:30:00,0.895
2013-12-02 01:00:00,0.783
2013-12-02 01:30:00,0.843
2013-12-02 02:00:00,0.74
2013-12-02 02:30:00,1.053
2013-12-02 03:00:00,0.766
2013-12-02 03:30:00,0.787
2013-12-02 04:00:00,0.769
2013-12-02 04:30:00,0.846
2013-12-02 05:00:00,0.912
2013-12-02 05:30:00,1.068
2013-12-02 06:00:00,0.786
2013-12-02 06:30:00,0.85
2013-12-02 07:00:00,0.886
2013-12-02 07:30:00,0.948
2013-12-02 08:00:00,0.718
2013-12-02 08:30:00,0.947
2013-12-02 09:00:00,1.0700001
2013-12-02 09:30:00,1.025
2013-12-02 10:00:00,0.785
2013-12-02 10:30:00,1.735
2013-12-02 11:00:00,1.296
2013-12-02 11:30:00,1.2819999
2013-12-02 12:00:00,1.077
2013-12-02 12:30:00,1.6109999
2013-12-02 13:00:00,0.717
2013-12-02 13:30:00,0.743
2013-12-02 14:00:00,0.95
2013-12-02 14:30:00,0.798
2013-12-02 15:00:00,0.702
2013-12-02 15:30:00,0.901
2013-12-02 16:00:00,0.871
2013-12-02 16:30:00,0.782
2013-12-02 17:00:00,0.777
2013-12-02 17:30:00,0.832
2013-12-02 18:00:00,0.665
2013-12-02 18:30:00,0.989
2013-12-02 19:00:00,1.693
2013-12-02 19:30:00,1.977
2013-12-02 20:00:00,1.143
2013-12-02 20:30:00,0.906
2013-12-02 21:00:00,0.887
2013-12-02 21:30:00,0.958
2013-12-02 22:00:00,0.805
2013-12-02 22:30:00,0.949
2013-12-02 23:00:00,0.65
2013-12-02 23:30:00,0.866
2013-12-03 00:00:00,0.886
2013-12-03 00:30:00,0.835
2013-12-03 01:00:00,0.777
2013-12-03 01:30:00,0.884
2013-12-03 02:00:00,0.709
2013-12-03 02:30:00,0.978
2013-12-03 03:00:00,0.751
2013-12-03 03:30:00,0.768
2013-12-03 04:00:00,0.707
2013-12-03 04:30:00,1.077
2013-12-03 05:00:00,0.776
2013-12-03 05:30:00,1.041
2013-12-03 06:00:00,0.817
2013-12-03 06:30:00,0.874
2013-12-03 07:00:00,0.851
2013-12-03 07:30:00,0.915
2013-12-03 08:00:00,0.807
2013-12-03 08:30:00,1.016
2013-12-03 09:00:00,0.736
2013-12-03 09:30:00,1.053
2013-12-03 10:00:00,0.731
2013-12-03 10:30:00,0.865
2013-12-03 11:00:00,0.792
2013-12-03 11:30:00,0.986
2013-12-03 12:00:00,0.69
2013-12-03 12:30:00,0.878
2013-12-03 13:00:00,0.675
2013-12-03 13:30:00,0.858
2013-12-03 14:00:00,1.0
2013-12-03 14:30:00,0.879
2013-12-03 15:00:00,0.716
2013-12-03 15:30:00,1.102
2013-12-03 16:00:00,0.764
2013-12-03 16:30:00,0.836
2013-12-03 17:00:00,0.717
2013-12-03 17:30:00,1.076
2013-12-03 18:00:00,0.694
2013-12-03 18:30:00,1.744
2013-12-03 19:00:00,1.112
2013-12-03 19:30:00,1.982
2013-12-03 20:00:00,1.454
2013-12-03 20:30:00,1.115
2013-12-03 21:00:00,0.769
2013-12-03 21:30:00,0.98
2013-12-03 22:00:00,0.753
2013-12-03 22:30:00,1.036
2013-12-03 23:00:00,0.733
2013-12-03 23:30:00,0.92
2013-12-04 00:00:00,0.953
2013-12-04 00:30:00,0.896
2013-12-04 01:00:00,0.759
2013-12-04 01:30:00,0.939
2013-12-04 02:00:00,0.839
2013-12-04 02:30:00,0.856
2013-12-04 03:00:00,0.815
2013-12-04 03:30:00,0.896
2013-12-04 04:00:00,0.876
2013-12-04 04:30:00,0.984
2013-12-04 05:00:00,1.242
2013-12-04 05:30:00,0.902
2013-12-04 06:00:00,0.91
2013-12-04 06:30:00,0.915
2013-12-04 07:00:00,0.846
2013-12-04 07:30:00,1.147
2013-12-04 08:00:00,0.82
2013-12-04 08:30:00,1.018
2013-12-04 09:00:00,0.755
2013-12-04 09:30:00,0.952
2013-12-04 10:00:00,0.861
2013-12-04 10:30:00,0.776
2013-12-04 11:00:00,0.751
2013-12-04 11:30:00,0.982
2013-12-04 12:00:00,0.696
2013-12-04 12:30:00,0.871
2013-12-04 13:00:00,0.775
2013-12-04 13:30:00,0.816
2013-12-04 14:00:00,0.948
2013-12-04 14:30:00,0.87
2013-12-04 15:00:00,0.658
2013-12-04 15:30:00,1.3559999
2013-12-04 16:00:00,1.171
2013-12-04 16:30:00,0.904
2013-12-04 17:00:00,0.923
2013-12-04 17:30:00,0.931
2013-12-04 18:00:00,0.909
2013-12-04 18:30:00,0.898
2013-12-04 19:00:00,0.75
2013-12-04 19:30:00,1.016
2013-12-04 20:00:00,0.692
2013-12-04 20:30:00,0.887
2013-12-04 21:00:00,1.114
2013-12-04 21:30:00,0.954
2013-12-04 22:00:00,0.97
2013-12-04 22:30:00,1.025
2013-12-04 23:00:00,0.805
2013-12-04 23:30:00,0.966
2013-12-05 00:00:00,1.015
2013-12-05 00:30:00,0.97
2013-12-05 01:00:00,0.749
2013-12-05 01:30:00,0.992
2013-12-05 02:00:00,0.969
2013-12-05 02:30:00,0.966
2013-12-05 03:00:00,0.841
2013-12-05 03:30:00,1.064
2013-12-05 04:00:00,0.953
2013-12-05 04:30:00,1.043
2013-12-05 05:00:00,1.13
2013-12-05 05:30:00,1.188
2013-12-05 06:00:00,0.803
2013-12-05 06:30:00,1.214
2013-12-05 07:00:00,0.845
2013-12-05 07:30:00,0.996
2013-12-05 08:00:00,0.881
2013-12-05 08:30:00,1.23
2013-12-05 09:00:00,0.881
2013-12-05 09:30:00,1.086
2013-12-05 10:00:00,0.917
2013-12-05 10:30:00,1.636
2013-12-05 11:00:00,1.022
2013-12-05 11:30:00,1.575
2013-12-05 12:00:00,2.3050001
2013-12-05 12:30:00,1.048
2013-12-05 13:00:00,0.794
2013-12-05 13:30:00,1.115
2013-12-05 14:00:00,0.762
2013-12-05 14:30:00,0.974
2013-12-05 15:00:00,0.984
2013-12-05 15:30:00,0.962
2013-12-05 16:00:00,0.92
2013-12-05 16:30:00,1.114
2013-12-05 17:00:00,0.698
2013-12-05 17:30:00,0.887
2013-12-05 18:00:00,1.175
2013-12-05 18:30:00,0.928
2013-12-05 19:00:00,0.866
2013-12-05 19:30:00,1.1160001
2013-12-05 20:00:00,0.83
2013-12-05 20:30:00,0.974
2013-12-05 21:00:00,1.437
2013-12-05 21:30:00,1.327
2013-12-05 22:00:00,1.349
2013-12-05 22:30:00,2.585
2013-12-05 23:00:00,2.767
2013-12-05 23:30:00,1.559
2013-12-06 00:00:00,1.145
2013-12-06 00:30:00,1.049
2013-12-06 01:00:00,0.833
2013-12-06 01:30:00,1.173
2013-12-06 02:00:00,0.934
2013-12-06 02:30:00,0.97
2013-12-06 03:00:00,0.785
2013-12-06 03:30:00,1.1849999
2013-12-06 04:00:00,0.81
2013-12-06 04:30:00,0.954
2013-12-06 05:00:00,1.117
2013-12-06 05:30:00,1.249
2013-12-06 06:00:00,0.849
2013-12-06 06:30:00,1.2130001
2013-12-06 07:00:00,0.914
2013-12-06 07:30:00,1.053
2013-12-06 08:00:00,1.018
2013-12-06 08:30:00,1.192
2013-12-06 09:00:00,1.484
2013-12-06 09:30:00,1.576
2013-12-06 10:00:00,0.886
2013-12-06 10:30:00,1.075
2013-12-06 11:00:00,0.825
2013-12-06 11:30:00,0.972
2013-12-06 12:00:00,0.878
2013-12-06 12:30:00,1.021
2013-12-06 13:00:00,0.816
2013-12-06 13:30:00,0.961
2013-12-06 14:00:00,0.847
2013-12-06 14:30:00,0.976
2013-12-06 15:00:00,0.825
2013-12-06 15:30:00,0.88
2013-12-06 16:00:00,1.573
2013-12-06 16:30:00,1.063
2013-12-06 17:00:00,1.151
2013-12-06 17:30:00,1.64
2013-12-06 18:00:00,1.314
2013-12-06 18:30:00,1.274
2013-12-06 19:00:00,1.117
2013-12-06 19:30:00,1.076
2013-12-06 20:00:00,1.102
2013-12-06 20:30:00,1.321
2013-12-06 21:00:00,1.052
2013-12-06 21:30:00,1.326
2013-12-06 22:00:00,2.612
2013-12-06 22:30:00,3.201
2013-12-06 23:00:00,3.0439999
2013-12-06 23:30:00,2.777
2013-12-07 00:00:00,3.8659999
2013-12-07 00:30:00,2.645
2013-12-07 01:00:00,2.6259999
2013-12-07 01:30:00,2.2550001
2013-12-07 02:00:00,2.207
2013-12-07 02:30:00,2.395
2013-12-07 03:00:00,2.1600001
2013-12-07 03:30:00,2.0869999
2013-12-07 04:00:00,2.332
2013-12-07 04:30:00,2.154
2013-12-07 05:00:00,1.9960001
2013-12-07 05:30:00,2.224
2013-12-07 06:00:00,2.0610001
2013-12-07 06:30:00,1.997
2013-12-07 07:00:00,1.969
2013-12-07 07:30:00,2.1400001
2013-12-07 08:00:00,2.0699999
2013-12-07 08:30:00,2.076
2013-12-07 09:00:00,2.29
2013-12-07 09:30:00,3.256
2013-12-07 10:00:00,3.2739999
2013-12-07 10:30:00,3.1210001
2013-12-07 11:00:00,2.6719999
2013-12-07 11:30:00,2.1229999
2013-12-07 12:00:00,1.7690001
2013-12-07 12:30:00,2.27
2013-12-07 13:00:00,1.38
2013-12-07 13:30:00,1.21
2013-12-07 14:00:00,1.439
2013-12-07 14:30:00,1.267
2013-12-07 15:00:00,1.387
2013-12-07 15:30:00,1.426
2013-12-07 16:00:00,1.659
2013-12-07 16:30:00,1.335
2013-12-07 17:00:00,1.411
2013-12-07 17:30:00,1.411
2013-12-07 18:00:00,1.483
2013-12-07 18:30:00,1.466
2013-12-07 19:00:00,1.582
2013-12-07 19:30:00,1.53
2013-12-07 20:00:00,1.551
2013-12-07 20:30:00,1.902
2013-12-07 21:00:00,1.5039999
2013-12-07 21:30:00,1.803
2013-12-07 22:00:00,1.641
2013-12-07 22:30:00,1.729
2013-12-07 23:00:00,1.5650001
2013-12-07 23:30:00,1.4630001
2013-12-08 00:00:00,1.527
2013-12-08 00:30:00,1.383
2013-12-08 01:00:00,1.789
2013-12-08 01:30:00,1.327
2013-12-08 02:00:00,1.418
2013-12-08 02:30:00,1.275
2013-12-08 03:00:00,1.401
2013-12-08 03:30:00,1.332
2013-12-08 04:00:00,1.476
2013-12-08 04:30:00,1.408
2013-12-08 05:00:00,1.41
2013-12-08 05:30:00,1.331
2013-12-08 06:00:00,1.574
2013-12-08 06:30:00,1.5650001
2013-12-08 07:00:00,1.396
2013-12-08 07:30:00,1.515
2013-12-08 08:00:00,1.7029999
2013-12-08 08:30:00,1.5319999
2013-12-08 09:00:00,1.7589999
2013-12-08 09:30:00,1.493
2013-12-08 10:00:00,1.516
2013-12-08 10:30:00,1.569
2013-12-08 11:00:00,2.096
2013-12-08 11:30:00,1.456
2013-12-08 12:00:00,1.455
2013-12-08 12:30:00,1.345
2013-12-08 13:00:00,1.556
2013-12-08 13:30:00,1.249
2013-12-08 14:00:00,1.317
2013-12-08 14:30:00,1.48
2013-12-08 15:00:00,1.243
2013-12-08 15:30:00,1.255
2013-12-08 16:00:00,0.927
2013-12-08 16:30:00,0.254
2013-12-08 17:00:00,0.321
2013-12-08 17:30:00,0.535
2013-12-08 18:00:00,0.392
2013-12-08 18:30:00,0.457
2013-12-08 19:00:00,0.564
2013-12-08 19:30:00,0.774
2013-12-08 20:00:00,0.527
2013-12-08 20:30:00,0.744
2013-12-08 21:00:00,0.539
2013-12-08 21:30:00,0.68
2013-12-08 22:00:00,0.514
2013-12-08 22:30:00,0.697
2013-12-08 23:00:00,0.695
2013-12-08 23:30:00,0.678
2013-12-09 00:00:00,0.642
2013-12-09 00:30:00,0.69
2013-12-09 01:00:00,0.695
2013-12-09 01:30:00,0.701
2013-12-09 02:00:00,0.581
2013-12-09 02:30:00,0.633
2013-12-09 03:00:00,0.819
2013-12-09 03:30:00,0.775
2013-12-09 04:00:00,0.601
2013-12-09 04:30:00,0.787
2013-12-09 05:00:00,0.987
2013-12-09 05:30:00,0.761
2013-12-09 06:00:00,0.619
2013-12-09 06:30:00,0.95
2013-12-09 07:00:00,0.64
2013-12-09 07:30:00,0.824
2013-12-09 08:00:00,0.747
2013-12-09 08:30:00,1.653
2013-12-09 09:00:00,0.917
2013-12-09 09:30:00,1.502
2013-12-09 10:00:00,1.077
2013-12-09 10:30:00,1.151
2013-12-09 11:00:00,1.339
2013-12-09 11:30:00,2.3469999
2013-12-09 12:00:00,0.996
2013-12-09 12:30:00,1.425
2013-12-09 13:00:00,0.889
2013-12-09 13:30:00,0.719
2013-12-09 14:00:00,0.848
2013-12-09 14:30:00,1.107
2013-12-09 15:00:00,0.667
2013-12-09 15:30:00,0.865
2013-12-09 16:00:00,0.739
2013-12-09 16:30:00,1.094
2013-12-09 17:00:00,0.707
2013-12-09 17:30:00,0.96
2013-12-09 18:00:00,1.438
2013-12-09 18:30:00,1.268
2013-12-09 19:00:00,0.988
2013-12-09 19:30:00,1.2130001
2013-12-09 20:00:00,1.752
2013-12-09 20:30:00,2.3410001
2013-12-09 21:00:00,1.4809999
2013-12-09 21:30:00,1.2640001
2013-12-09 22:00:00,0.863
2013-12-09 22:30:00,1.043
2013-12-09 23:00:00,0.97
2013-12-09 23:30:00,0.868
2013-12-10 00:00:00,0.714
2013-12-10 00:30:00,1.125
2013-12-10 01:00:00,0.744
2013-12-10 01:30:00,0.993
2013-12-10 02:00:00,0.954
2013-12-10 02:30:00,0.989
2013-12-10 03:00:00,0.759
2013-12-10 03:30:00,1.013
2013-12-10 04:00:00,0.887
2013-12-10 04:30:00,0.927
2013-12-10 05:00:00,0.855
2013-12-10 05:30:00,1.2359999
2013-12-10 06:00:00,0.772
2013-12-10 06:30:00,1.1900001
2013-12-10 07:00:00,0.906
2013-12-10 07:30:00,1.073
2013-12-10 08:00:00,0.955
2013-12-10 08:30:00,1.0369999
2013-12-10 09:00:00,0.775
2013-12-10 09:30:00,0.945
2013-12-10 10:00:00,0.931
2013-12-10 10:30:00,0.959
2013-12-10 11:00:00,0.647
2013-12-10 11:30:00,0.738
2013-12-10 12:00:00,0.885
2013-12-10 12:30:00,0.677
2013-12-10 13:00:00,0.707
2013-12-10 13:30:00,0.815
2013-12-10 14:00:00,0.931
2013-12-10 14:30:00,0.699
2013-12-10 15:00:00,0.896
2013-12-10 15:30:00,0.709
2013-12-10 16:00:00,1.26
2013-12-10 16:30:00,0.911
2013-12-10 17:00:00,0.918
2013-12-10 17:30:00,0.873
2013-12-10 18:00:00,0.792
2013-12-10 18:30:00,1.181
2013-12-10 19:00:00,1.656
2013-12-10 19:30:00,1.324
2013-12-10 20:00:00,1.568
2013-12-10 20:30:00,1.291
2013-12-10 21:00:00,0.858
2013-12-10 21:30:00,0.873
2013-12-10 22:00:00,2.0710001
2013-12-10 22:30:00,0.781
2013-12-10 23:00:00,0.922
2013-12-10 23:30:00,0.868
2013-12-11 00:00:00,0.844
2013-12-11 00:30:00,0.848
2013-12-11 01:00:00,0.742
2013-12-11 01:30:00,0.939
2013-12-11 02:00:00,0.736
2013-12-11 02:30:00,0.95
2013-12-11 03:00:00,0.909
2013-12-11 03:30:00,0.855
2013-12-11 04:00:00,0.859
2013-12-11 04:30:00,1.057
2013-12-11 05:00:00,0.841
2013-12-11 05:30:00,1.325
2013-12-11 06:00:00,0.936
2013-12-11 06:30:00,1.0089999
2013-12-11 07:00:00,0.886
2013-12-11 07:30:00,1.118
2013-12-11 08:00:00,0.964
2013-12-11 08:30:00,1.028
2013-12-11 09:00:00,0.854
2013-12-11 09:30:00,1.135
2013-12-11 10:00:00,0.768
2013-12-11 10:30:00,0.887
2013-12-11 11:00:00,0.957
2013-12-11 11:30:00,0.811
2013-12-11 12:00:00,0.853
2013-12-11 12:30:00,0.915
2013-12-11 13:00:00,0.78
2013-12-11 13:30:00,0.903
2013-12-11 14:00:00,1.067
2013-12-11 14:30:00,0.981
2013-12-11 15:00:00,0.729
2013-12-11 15:30:00,1.5089999
2013-12-11 16:00:00,1.201
2013-12-11 16:30:00,0.961
2013-12-11 17:00:00,0.851
2013-12-11 17:30:00,0.904
2013-12-11 18:00:00,0.905
2013-12-11 18:30:00,0.868
2013-12-11 19:00:00,0.835
2013-12-11 19:30:00,1.122
2013-12-11 20:00:00,0.79
2013-12-11 20:30:00,1.09
2013-12-11 21:00:00,0.961
2013-12-11 21:30:00,1.348
2013-12-11 22:00:00,1.147
2013-12-11 22:30:00,1.284
2013-12-11 23:00:00,1.122
2013-12-11 23:30:00,1.344
2013-12-12 00:00:00,1.099
2013-12-12 00:30:00,1.3200001
2013-12-12 01:00:00,1.243
2013-12-12 01:30:00,1.27
2013-12-12 02:00:00,1.136
2013-12-12 02:30:00,1.391
2013-12-12 03:00:00,1.036
2013-12-12 03:30:00,1.306
2013-12-12 04:00:00,1.2460001
2013-12-12 04:30:00,1.23
2013-12-12 05:00:00,1.326
2013-12-12 05:30:00,1.369
2013-12-12 06:00:00,1.229
2013-12-12 06:30:00,1.279
2013-12-12 07:00:00,1.102
2013-12-12 07:30:00,1.489
2013-12-12 08:00:00,1.045
2013-12-12 08:30:00,1.335
2013-12-12 09:00:00,1.209
2013-12-12 09:30:00,1.796
2013-12-12 10:00:00,1.14
2013-12-12 10:30:00,2.188
2013-12-12 11:00:00,1.845
2013-12-12 11:30:00,1.5
2013-12-12 12:00:00,1.8710001
2013-12-12 12:30:00,3.3670001
2013-12-12 13:00:00,1.933
2013-12-12 13:30:00,1.901
2013-12-12 14:00:00,1.1440001
2013-12-12 14:30:00,1.176
2013-12-12 15:00:00,1.5599999
2013-12-12 15:30:00,1.253
2013-12-12 16:00:00,1.511
2013-12-12 16:30:00,1.1900001
2013-12-12 17:00:00,1.131
2013-12-12 17:30:00,1.189
2013-12-12 18:00:00,1.056
2013-12-12 18:30:00,1.684
2013-12-12 19:00:00,2.566
2013-12-12 19:30:00,1.2589999
2013-12-12 20:00:00,1.212
2013-12-12 20:30:00,1.7130001
2013-12-12 21:00:00,1.4450001
2013-12-12 21:30:00,1.146
2013-12-12 22:00:00,1.146
2013-12-12 22:30:00,1.222
2013-12-12 23:00:00,1.0930001
2013-12-12 23:30:00,1.1720001
2013-12-13 00:00:00,1.168
2013-12-13 00:30:00,1.181
2013-12-13 01:00:00,1.2
2013-12-13 01:30:00,1.355
2013-12-13 02:00:00,1.0369999
2013-12-13 02:30:00,1.2309999
2013-12-13 03:00:00,1.039
2013-12-13 03:30:00,1.179
2013-12-13 04:00:00,1.063
2013-12-13 04:30:00,1.174
2013-12-13 05:00:00,1.1289999
2013-12-13 05:30:00,1.4069999
2013-12-13 06:00:00,1.108
2013-12-13 06:30:00,1.196
2013-12-13 07:00:00,0.969
2013-12-13 07:30:00,1.354
2013-12-13 08:00:00,1.148
2013-12-13 08:30:00,1.186
2013-12-13 09:00:00,0.91
2013-12-13 09:30:00,1.249
2013-12-13 10:00:00,1.0089999
2013-12-13 10:30:00,1.0779999
2013-12-13 11:00:00,1.062
2013-12-13 11:30:00,1.11
2013-12-13 12:00:00,0.949
2013-12-13 12:30:00,1.155
2013-12-13 13:00:00,0.965
2013-12-13 13:30:00,1.071
2013-12-13 14:00:00,1.103
2013-12-13 14:30:00,1.094
2013-12-13 15:00:00,1.182
2013-12-13 15:30:00,1.211
2013-12-13 16:00:00,1.0599999
2013-12-13 16:30:00,1.234
2013-12-13 17:00:00,0.924
2013-12-13 17:30:00,1.151
2013-12-13 18:00:00,0.982
2013-12-13 18:30:00,1.207
2013-12-13 19:00:00,0.918
2013-12-13 19:30:00,1.0930001
2013-12-13 20:00:00,1.101
2013-12-13 20:30:00,1.063
2013-12-13 21:00:00,1.059
2013-12-13 21:30:00,1.223
2013-12-13 22:00:00,1.1289999
2013-12-13 22:30:00,1.0700001
2013-12-13 23:00:00,1.005
2013-12-13 23:30:00,1.3279999
2013-12-14 00:00:00,0.943
2013-12-14 00:30:00,1.197
2013-12-14 01:00:00,1.194
2013-12-14 01:30:00,1.128
2013-12-14 02:00:00,1.02
2013-12-14 02:30:00,1.426
2013-12-14 03:00:00,1.01
2013-12-14 03:30:00,1.118
2013-12-14 04:00:00,1.216
2013-12-14 04:30:00,1.193
2013-12-14 05:00:00,0.957
2013-12-14 05:30:00,1.386
2013-12-14 06:00:00,1.033
2013-12-14 06:30:00,1.155
2013-12-14 07:00:00,1.0140001
2013-12-14 07:30:00,1.386
2013-12-14 08:00:00,1.0089999
2013-12-14 08:30:00,1.174
2013-12-14 09:00:00,1.209
2013-12-14 09:30:00,2.0090001
2013-12-14 10:00:00,1.187
2013-12-14 10:30:00,1.41
2013-12-14 11:00:00,1.9450001
2013-12-14 11:30:00,2.54
2013-12-14 12:00:00,2.2839999
2013-12-14 12:30:00,1.974
2013-12-14 13:00:00,2.427
2013-12-14 13:30:00,2.2679999
2013-12-14 14:00:00,2.2609999
2013-12-14 14:30:00,2.3310001
2013-12-14 15:00:00,2.339
2013-12-14 15:30:00,3.098
2013-12-14 16:00:00,2.4760001
2013-12-14 16:30:00,1.279
2013-12-14 17:00:00,0.874
2013-12-14 17:30:00,0.923
2013-12-14 18:00:00,0.8
2013-12-14 18:30:00,0.777
2013-12-14 19:00:00,0.935
2013-12-14 19:30:00,0.901
2013-12-14 20:00:00,0.709
2013-12-14 20:30:00,0.831
2013-12-14 21:00:00,0.904
2013-12-14 21:30:00,0.804
2013-12-14 22:00:00,0.823
2013-12-14 22:30:00,0.828
2013-12-14 23:00:00,0.809
2013-12-14 23:30:00,0.96
2013-12-15 00:00:00,1.165
2013-12-15 00:30:00,0.874
2013-12-15 01:00:00,0.766
2013-12-15 01:30:00,0.837
2013-12-15 02:00:00,0.791
2013-12-15 02:30:00,0.807
2013-12-15 03:00:00,0.899
2013-12-15 03:30:00,0.754
2013-12-15 04:00:00,0.676
2013-12-15 04:30:00,0.835
2013-12-15 05:00:00,0.808
2013-12-15 05:30:00,0.827
2013-12-15 06:00:00,0.675
2013-12-15 06:30:00,0.836
2013-12-15 07:00:00,0.725
2013-12-15 07:30:00,0.985
2013-12-15 08:00:00,1.018
2013-12-15 08:30:00,2.063
2013-12-15 09:00:00,1.772
2013-12-15 09:30:00,2.3970001
2013-12-15 10:00:00,2.3829999
2013-12-15 10:30:00,1.868
2013-12-15 11:00:00,0.775
2013-12-15 11:30:00,0.628
2013-12-15 12:00:00,0.602
2013-12-15 12:30:00,0.753
2013-12-15 13:00:00,0.702
2013-12-15 13:30:00,0.712
2013-12-15 14:00:00,0.795
2013-12-15 14:30:00,0.589
2013-12-15 15:00:00,0.479
2013-12-15 15:30:00,0.778
2013-12-15 16:00:00,0.979
2013-12-15 16:30:00,0.787
2013-12-15 17:00:00,0.713
2013-12-15 17:30:00,0.722
2013-12-15 18:00:00,0.699
2013-12-15 18:30:00,0.641
2013-12-15 19:00:00,0.748
2013-12-15 19:30:00,0.692
2013-12-15 20:00:00,0.702
2013-12-15 20:30:00,1.0420001
2013-12-15 21:00:00,1.026
2013-12-15 21:30:00,0.809
2013-12-15 22:00:00,0.718
2013-12-15 22:30:00,0.851
2013-12-15 23:00:00,0.573
2013-12-15 23:30:00,0.621
2013-12-16 00:00:00,0.869
2013-12-16 00:30:00,0.668
2013-12-16 01:00:00,0.566
2013-12-16 01:30:00,0.653
2013-12-16 02:00:00,0.761
2013-12-16 02:30:00,0.723
2013-12-16 03:00:00,0.664
2013-12-16 03:30:00,0.867
2013-12-16 04:00:00,0.753
2013-12-16 04:30:00,0.842
2013-12-16 05:00:00,0.682
2013-12-16 05:30:00,0.788
2013-12-16 06:00:00,0.728
2013-12-16 06:30:00,0.766
2013-12-16 07:00:00,0.686
2013-12-16 07:30:00,0.647
2013-12-16 08:00:00,0.918
2013-12-16 08:30:00,0.841
2013-12-16 09:00:00,0.743
2013-12-16 09:30:00,1.034
2013-12-16 10:00:00,1.181
2013-12-16 10:30:00,0.999
2013-12-16 11:00:00,1.3559999
2013-12-16 11:30:00,1.306
2013-12-16 12:00:00,1.418
2013-12-16 12:30:00,1.273
2013-12-16 13:00:00,1.443
2013-12-16 13:30:00,1.1670001
2013-12-16 14:00:00,1.217
2013-12-16 14:30:00,1.324
2013-12-16 15:00:00,1.08
2013-12-16 15:30:00,0.942
2013-12-16 16:00:00,1.2359999
2013-12-16 16:30:00,1.031
2013-12-16 17:00:00,1.271
2013-12-16 17:30:00,1.2690001
2013-12-16 18:00:00,1.295
2013-12-16 18:30:00,1.7640001
2013-12-16 19:00:00,2.211
2013-12-16 19:30:00,1.701
2013-12-16 20:00:00,1.586
2013-12-16 20:30:00,1.836
2013-12-16 21:00:00,1.725
2013-12-16 21:30:00,1.5190001
2013-12-16 22:00:00,1.451
2013-12-16 22:30:00,1.65
2013-12-16 23:00:00,1.533
2013-12-16 23:30:00,1.4859999
2013-12-17 00:00:00,1.58
2013-12-17 00:30:00,1.457
2013-12-17 01:00:00,1.228
2013-12-17 01:30:00,1.149
2013-12-17 02:00:00,1.079
2013-12-17 02:30:00,1.289
2013-12-17 03:00:00,1.202
2013-12-17 03:30:00,1.228
2013-12-17 04:00:00,1.136
2013-12-17 04:30:00,1.24
2013-12-17 05:00:00,1.35
2013-12-17 05:30:00,1.467
2013-12-17 06:00:00,1.397
2013-12-17 06:30:00,1.455
2013-12-17 07:00:00,1.521
2013-12-17 07:30:00,1.595
2013-12-17 08:00:00,1.432
2013-12-17 08:30:00,1.6109999
2013-12-17 09:00:00,1.051
2013-12-17 09:30:00,1.2819999
2013-12-17 10:00:00,1.295
2013-12-17 10:30:00,1.2079999
2013-12-17 11:00:00,1.376
2013-12-17 11:30:00,1.349
2013-12-17 12:00:00,1.103
2013-12-17 12:30:00,1.4
2013-12-17 13:00:00,1.2359999
2013-12-17 13:30:00,1.469
2013-12-17 14:00:00,1.306
2013-12-17 14:30:00,1.23
2013-12-17 15:00:00,1.2130001
2013-12-17 15:30:00,1.393
2013-12-17 16:00:00,1.323
2013-12-17 16:30:00,1.398
2013-12-17 17:00:00,1.286
2013-12-17 17:30:00,1.4170001
2013-12-17 18:00:00,1.454
2013-12-17 18:30:00,1.698
2013-12-17 19:00:00,1.437
2013-12-17 19:30:00,1.822
2013-12-17 20:00:00,2.092
2013-12-17 20:30:00,1.668
2013-12-17 21:00:00,2.2019999
2013-12-17 21:30:00,1.517
2013-12-17 22:00:00,1.954
2013-12-17 22:30:00,1.476
2013-12-17 23:00:00,1.263
2013-12-17 23:30:00,1.212
2013-12-18 00:00:00,1.212
2013-12-18 00:30:00,1.446
2013-12-18 01:00:00,1.076
2013-12-18 01:30:00,1.187
2013-12-18 02:00:00,1.55
2013-12-18 02:30:00,1.487
2013-12-18 03:00:00,1.2819999
2013-12-18 03:30:00,1.27
2013-12-18 04:00:00,1.1
2013-12-18 04:30:00,1.347
2013-12-18 05:00:00,1.702
2013-12-18 05:30:00,1.488
2013-12-18 06:00:00,1.183
2013-12-18 06:30:00,1.478
2013-12-18 07:00:00,1.381
2013-12-18 07:30:00,1.6950001
2013-12-18 08:00:00,1.325
2013-12-18 08:30:00,1.4529999
2013-12-18 09:00:00,1.118
2013-12-18 09:30:00,1.34
2013-12-18 10:00:00,1.3940001
2013-12-18 10:30:00,1.225
2013-12-18 11:00:00,1.0420001
2013-12-18 11:30:00,1.434
2013-12-18 12:00:00,1.2640001
2013-12-18 12:30:00,1.21
2013-12-18 13:00:00,1.276
2013-12-18 13:30:00,1.321
2013-12-18 14:00:00,1.1289999
2013-12-18 14:30:00,1.5
2013-12-18 15:00:00,1.391
2013-12-18 15:30:00,1.289
2013-12-18 16:00:00,1.512
2013-12-18 16:30:00,1.572
2013-12-18 17:00:00,1.522
2013-12-18 17:30:00,2.2850001
2013-12-18 18:00:00,1.896
2013-12-18 18:30:00,1.37
2013-12-18 19:00:00,1.153
2013-12-18 19:30:00,2.319
2013-12-18 20:00:00,2.4319999
2013-12-18 20:30:00,1.743
2013-12-18 21:00:00,2.244
2013-12-18 21:30:00,1.7869999
2013-12-18 22:00:00,1.676
2013-12-18 22:30:00,2.9170001
2013-12-18 23:00:00,2.7290001
2013-12-18 23:30:00,2.691
2013-12-19 00:00:00,2.398
2013-12-19 00:30:00,2.4760001
2013-12-19 01:00:00,2.322
2013-12-19 01:30:00,2.484
2013-12-19 02:00:00,2.2980001
2013-12-19 02:30:00,2.3010001
2013-12-19 03:00:00,2.293
2013-12-19 03:30:00,2.4779999
2013-12-19 04:00:00,2.2509999
2013-12-19 04:30:00,2.0580001
2013-12-19 05:00:00,2.408
2013-12-19 05:30:00,2.3069999
2013-12-19 06:00:00,2.2190001
2013-12-19 06:30:00,2.3340001
2013-12-19 07:00:00,2.2
2013-12-19 07:30:00,2.552
2013-12-19 08:00:00,2.4790001
2013-12-19 08:30:00,2.7420001
2013-12-19 09:00:00,2.9289999
2013-12-19 09:30:00,3.372
2013-12-19 10:00:00,3.3559999
2013-12-19 10:30:00,3.938
2013-12-19 11:00:00,2.4590001
2013-12-19 11:30:00,2.359
2013-12-19 12:00:00,2.5090001
2013-12-19 12:30:00,1.799
2013-12-19 13:00:00,1.495
2013-12-19 13:30:00,1.584
2013-12-19 14:00:00,1.5369999
2013-12-19 14:30:00,1.382
2013-12-19 15:00:00,1.411
2013-12-19 15:30:00,1.268
2013-12-19 16:00:00,1.368
2013-12-19 16:30:00,1.582
2013-12-19 17:00:00,1.3
2013-12-19 17:30:00,1.255
2013-12-19 18:00:00,1.425
2013-12-19 18:30:00,1.3839999
2013-12-19 19:00:00,1.339
2013-12-19 19:30:00,1.506
2013-12-19 20:00:00,1.428
2013-12-19 20:30:00,1.572
2013-12-19 21:00:00,1.875
2013-12-19 21:30:00,3.0569999
2013-12-19 22:00:00,3.3759999
2013-12-19 22:30:00,2.76
2013-12-19 23:00:00,3.0190001
2013-12-19 23:30:00,2.5439999
2013-12-20 00:00:00,2.1789999
2013-12-20 00:30:00,1.615
2013-12-20 01:00:00,1.882
2013-12-20 01:30:00,1.46
2013-12-20 02:00:00,1.947
2013-12-20 02:30:00,1.448
2013-12-20 03:00:00,1.873
2013-12-20 03:30:00,1.609
2013-12-20 04:00:00,1.928
2013-12-20 04:30:00,1.511
2013-12-20 05:00:00,2.198
2013-12-20 05:30:00,1.753
2013-12-20 06:00:00,1.888
2013-12-20 06:30:00,1.822
2013-12-20 07:00:00,2.0450001
2013-12-20 07:30:00,1.387
2013-12-20 08:00:00,2.0639999
2013-12-20 08:30:00,1.686
2013-12-20 09:00:00,2.1210001
2013-12-20 09:30:00,2.599
2013-12-20 10:00:00,2.661
2013-12-20 10:30:00,2.1960001
2013-12-20 11:00:00,1.375
2013-12-20 11:30:00,0.942
2013-12-20 12:00:00,0.817
2013-12-20 12:30:00,0.937
2013-12-20 13:00:00,0.848
2013-12-20 13:30:00,0.979
2013-12-20 14:00:00,1.0369999
2013-12-20 14:30:00,1.063
2013-12-20 15:00:00,1.35
2013-12-20 15:30:00,1.744
2013-12-20 16:00:00,1.191
2013-12-20 16:30:00,1.979
2013-12-20 17:00:00,1.027
2013-12-20 17:30:00,1.039
2013-12-20 18:00:00,1.55
2013-12-20 18:30:00,1.348
2013-12-20 19:00:00,1.652
2013-12-20 19:30:00,1.8099999
2013-12-20 20:00:00,1.903
2013-12-20 20:30:00,1.7589999
2013-12-20 21:00:00,3.1029999
2013-12-20 21:30:00,3.3659999
2013-12-20 22:00:00,2.8989999
2013-12-20 22:30:00,2.651
2013-12-20 23:00:00,2.3050001
2013-12-20 23:30:00,2.9059999
2013-12-21 00:00:00,2.6029999
2013-12-21 00:30:00,2.7249999
2013-12-21 01:00:00,2.0829999
2013-12-21 01:30:00,2.579
2013-12-21 02:00:00,2.131
2013-12-21 02:30:00,2.362
2013-12-21 03:00:00,2.0280001
2013-12-21 03:30:00,2.5810001
2013-12-21 04:00:00,2.0769999
2013-12-21 04:30:00,2.279
2013-12-21 05:00:00,2.283
2013-12-21 05:30:00,2.355
2013-12-21 06:00:00,2.073
2013-12-21 06:30:00,2.5780001
2013-12-21 07:00:00,2.2179999
2013-12-21 07:30:00,2.546
2013-12-21 08:00:00,1.957
2013-12-21 08:30:00,2.3469999
2013-12-21 09:00:00,2.1340001
2013-12-21 09:30:00,2.5610001
2013-12-21 10:00:00,2.296
2013-12-21 10:30:00,3.076
2013-12-21 11:00:00,2.381
2013-12-21 11:30:00,1.959
2013-12-21 12:00:00,1.941
2013-12-21 12:30:00,2.0969999
2013-12-21 13:00:00,1.9630001
2013-12-21 13:30:00,1.841
2013-12-21 14:00:00,1.865
2013-12-21 14:30:00,3.033
2013-12-21 15:00:00,2.247
2013-12-21 15:30:00,2.2750001
2013-12-21 16:00:00,1.858
2013-12-21 16:30:00,2.3900001
2013-12-21 17:00:00,2.529
2013-12-21 17:30:00,2.796
2013-12-21 18:00:00,2.3670001
2013-12-21 18:30:00,2.7460001
2013-12-21 19:00:00,2.4860001
2013-12-21 19:30:00,2.6800001
2013-12-21 20:00:00,2.1630001
2013-12-21 20:30:00,2.8210001
2013-12-21 21:00:00,2.4130001
2013-12-21 21:30:00,2.941
2013-12-21 22:00:00,2.628
2013-12-21 22:30:00,2.609
2013-12-21 23:00:00,2.1199999
2013-12-21 23:30:00,1.698
2013-12-22 00:00:00,1.6390001
2013-12-22 00:30:00,2.1670001
2013-12-22 01:00:00,1.607
2013-12-22 01:30:00,1.96
2013-12-22 02:00:00,1.756
2013-12-22 02:30:00,1.967
2013-12-22 03:00:00,1.576
2013-12-22 03:30:00,1.733
2013-12-22 04:00:00,1.483
2013-12-22 04:30:00,1.517
2013-12-22 05:00:00,1.557
2013-12-22 05:30:00,1.663
2013-12-22 06:00:00,1.327
2013-12-22 06:30:00,1.721
2013-12-22 07:00:00,1.536
2013-12-22 07:30:00,1.96
2013-12-22 08:00:00,2.082
2013-12-22 08:30:00,2.5150001
2013-12-22 09:00:00,1.633
2013-12-22 09:30:00,1.604
2013-12-22 10:00:00,1.631
2013-12-22 10:30:00,2.3670001
2013-12-22 11:00:00,1.038
2013-12-22 11:30:00,1.085
2013-12-22 12:00:00,0.79
2013-12-22 12:30:00,1.038
2013-12-22 13:00:00,1.011
2013-12-22 13:30:00,1.1619999
2013-12-22 14:00:00,1.063
2013-12-22 14:30:00,1.05
2013-12-22 15:00:00,1.237
2013-12-22 15:30:00,1.0190001
2013-12-22 16:00:00,0.948
2013-12-22 16:30:00,2.6900001
2013-12-22 17:00:00,1.659
2013-12-22 17:30:00,2.1900001
2013-12-22 18:00:00,2.017
2013-12-22 18:30:00,2.4000001
2013-12-22 19:00:00,2.3540001
2013-12-22 19:30:00,3.1040001
2013-12-22 20:00:00,2.4579999
2013-12-22 20:30:00,2.878
2013-12-22 21:00:00,2.6489999
2013-12-22 21:30:00,2.9100001
2013-12-22 22:00:00,2.7869999
2013-12-22 22:30:00,2.947
2013-12-22 23:00:00,2.652
2013-12-22 23:30:00,2.835
2013-12-23 00:00:00,2.3
2013-12-23 00:30:00,2.723
2013-12-23 01:00:00,2.175
2013-12-23 01:30:00,2.3540001
2013-12-23 02:00:00,1.8200001
2013-12-23 02:30:00,2.483
2013-12-23 03:00:00,2.063
2013-12-23 03:30:00,2.3970001
2013-12-23 04:00:00,1.905
2013-12-23 04:30:00,2.4159999
2013-12-23 05:00:00,2.0769999
2013-12-23 05:30:00,2.392
2013-12-23 06:00:00,1.721
2013-12-23 06:30:00,1.668
2013-12-23 07:00:00,1.232
2013-12-23 07:30:00,1.439
2013-12-23 08:00:00,1.148
2013-12-23 08:30:00,1.8380001
2013-12-23 09:00:00,1.523
2013-12-23 09:30:00,1.638
2013-12-23 10:00:00,1.101
2013-12-23 10:30:00,1.6569999
2013-12-23 11:00:00,0.861
2013-12-23 11:30:00,1.11
2013-12-23 12:00:00,1.003
2013-12-23 12:30:00,1.326
2013-12-23 13:00:00,2.414
2013-12-23 13:30:00,1.551
2013-12-23 14:00:00,1.125
2013-12-23 14:30:00,1.278
2013-12-23 15:00:00,3.5
2013-12-23 15:30:00,2.1010001
2013-12-23 16:00:00,2.148
2013-12-23 16:30:00,2.608
2013-12-23 17:00:00,2.108
2013-12-23 17:30:00,1.9119999
2013-12-23 18:00:00,1.831
2013-12-23 18:30:00,2.0869999
2013-12-23 19:00:00,2.076
2013-12-23 19:30:00,2.73
2013-12-23 20:00:00,2.845
2013-12-23 20:30:00,2.3269999
2013-12-23 21:00:00,2.257
2013-12-23 21:30:00,1.988
2013-12-23 22:00:00,1.834
2013-12-23 22:30:00,1.567
2013-12-23 23:00:00,1.636
2013-12-23 23:30:00,1.5470001
2013-12-24 00:00:00,1.722
2013-12-24 00:30:00,1.673
2013-12-24 01:00:00,1.581
2013-12-24 01:30:00,1.52
2013-12-24 02:00:00,1.609
2013-12-24 02:30:00,1.061
2013-12-24 03:00:00,1.214
2013-12-24 03:30:00,1.283
2013-12-24 04:00:00,1.2309999
2013-12-24 04:30:00,1.08
2013-12-24 05:00:00,1.227
2013-12-24 05:30:00,1.186
2013-12-24 06:00:00,1.143
2013-12-24 06:30:00,1.182
2013-12-24 07:00:00,1.036
2013-12-24 07:30:00,1.298
2013-12-24 08:00:00,1.594
2013-12-24 08:30:00,2.3099999
2013-12-24 09:00:00,2.2590001
2013-12-24 09:30:00,1.992
2013-12-24 10:00:00,2.822
2013-12-24 10:30:00,3.937
2013-12-24 11:00:00,3.0120001
2013-12-24 11:30:00,2.359
2013-12-24 12:00:00,1.738
2013-12-24 12:30:00,1.873
2013-12-24 13:00:00,1.683
2013-12-24 13:30:00,1.54
2013-12-24 14:00:00,2.1570001
2013-12-24 14:30:00,2.198
2013-12-24 15:00:00,1.722
2013-12-24 15:30:00,2.1459999
2013-12-24 16:00:00,3.1789999
2013-12-24 16:30:00,3.631
2013-12-24 17:00:00,2.875
2013-12-24 17:30:00,2.177
2013-12-24 18:00:00,2.2620001
2013-12-24 18:30:00,2.277
2013-12-24 19:00:00,2.191
2013-12-24 19:30:00,3.3369999
2013-12-24 20:00:00,2.675
2013-12-24 20:30:00,2.313
2013-12-24 21:00:00,2.6359999
2013-12-24 21:30:00,2.6240001
2013-12-24 22:00:00,2.23
2013-12-24 22:30:00,2.6029999
2013-12-24 23:00:00,1.989
2013-12-24 23:30:00,1.942
2013-12-25 00:00:00,2.089
2013-12-25 00:30:00,2.382
2013-12-25 01:00:00,2.418
2013-12-25 01:30:00,2.0869999
2013-12-25 02:00:00,1.9299999
2013-12-25 02:30:00,1.709
2013-12-25 03:00:00,1.666
2013-12-25 03:30:00,1.691
2013-12-25 04:00:00,1.807
2013-12-25 04:30:00,1.753
2013-12-25 05:00:00,1.656
2013-12-25 05:30:00,1.646
2013-12-25 06:00:00,1.92
2013-12-25 06:30:00,1.934
2013-12-25 07:00:00,1.845
2013-12-25 07:30:00,2.898
2013-12-25 08:00:00,2.152
2013-12-25 08:30:00,2.6719999
2013-12-25 09:00:00,2.5409999
2013-12-25 09:30:00,2.8759999
2013-12-25 10:00:00,2.1159999
2013-12-25 10:30:00,1.331
2013-12-25 11:00:00,1.785
2013-12-25 11:30:00,2.9449999
2013-12-25 12:00:00,3.0639999
2013-12-25 12:30:00,3.349
2013-12-25 13:00:00,2.4400001
2013-12-25 13:30:00,2.207
2013-12-25 14:00:00,2.6689999
2013-12-25 14:30:00,2.6270001
2013-12-25 15:00:00,2.9630001
2013-12-25 15:30:00,2.2590001
2013-12-25 16:00:00,2.3729999
2013-12-25 16:30:00,2.2290001
2013-12-25 17:00:00,3.5999999
2013-12-25 17:30:00,2.747
2013-12-25 18:00:00,2.773
2013-12-25 18:30:00,3.4660001
2013-12-25 19:00:00,2.658
2013-12-25 19:30:00,3.325
2013-12-25 20:00:00,2.177
2013-12-25 20:30:00,2.2290001
2013-12-25 21:00:00,3.983
2013-12-25 21:30:00,3.6129999
2013-12-25 22:00:00,3.425
2013-12-25 22:30:00,3.125
2013-12-25 23:00:00,3.3740001
2013-12-25 23:30:00,3.211
2013-12-26 00:00:00,3.201
2013-12-26 00:30:00,2.937
2013-12-26 01:00:00,3.1860001
2013-12-26 01:30:00,2.7479999
2013-12-26 02:00:00,2.2490001
2013-12-26 02:30:00,2.319
2013-12-26 03:00:00,2.3570001
2013-12-26 03:30:00,2.1659999
2013-12-26 04:00:00,2.3210001
2013-12-26 04:30:00,2.4630001
2013-12-26 05:00:00,2.2720001
2013-12-26 05:30:00,2.323
2013-12-26 06:00:00,2.2520001
2013-12-26 06:30:00,2.1170001
2013-12-26 07:00:00,2.26
2013-12-26 07:30:00,2.142
2013-12-26 08:00:00,2.257
2013-12-26 08:30:00,1.883
2013-12-26 09:00:00,1.817
2013-12-26 09:30:00,1.7690001
2013-12-26 10:00:00,2.079
2013-12-26 10:30:00,1.666
2013-12-26 11:00:00,1.2130001
2013-12-26 11:30:00,0.796
2013-12-26 12:00:00,1.825
2013-12-26 12:30:00,0.79
2013-12-26 13:00:00,0.586
2013-12-26 13:30:00,0.648
2013-12-26 14:00:00,3.2639999
2013-12-26 14:30:00,3.461
2013-12-26 15:00:00,3.5510001
2013-12-26 15:30:00,2.122
2013-12-26 16:00:00,1.772
2013-12-26 16:30:00,2.2119999
2013-12-26 17:00:00,2.6359999
2013-12-26 17:30:00,1.869
2013-12-26 18:00:00,1.849
2013-12-26 18:30:00,1.8789999
2013-12-26 19:00:00,2.2179999
2013-12-26 19:30:00,1.814
2013-12-26 20:00:00,2.1170001
2013-12-26 20:30:00,1.674
2013-12-26 21:00:00,2.0150001
2013-12-26 21:30:00,3.096
2013-12-26 22:00:00,2.033
2013-12-26 22:30:00,2.158
2013-12-26 23:00:00,2.5810001
2013-12-26 23:30:00,2.4879999
2013-12-27 00:00:00,2.5409999
2013-12-27 00:30:00,1.584
2013-12-27 01:00:00,1.7640001
2013-12-27 01:30:00,1.471
2013-12-27 02:00:00,1.469
2013-12-27 02:30:00,1.589
2013-12-27 03:00:00,1.584
2013-12-27 03:30:00,1.399
2013-12-27 04:00:00,1.415
2013-12-27 04:30:00,1.227
2013-12-27 05:00:00,1.252
2013-12-27 05:30:00,1.602
2013-12-27 06:00:00,1.852
2013-12-27 06:30:00,1.38
2013-12-27 07:00:00,1.36
2013-12-27 07:30:00,1.154
2013-12-27 08:00:00,1.248
2013-12-27 08:30:00,1.251
2013-12-27 09:00:00,1.899
2013-12-27 09:30:00,1.633
2013-12-27 10:00:00,1.482
2013-12-27 10:30:00,2.0710001
2013-12-27 11:00:00,2.017
2013-12-27 11:30:00,1.767
2013-12-27 12:00:00,1.941
2013-12-27 12:30:00,1.591
2013-12-27 13:00:00,1.705
2013-12-27 13:30:00,2.2290001
2013-12-27 14:00:00,1.849
2013-12-27 14:30:00,1.5930001
2013-12-27 15:00:00,2.052
2013-12-27 15:30:00,2.7279999
2013-12-27 16:00:00,1.896
2013-12-27 16:30:00,1.608
2013-12-27 17:00:00,1.674
2013-12-27 17:30:00,1.656
2013-12-27 18:00:00,1.755
2013-12-27 18:30:00,2.546
2013-12-27 19:00:00,2.0420001
2013-12-27 19:30:00,1.794
2013-12-27 20:00:00,1.883
2013-12-27 20:30:00,1.92
2013-12-27 21:00:00,2.059
2013-12-27 21:30:00,2.006
2013-12-27 22:00:00,2.096
2013-12-27 22:30:00,2.112
2013-12-27 23:00:00,1.923
2013-12-27 23:30:00,2.0209999
2013-12-28 00:00:00,1.898
2013-12-28 00:30:00,1.745
2013-12-28 01:00:00,1.96
2013-12-28 01:30:00,1.727
2013-12-28 02:00:00,1.6109999
2013-12-28 02:30:00,1.3789999
2013-12-28 03:00:00,1.273
2013-12-28 03:30:00,1.197
2013-12-28 04:00:00,1.325
2013-12-28 04:30:00,1.432
2013-12-28 05:00:00,1.262
2013-12-28 05:30:00,1.404
2013-12-28 06:00:00,1.648
2013-12-28 06:30:00,1.277
2013-12-28 07:00:00,1.459
2013-12-28 07:30:00,1.574
2013-12-28 08:00:00,2.0090001
2013-12-28 08:30:00,2.358
2013-12-28 09:00:00,2.8199999
2013-12-28 09:30:00,2.7379999
2013-12-28 10:00:00,2.51
2013-12-28 10:30:00,1.697
2013-12-28 11:00:00,1.597
2013-12-28 11:30:00,1.559
2013-12-28 12:00:00,1.638
2013-12-28 12:30:00,1.806
2013-12-28 13:00:00,2.3789999
2013-12-28 13:30:00,1.73
2013-12-28 14:00:00,1.696
2013-12-28 14:30:00,1.623
2013-12-28 15:00:00,1.582
2013-12-28 15:30:00,1.324
2013-12-28 16:00:00,1.3380001
2013-12-28 16:30:00,1.355
2013-12-28 17:00:00,1.623
2013-12-28 17:30:00,1.7589999
2013-12-28 18:00:00,1.76
2013-12-28 18:30:00,1.729
2013-12-28 19:00:00,1.83
2013-12-28 19:30:00,1.48
2013-12-28 20:00:00,1.483
2013-12-28 20:30:00,1.643
2013-12-28 21:00:00,1.41
2013-12-28 21:30:00,1.558
2013-12-28 22:00:00,1.571
2013-12-28 22:30:00,1.771
2013-12-28 23:00:00,1.511
2013-12-28 23:30:00,1.7309999
2013-12-29 00:00:00,1.454
2013-12-29 00:30:00,1.477
2013-12-29 01:00:00,1.461
2013-12-29 01:30:00,1.235
2013-12-29 02:00:00,1.089
2013-12-29 02:30:00,1.2589999
2013-12-29 03:00:00,1.0420001
2013-12-29 03:30:00,1.12
2013-12-29 04:00:00,0.992
2013-12-29 04:30:00,1.268
2013-12-29 05:00:00,1.0420001
2013-12-29 05:30:00,1.183
2013-12-29 06:00:00,1.51
2013-12-29 06:30:00,1.281
2013-12-29 07:00:00,1.113
2013-12-29 07:30:00,1.252
2013-12-29 08:00:00,1.0140001
2013-12-29 08:30:00,1.86
2013-12-29 09:00:00,2.033
2013-12-29 09:30:00,2.4960001
2013-12-29 10:00:00,2.6389999
2013-12-29 10:30:00,2.2590001
2013-12-29 11:00:00,1.8150001
2013-12-29 11:30:00,1.478
2013-12-29 12:00:00,2.0050001
2013-12-29 12:30:00,1.255
2013-12-29 13:00:00,1.414
2013-12-29 13:30:00,1.364
2013-12-29 14:00:00,1.421
2013-12-29 14:30:00,1.323
2013-12-29 15:00:00,1.353
2013-12-29 15:30:00,1.427
2013-12-29 16:00:00,1.3789999
2013-12-29 16:30:00,1.45
2013-12-29 17:00:00,1.3200001
2013-12-29 17:30:00,1.727
2013-12-29 18:00:00,1.5039999
2013-12-29 18:30:00,1.818
2013-12-29 19:00:00,1.934
2013-12-29 19:30:00,2.075
2013-12-29 20:00:00,1.882
2013-12-29 20:30:00,2.5350001
2013-12-29 21:00:00,2.5150001
2013-12-29 21:30:00,3.5050001
2013-12-29 22:00:00,3.3889999
2013-12-29 22:30:00,1.779
2013-12-29 23:00:00,1.661
2013-12-29 23:30:00,1.53
2013-12-30 00:00:00,1.434
2013-12-30 00:30:00,1.7920001
2013-12-30 01:00:00,1.4119999
2013-12-30 01:30:00,1.447
2013-12-30 02:00:00,1.061
2013-12-30 02:30:00,1.084
2013-12-30 03:00:00,1.0930001
2013-12-30 03:30:00,1.263
2013-12-30 04:00:00,1.229
2013-12-30 04:30:00,1.374
2013-12-30 05:00:00,1.165
2013-12-30 05:30:00,1.27
2013-12-30 06:00:00,1.108
2013-12-30 06:30:00,1.148
2013-12-30 07:00:00,1.159
2013-12-30 07:30:00,1.198
2013-12-30 08:00:00,1.224
2013-12-30 08:30:00,1.719
2013-12-30 09:00:00,3.0769999
2013-12-30 09:30:00,2.1010001
2013-12-30 10:00:00,1.325
2013-12-30 10:30:00,1.592
2013-12-30 11:00:00,1.382
2013-12-30 11:30:00,1.245
2013-12-30 12:00:00,1.516
2013-12-30 12:30:00,2.211
2013-12-30 13:00:00,2.4579999
2013-12-30 13:30:00,1.9400001
2013-12-30 14:00:00,1.859
2013-12-30 14:30:00,2.2479999
2013-12-30 15:00:00,1.905
2013-12-30 15:30:00,1.323
2013-12-30 16:00:00,1.347
2013-12-30 16:30:00,1.523
2013-12-30 17:00:00,1.581
2013-12-30 17:30:00,1.6849999
2013-12-30 18:00:00,1.747
2013-12-30 18:30:00,1.624
2013-12-30 19:00:00,1.3710001
2013-12-30 19:30:00,1.5140001
2013-12-30 20:00:00,1.513
2013-12-30 20:30:00,1.462
2013-12-30 21:00:00,1.4119999
2013-12-30 21:30:00,1.679
2013-12-30 22:00:00,1.536
2013-12-30 22:30:00,1.619
2013-12-30 23:00:00,1.768
2013-12-30 23:30:00,1.609
2013-12-31 00:00:00,1.369
2013-12-31 00:30:00,1.558
2013-12-31 01:00:00,1.291
2013-12-31 01:30:00,1.5190001
2013-12-31 02:00:00,1.3430001
2013-12-31 02:30:00,1.45
2013-12-31 03:00:00,1.48
2013-12-31 03:30:00,1.0829999
2013-12-31 04:00:00,0.988
2013-12-31 04:30:00,1.256
2013-12-31 05:00:00,1.476
2013-12-31 05:30:00,1.155
2013-12-31 06:00:00,0.995
2013-12-31 06:30:00,1.169
2013-12-31 07:00:00,1.094
2013-12-31 07:30:00,1.251
2013-12-31 08:00:00,1.253
2013-12-31 08:30:00,1.462
2013-12-31 09:00:00,1.182
2013-12-31 09:30:00,1.51
2013-12-31 10:00:00,1.675
2013-12-31 10:30:00,1.429
2013-12-31 11:00:00,1.1210001
2013-12-31 11:30:00,0.898
2013-12-31 12:00:00,1.553
2013-12-31 12:30:00,2.158
2013-12-31 13:00:00,2.8080001
2013-12-31 13:30:00,3.181
2013-12-31 14:00:00,2.105
2013-12-31 14:30:00,1.7539999
2013-12-31 15:00:00,1.783
2013-12-31 15:30:00,2.0680001
2013-12-31 16:00:00,1.794
2013-12-31 16:30:00,2.355
2013-12-31 17:00:00,2.448
2013-12-31 17:30:00,2.0420001
2013-12-31 18:00:00,2.5940001
2013-12-31 18:30:00,2.9860001
2013-12-31 19:00:00,3.358
2013-12-31 19:30:00,2.961
2013-12-31 20:00:00,3.3180001
2013-12-31 20:30:00,4.6440001
2013-12-31 21:00:00,3.1459999
2013-12-31 21:30:00,2.675
2013-12-31 22:00:00,3.2690001
2013-12-31 22:30:00,3.1919999
2013-12-31 23:00:00,1.965
2013-12-31 23:30:00,1.7640001
2014-01-01 00:00:00,1.848
2014-01-01 00:30:00,2.1199999
2014-01-01 01:00:00,1.96
2014-01-01 01:30:00,2.277
2014-01-01 02:00:00,1.571
2014-01-01 02:30:00,1.346
2014-01-01 03:00:00,1.271
2014-01-01 03:30:00,1.25
2014-01-01 04:00:00,1.017
2014-01-01 04:30:00,0.99
2014-01-01 05:00:00,1.196
2014-01-01 05:30:00,1.17
2014-01-01 06:00:00,1.164
2014-01-01 06:30:00,1.4859999
2014-01-01 07:00:00,1.198
2014-01-01 07:30:00,1.045
2014-01-01 08:00:00,0.916
2014-01-01 08:30:00,1.132
2014-01-01 09:00:00,1.286
2014-01-01 09:30:00,2.418
2014-01-01 10:00:00,2.461
2014-01-01 10:30:00,2.1559999
2014-01-01 11:00:00,2.28
2014-01-01 11:30:00,3.8429999
2014-01-01 12:00:00,4.2519999
2014-01-01 12:30:00,2.9030001
2014-01-01 13:00:00,2.4990001
2014-01-01 13:30:00,2.148
2014-01-01 14:00:00,2.3239999
2014-01-01 14:30:00,2.2609999
2014-01-01 15:00:00,2.1689999
2014-01-01 15:30:00,3.543
2014-01-01 16:00:00,3.4749999
2014-01-01 16:30:00,3.5869999
2014-01-01 17:00:00,3.319
2014-01-01 17:30:00,3.5969999
2014-01-01 18:00:00,3.3889999
2014-01-01 18:30:00,3.4719999
2014-01-01 19:00:00,3.188
2014-01-01 19:30:00,3.362
2014-01-01 20:00:00,2.9660001
2014-01-01 20:30:00,2.95
2014-01-01 21:00:00,2.96
2014-01-01 21:30:00,3.4260001
2014-01-01 22:00:00,2.4990001
2014-01-01 22:30:00,2.8940001
2014-01-01 23:00:00,2.4330001
2014-01-01 23:30:00,2.618
2014-01-02 00:00:00,2.1210001
2014-01-02 00:30:00,2.0250001
2014-01-02 01:00:00,1.957
2014-01-02 01:30:00,2.1600001
2014-01-02 02:00:00,1.8789999
2014-01-02 02:30:00,1.952
2014-01-02 03:00:00,1.822
2014-01-02 03:30:00,2.063
2014-01-02 04:00:00,1.728
2014-01-02 04:30:00,2.0409999
2014-01-02 05:00:00,2.142
2014-01-02 05:30:00,1.9
2014-01-02 06:00:00,1.614
2014-01-02 06:30:00,2.2520001
2014-01-02 07:00:00,1.943
2014-01-02 07:30:00,1.937
2014-01-02 08:00:00,1.697
2014-01-02 08:30:00,2.335
2014-01-02 09:00:00,2.3529999
2014-01-02 09:30:00,3.562
2014-01-02 10:00:00,2.5109999
2014-01-02 10:30:00,2.342
2014-01-02 11:00:00,1.5039999
2014-01-02 11:30:00,1.169
2014-01-02 12:00:00,3.1440001
2014-01-02 12:30:00,2.783
2014-01-02 13:00:00,2.622
2014-01-02 13:30:00,1.47
2014-01-02 14:00:00,1.425
2014-01-02 14:30:00,1.472
2014-01-02 15:00:00,1.234
2014-01-02 15:30:00,1.438
2014-01-02 16:00:00,1.539
2014-01-02 16:30:00,1.306
2014-01-02 17:00:00,2.217
2014-01-02 17:30:00,2.6659999
2014-01-02 18:00:00,3.0439999
2014-01-02 18:30:00,2.2639999
2014-01-02 19:00:00,2.234
2014-01-02 19:30:00,2.4719999
2014-01-02 20:00:00,2.848
2014-01-02 20:30:00,2.839
2014-01-02 21:00:00,2.5139999
2014-01-02 21:30:00,2.8429999
2014-01-02 22:00:00,1.812
2014-01-02 22:30:00,1.786
2014-01-02 23:00:00,1.597
2014-01-02 23:30:00,1.984
2014-01-03 00:00:00,1.765
2014-01-03 00:30:00,1.605
2014-01-03 01:00:00,1.425
2014-01-03 01:30:00,1.439
2014-01-03 02:00:00,1.402
2014-01-03 02:30:00,1.187
2014-01-03 03:00:00,1.227
2014-01-03 03:30:00,1.2130001
2014-01-03 04:00:00,1.342
2014-01-03 04:30:00,1.392
2014-01-03 05:00:00,1.5039999
2014-01-03 05:30:00,1.487
2014-01-03 06:00:00,1.373
2014-01-03 06:30:00,1.2029999
2014-01-03 07:00:00,1.418
2014-01-03 07:30:00,1.261
2014-01-03 08:00:00,1.341
2014-01-03 08:30:00,1.559
2014-01-03 09:00:00,1.873
2014-01-03 09:30:00,1.757
2014-01-03 10:00:00,1.544
2014-01-03 10:30:00,3.483
2014-01-03 11:00:00,2.5109999
2014-01-03 11:30:00,2.3210001
2014-01-03 12:00:00,2.483
2014-01-03 12:30:00,1.301
2014-01-03 13:00:00,2.7869999
2014-01-03 13:30:00,2.392
2014-01-03 14:00:00,1.8380001
2014-01-03 14:30:00,1.905
2014-01-03 15:00:00,1.8329999
2014-01-03 15:30:00,2.016
2014-01-03 16:00:00,1.845
2014-01-03 16:30:00,1.722
2014-01-03 17:00:00,2.368
2014-01-03 17:30:00,2.0769999
2014-01-03 18:00:00,1.928
2014-01-03 18:30:00,1.899
2014-01-03 19:00:00,1.712
2014-01-03 19:30:00,1.855
2014-01-03 20:00:00,1.762
2014-01-03 20:30:00,1.811
2014-01-03 21:00:00,1.8789999
2014-01-03 21:30:00,2.503
2014-01-03 22:00:00,2.8399999
2014-01-03 22:30:00,2.6760001
2014-01-03 23:00:00,2.5439999
2014-01-03 23:30:00,2.5409999
2014-01-04 00:00:00,2.22
2014-01-04 00:30:00,2.22
2014-01-04 01:00:00,2.233
2014-01-04 01:30:00,1.7640001
2014-01-04 02:00:00,1.8430001
2014-01-04 02:30:00,1.7869999
2014-01-04 03:00:00,1.585
2014-01-04 03:30:00,1.65
2014-01-04 04:00:00,1.615
2014-01-04 04:30:00,1.778
2014-01-04 05:00:00,1.872
2014-01-04 05:30:00,1.689
2014-01-04 06:00:00,1.609
2014-01-04 06:30:00,1.857
2014-01-04 07:00:00,1.6619999
2014-01-04 07:30:00,1.808
2014-01-04 08:00:00,1.472
2014-01-04 08:30:00,1.9069999
2014-01-04 09:00:00,2.089
2014-01-04 09:30:00,4.0560002
2014-01-04 10:00:00,2.3599999
2014-01-04 10:30:00,2.8
2014-01-04 11:00:00,2.5599999
2014-01-04 11:30:00,3.2320001
2014-01-04 12:00:00,1.841
2014-01-04 12:30:00,2.408
2014-01-04 13:00:00,3.441
2014-01-04 13:30:00,3.1760001
2014-01-04 14:00:00,2.1389999
2014-01-04 14:30:00,1.941
2014-01-04 15:00:00,1.821
2014-01-04 15:30:00,1.526
2014-01-04 16:00:00,1.816
2014-01-04 16:30:00,1.493
2014-01-04 17:00:00,1.5140001
2014-01-04 17:30:00,1.682
2014-01-04 18:00:00,2.7550001
2014-01-04 18:30:00,2.092
2014-01-04 19:00:00,2.589
2014-01-04 19:30:00,3.4630001
2014-01-04 20:00:00,2.1849999
2014-01-04 20:30:00,2.0539999
2014-01-04 21:00:00,2.9400001
2014-01-04 21:30:00,1.701
2014-01-04 22:00:00,1.904
2014-01-04 22:30:00,1.706
2014-01-04 23:00:00,1.7130001
2014-01-04 23:30:00,1.984
2014-01-05 00:00:00,2.175
2014-01-05 00:30:00,1.961
2014-01-05 01:00:00,1.9170001
2014-01-05 01:30:00,1.698
2014-01-05 02:00:00,1.911
2014-01-05 02:30:00,1.516
2014-01-05 03:00:00,1.306
2014-01-05 03:30:00,1.46
2014-01-05 04:00:00,1.456
2014-01-05 04:30:00,1.492
2014-01-05 05:00:00,1.5089999
2014-01-05 05:30:00,1.7640001
2014-01-05 06:00:00,1.756
2014-01-05 06:30:00,1.418
2014-01-05 07:00:00,1.5650001
2014-01-05 07:30:00,1.478
2014-01-05 08:00:00,1.479
2014-01-05 08:30:00,1.743
2014-01-05 09:00:00,2.033
2014-01-05 09:30:00,1.832
2014-01-05 10:00:00,3.1199999
2014-01-05 10:30:00,1.632
2014-01-05 11:00:00,1.499
2014-01-05 11:30:00,1.609
2014-01-05 12:00:00,3.2639999
2014-01-05 12:30:00,1.808
2014-01-05 13:00:00,2.744
2014-01-05 13:30:00,3.2750001
2014-01-05 14:00:00,2.197
2014-01-05 14:30:00,1.666
2014-01-05 15:00:00,1.995
2014-01-05 15:30:00,1.581
2014-01-05 16:00:00,1.594
2014-01-05 16:30:00,1.612
2014-01-05 17:00:00,1.822
2014-01-05 17:30:00,1.628
2014-01-05 18:00:00,1.978
2014-01-05 18:30:00,2.027
2014-01-05 19:00:00,2.115
2014-01-05 19:30:00,1.944
2014-01-05 20:00:00,2.115
2014-01-05 20:30:00,1.696
2014-01-05 21:00:00,1.762
2014-01-05 21:30:00,1.853
2014-01-05 22:00:00,1.956
2014-01-05 22:30:00,1.716
2014-01-05 23:00:00,1.8
2014-01-05 23:30:00,1.705
2014-01-06 00:00:00,1.513
2014-01-06 00:30:00,1.5140001
2014-01-06 01:00:00,1.5319999
2014-01-06 01:30:00,1.789
2014-01-06 02:00:00,1.704
2014-01-06 02:30:00,1.3940001
2014-01-06 03:00:00,1.2589999
2014-01-06 03:30:00,1.535
2014-01-06 04:00:00,1.352
2014-01-06 04:30:00,1.1569999
2014-01-06 05:00:00,1.607
2014-01-06 05:30:00,1.507
2014-01-06 06:00:00,1.424
2014-01-06 06:30:00,1.303
2014-01-06 07:00:00,1.4220001
2014-01-06 07:30:00,1.212
2014-01-06 08:00:00,1.489
2014-01-06 08:30:00,1.9299999
2014-01-06 09:00:00,1.926
2014-01-06 09:30:00,1.8150001
2014-01-06 10:00:00,3.165
2014-01-06 10:30:00,2.3699999
2014-01-06 11:00:00,2.78
2014-01-06 11:30:00,2.6210001
2014-01-06 12:00:00,2.914
2014-01-06 12:30:00,2.931
2014-01-06 13:00:00,1.925
2014-01-06 13:30:00,1.584
2014-01-06 14:00:00,1.429
2014-01-06 14:30:00,1.0779999
2014-01-06 15:00:00,1.1849999
2014-01-06 15:30:00,2.4159999
2014-01-06 16:00:00,1.768
2014-01-06 16:30:00,1.734
2014-01-06 17:00:00,1.802
2014-01-06 17:30:00,1.972
2014-01-06 18:00:00,1.893
2014-01-06 18:30:00,1.877
2014-01-06 19:00:00,1.8279999
2014-01-06 19:30:00,1.9630001
2014-01-06 20:00:00,1.853
2014-01-06 20:30:00,1.974
2014-01-06 21:00:00,1.793
2014-01-06 21:30:00,2.609
2014-01-06 22:00:00,3.8
2014-01-06 22:30:00,3.9349999
2014-01-06 23:00:00,3.1730001
2014-01-06 23:30:00,4.1729999
2014-01-07 00:00:00,3.109
2014-01-07 00:30:00,3.263
2014-01-07 01:00:00,2.793
2014-01-07 01:30:00,3.4030001
2014-01-07 02:00:00,2.8889999
2014-01-07 02:30:00,2.5569999
2014-01-07 03:00:00,2.108
2014-01-07 03:30:00,2.4389999
2014-01-07 04:00:00,2.0829999
2014-01-07 04:30:00,2.527
2014-01-07 05:00:00,2.2349999
2014-01-07 05:30:00,2.7320001
2014-01-07 06:00:00,2.122
2014-01-07 06:30:00,2.4909999
2014-01-07 07:00:00,2.03
2014-01-07 07:30:00,2.6029999
2014-01-07 08:00:00,2.043
2014-01-07 08:30:00,2.5250001
2014-01-07 09:00:00,2.2149999
2014-01-07 09:30:00,2.658
2014-01-07 10:00:00,2.2909999
2014-01-07 10:30:00,3.256
2014-01-07 11:00:00,1.7869999
2014-01-07 11:30:00,1.811
2014-01-07 12:00:00,1.63
2014-01-07 12:30:00,2.158
2014-01-07 13:00:00,2.4990001
2014-01-07 13:30:00,1.548
2014-01-07 14:00:00,1.177
2014-01-07 14:30:00,1.082
2014-01-07 15:00:00,0.784
2014-01-07 15:30:00,0.867
2014-01-07 16:00:00,0.983
2014-01-07 16:30:00,1.1900001
2014-01-07 17:00:00,1.1339999
2014-01-07 17:30:00,1.541
2014-01-07 18:00:00,1.527
2014-01-07 18:30:00,1.688
2014-01-07 19:00:00,1.646
2014-01-07 19:30:00,1.207
2014-01-07 20:00:00,1.159
2014-01-07 20:30:00,1.449
2014-01-07 21:00:00,1.848
2014-01-07 21:30:00,1.285
2014-01-07 22:00:00,2.303
2014-01-07 22:30:00,1.27
2014-01-07 23:00:00,0.933
2014-01-07 23:30:00,1.444
2014-01-08 00:00:00,1.402
2014-01-08 00:30:00,1.081
2014-01-08 01:00:00,1.113
2014-01-08 01:30:00,0.88
2014-01-08 02:00:00,1.036
2014-01-08 02:30:00,0.868
2014-01-08 03:00:00,1.052
2014-01-08 03:30:00,0.976
2014-01-08 04:00:00,1.15
2014-01-08 04:30:00,0.953
2014-01-08 05:00:00,1.317
2014-01-08 05:30:00,1.11
2014-01-08 06:00:00,1.081
2014-01-08 06:30:00,1.122
2014-01-08 07:00:00,1.09
2014-01-08 07:30:00,1.249
2014-01-08 08:00:00,1.115
2014-01-08 08:30:00,1.003
2014-01-08 09:00:00,2.108
2014-01-08 09:30:00,1.735
2014-01-08 10:00:00,0.905
2014-01-08 10:30:00,0.936
2014-01-08 11:00:00,0.899
2014-01-08 11:30:00,1.01
2014-01-08 12:00:00,0.911
2014-01-08 12:30:00,0.872
2014-01-08 13:00:00,0.919
2014-01-08 13:30:00,1.036
2014-01-08 14:00:00,1.099
2014-01-08 14:30:00,1.789
2014-01-08 15:00:00,1.48
2014-01-08 15:30:00,1.109
2014-01-08 16:00:00,0.972
2014-01-08 16:30:00,1.2
2014-01-08 17:00:00,1.018
2014-01-08 17:30:00,0.944
2014-01-08 18:00:00,1.419
2014-01-08 18:30:00,1.664
2014-01-08 19:00:00,1.653
2014-01-08 19:30:00,1.973
2014-01-08 20:00:00,1.664
2014-01-08 20:30:00,1.1339999
2014-01-08 21:00:00,0.952
2014-01-08 21:30:00,0.983
2014-01-08 22:00:00,0.901
2014-01-08 22:30:00,0.829
2014-01-08 23:00:00,1.124
2014-01-08 23:30:00,0.818
2014-01-09 00:00:00,0.982
2014-01-09 00:30:00,1.311
2014-01-09 01:00:00,1.064
2014-01-09 01:30:00,0.787
2014-01-09 02:00:00,1.0190001
2014-01-09 02:30:00,1.027
2014-01-09 03:00:00,0.837
2014-01-09 03:30:00,1.031
2014-01-09 04:00:00,0.806
2014-01-09 04:30:00,1.081
2014-01-09 05:00:00,1.1670001
2014-01-09 05:30:00,0.985
2014-01-09 06:00:00,0.906
2014-01-09 06:30:00,1.0549999
2014-01-09 07:00:00,0.931
2014-01-09 07:30:00,0.963
2014-01-09 08:00:00,1.017
2014-01-09 08:30:00,1.092
2014-01-09 09:00:00,0.946
2014-01-09 09:30:00,0.965
2014-01-09 10:00:00,1.5319999
2014-01-09 10:30:00,1.404
2014-01-09 11:00:00,2.549
2014-01-09 11:30:00,1.751
2014-01-09 12:00:00,1.323
2014-01-09 12:30:00,1.2
2014-01-09 13:00:00,2.75
2014-01-09 13:30:00,2.5840001
2014-01-09 14:00:00,1.919
2014-01-09 14:30:00,1.901
2014-01-09 15:00:00,1.289
2014-01-09 15:30:00,1.23
2014-01-09 16:00:00,1.4450001
2014-01-09 16:30:00,1.716
2014-01-09 17:00:00,1.455
2014-01-09 17:30:00,1.449
2014-01-09 18:00:00,1.436
2014-01-09 18:30:00,1.336
2014-01-09 19:00:00,1.494
2014-01-09 19:30:00,1.835
2014-01-09 20:00:00,1.735
2014-01-09 20:30:00,1.592
2014-01-09 21:00:00,1.402
2014-01-09 21:30:00,1.908
2014-01-09 22:00:00,2.237
2014-01-09 22:30:00,2.2750001
2014-01-09 23:00:00,2.0039999
2014-01-09 23:30:00,2.1210001
2014-01-10 00:00:00,2.325
2014-01-10 00:30:00,2.1129999
2014-01-10 01:00:00,2.1459999
2014-01-10 01:30:00,1.642
2014-01-10 02:00:00,1.3890001
2014-01-10 02:30:00,1.502
2014-01-10 03:00:00,1.443
2014-01-10 03:30:00,1.393
2014-01-10 04:00:00,1.493
2014-01-10 04:30:00,1.428
2014-01-10 05:00:00,1.692
2014-01-10 05:30:00,1.529
2014-01-10 06:00:00,1.5779999
2014-01-10 06:30:00,1.628
2014-01-10 07:00:00,1.335
2014-01-10 07:30:00,2.596
2014-01-10 08:00:00,2.4360001
2014-01-10 08:30:00,1.415
2014-01-10 09:00:00,1.539
2014-01-10 09:30:00,1.905
2014-01-10 10:00:00,1.632
2014-01-10 10:30:00,1.751
2014-01-10 11:00:00,1.626
2014-01-10 11:30:00,1.224
2014-01-10 12:00:00,1.46
2014-01-10 12:30:00,1.488
2014-01-10 13:00:00,1.876
2014-01-10 13:30:00,1.605
2014-01-10 14:00:00,2.773
2014-01-10 14:30:00,1.61
2014-01-10 15:00:00,1.768
2014-01-10 15:30:00,1.715
2014-01-10 16:00:00,1.748
2014-01-10 16:30:00,1.899
2014-01-10 17:00:00,2.072
2014-01-10 17:30:00,1.818
2014-01-10 18:00:00,1.9960001
2014-01-10 18:30:00,1.897
2014-01-10 19:00:00,2.1170001
2014-01-10 19:30:00,2.0550001
2014-01-10 20:00:00,2.098
2014-01-10 20:30:00,2.0120001
2014-01-10 21:00:00,2.115
2014-01-10 21:30:00,1.914
2014-01-10 22:00:00,2.0929999
2014-01-10 22:30:00,1.9220001
2014-01-10 23:00:00,2.135
2014-01-10 23:30:00,2.24
2014-01-11 00:00:00,1.99
2014-01-11 00:30:00,1.9529999
2014-01-11 01:00:00,2.0910001
2014-01-11 01:30:00,1.645
2014-01-11 02:00:00,1.2869999
2014-01-11 02:30:00,1.436
2014-01-11 03:00:00,1.624
2014-01-11 03:30:00,1.3279999
2014-01-11 04:00:00,1.363
2014-01-11 04:30:00,1.386
2014-01-11 05:00:00,1.564
2014-01-11 05:30:00,1.469
2014-01-11 06:00:00,1.482
2014-01-11 06:30:00,1.314
2014-01-11 07:00:00,1.354
2014-01-11 07:30:00,1.625
2014-01-11 08:00:00,1.9630001
2014-01-11 08:30:00,1.36
2014-01-11 09:00:00,2.3369999
2014-01-11 09:30:00,1.9910001
2014-01-11 10:00:00,2.4349999
2014-01-11 10:30:00,3.3369999
2014-01-11 11:00:00,3.6429999
2014-01-11 11:30:00,3.105
2014-01-11 12:00:00,2.0880001
2014-01-11 12:30:00,3.0480001
2014-01-11 13:00:00,2.55
2014-01-11 13:30:00,1.057
2014-01-11 14:00:00,1.079
2014-01-11 14:30:00,1.012
2014-01-11 15:00:00,1.007
2014-01-11 15:30:00,1.053
2014-01-11 16:00:00,1.1849999
2014-01-11 16:30:00,1.161
2014-01-11 17:00:00,1.607
2014-01-11 17:30:00,1.788
2014-01-11 18:00:00,1.73
2014-01-11 18:30:00,1.897
2014-01-11 19:00:00,1.867
2014-01-11 19:30:00,1.831
2014-01-11 20:00:00,2.0880001
2014-01-11 20:30:00,2.5369999
2014-01-11 21:00:00,2.3670001
2014-01-11 21:30:00,2.234
2014-01-11 22:00:00,1.993
2014-01-11 22:30:00,1.5599999
2014-01-11 23:00:00,1.408
2014-01-11 23:30:00,1.452
2014-01-12 00:00:00,1.6059999
2014-01-12 00:30:00,1.546
2014-01-12 01:00:00,1.1569999
2014-01-12 01:30:00,1.309
2014-01-12 02:00:00,0.955
2014-01-12 02:30:00,1.0829999
2014-01-12 03:00:00,0.992
2014-01-12 03:30:00,1.097
2014-01-12 04:00:00,1.003
2014-01-12 04:30:00,1.022
2014-01-12 05:00:00,1.146
2014-01-12 05:30:00,1.196
2014-01-12 06:00:00,1.1059999
2014-01-12 06:30:00,1.3380001
2014-01-12 07:00:00,1.062
2014-01-12 07:30:00,1.488
2014-01-12 08:00:00,1.8200001
2014-01-12 08:30:00,1.802
2014-01-12 09:00:00,1.63
2014-01-12 09:30:00,1.447
2014-01-12 10:00:00,1.4170001
2014-01-12 10:30:00,1.628
2014-01-12 11:00:00,1.189
2014-01-12 11:30:00,1.91
2014-01-12 12:00:00,2.03
2014-01-12 12:30:00,1.523
2014-01-12 13:00:00,1.177
2014-01-12 13:30:00,2.9460001
2014-01-12 14:00:00,1.97
2014-01-12 14:30:00,1.658
2014-01-12 15:00:00,1.521
2014-01-12 15:30:00,1.696
2014-01-12 16:00:00,1.334
2014-01-12 16:30:00,1.538
2014-01-12 17:00:00,1.492
2014-01-12 17:30:00,1.474
2014-01-12 18:00:00,1.461
2014-01-12 18:30:00,1.444
2014-01-12 19:00:00,1.349
2014-01-12 19:30:00,1.3710001
2014-01-12 20:00:00,1.829
2014-01-12 20:30:00,2.934
2014-01-12 21:00:00,2.3970001
2014-01-12 21:30:00,1.688
2014-01-12 22:00:00,1.535
2014-01-12 22:30:00,1.5650001
2014-01-12 23:00:00,1.544
2014-01-12 23:30:00,1.479
2014-01-13 00:00:00,1.6
2014-01-13 00:30:00,1.567
2014-01-13 01:00:00,1.2819999
2014-01-13 01:30:00,1.455
2014-01-13 02:00:00,1.374
2014-01-13 02:30:00,1.1289999
2014-01-13 03:00:00,0.92
2014-01-13 03:30:00,1.1160001
2014-01-13 04:00:00,1.141
2014-01-13 04:30:00,1.075
2014-01-13 05:00:00,1.277
2014-01-13 05:30:00,1.295
2014-01-13 06:00:00,0.97
2014-01-13 06:30:00,1.263
2014-01-13 07:00:00,0.905
2014-01-13 07:30:00,1.0650001
2014-01-13 08:00:00,1.0420001
2014-01-13 08:30:00,1.271
2014-01-13 09:00:00,1.022
2014-01-13 09:30:00,1.1160001
2014-01-13 10:00:00,1.76
2014-01-13 10:30:00,1.763
2014-01-13 11:00:00,1.1160001
2014-01-13 11:30:00,1.53
2014-01-13 12:00:00,1.0700001
2014-01-13 12:30:00,2.6849999
2014-01-13 13:00:00,3.5769999
2014-01-13 13:30:00,2.8789999
2014-01-13 14:00:00,1.799
2014-01-13 14:30:00,1.296
2014-01-13 15:00:00,1.483
2014-01-13 15:30:00,1.2920001
2014-01-13 16:00:00,1.4069999
2014-01-13 16:30:00,1.707
2014-01-13 17:00:00,1.39
2014-01-13 17:30:00,1.587
2014-01-13 18:00:00,1.603
2014-01-13 18:30:00,1.561
2014-01-13 19:00:00,1.466
2014-01-13 19:30:00,1.773
2014-01-13 20:00:00,1.985
2014-01-13 20:30:00,2.4170001
2014-01-13 21:00:00,2.2119999
2014-01-13 21:30:00,2.448
2014-01-13 22:00:00,1.671
2014-01-13 22:30:00,1.9809999
2014-01-13 23:00:00,1.6390001
2014-01-13 23:30:00,1.8200001
2014-01-14 00:00:00,1.369
2014-01-14 00:30:00,1.552
2014-01-14 01:00:00,1.2359999
2014-01-14 01:30:00,1.52
2014-01-14 02:00:00,1.081
2014-01-14 02:30:00,1.067
2014-01-14 03:00:00,1.351
2014-01-14 03:30:00,1.61
2014-01-14 04:00:00,1.295
2014-01-14 04:30:00,1.471
2014-01-14 05:00:00,1.821
2014-01-14 05:30:00,1.4299999
2014-01-14 06:00:00,1.476
2014-01-14 06:30:00,1.549
2014-01-14 07:00:00,1.548
2014-01-14 07:30:00,1.682
2014-01-14 08:00:00,1.643
2014-01-14 08:30:00,1.681
2014-01-14 09:00:00,1.447
2014-01-14 09:30:00,1.766
2014-01-14 10:00:00,1.4809999
2014-01-14 10:30:00,1.539
2014-01-14 11:00:00,1.249
2014-01-14 11:30:00,1.1109999
2014-01-14 12:00:00,1.261
2014-01-14 12:30:00,1.855
2014-01-14 13:00:00,1.461
2014-01-14 13:30:00,0.923
2014-01-14 14:00:00,1.1720001
2014-01-14 14:30:00,1.263
2014-01-14 15:00:00,0.884
2014-01-14 15:30:00,1.017
2014-01-14 16:00:00,1.2819999
2014-01-14 16:30:00,1.2869999
2014-01-14 17:00:00,1.462
2014-01-14 17:30:00,2.076
2014-01-14 18:00:00,1.998
2014-01-14 18:30:00,2.177
2014-01-14 19:00:00,1.975
2014-01-14 19:30:00,2.027
2014-01-14 20:00:00,2.5420001
2014-01-14 20:30:00,1.954
2014-01-14 21:00:00,1.972
2014-01-14 21:30:00,1.902
2014-01-14 22:00:00,1.603
2014-01-14 22:30:00,1.757
2014-01-14 23:00:00,1.448
2014-01-14 23:30:00,1.893
2014-01-15 00:00:00,1.749
2014-01-15 00:30:00,2.9960001
2014-01-15 01:00:00,1.3940001
2014-01-15 01:30:00,1.447
2014-01-15 02:00:00,1.181
2014-01-15 02:30:00,1.2589999
2014-01-15 03:00:00,1.04
2014-01-15 03:30:00,1.22
2014-01-15 04:00:00,1.186
2014-01-15 04:30:00,1.261
2014-01-15 05:00:00,0.966
2014-01-15 05:30:00,1.075
2014-01-15 06:00:00,1.2029999
2014-01-15 06:30:00,1.249
2014-01-15 07:00:00,0.944
2014-01-15 07:30:00,1.439
2014-01-15 08:00:00,1.321
2014-01-15 08:30:00,1.3200001
2014-01-15 09:00:00,1.273
2014-01-15 09:30:00,1.508
2014-01-15 10:00:00,1.223
2014-01-15 10:30:00,1.364
2014-01-15 11:00:00,2.174
2014-01-15 11:30:00,2.549
2014-01-15 12:00:00,2.938
2014-01-15 12:30:00,1.9299999
2014-01-15 13:00:00,1.2690001
2014-01-15 13:30:00,1.2
2014-01-15 14:00:00,0.842
2014-01-15 14:30:00,1.6160001
2014-01-15 15:00:00,0.966
2014-01-15 15:30:00,1.2029999
2014-01-15 16:00:00,0.948
2014-01-15 16:30:00,0.979
2014-01-15 17:00:00,1.107
2014-01-15 17:30:00,1.4299999
2014-01-15 18:00:00,1.381
2014-01-15 18:30:00,1.273
2014-01-15 19:00:00,1.243
2014-01-15 19:30:00,1.585
2014-01-15 20:00:00,1.567
2014-01-15 20:30:00,1.683
2014-01-15 21:00:00,1.836
2014-01-15 21:30:00,1.49
2014-01-15 22:00:00,1.189
2014-01-15 22:30:00,1.288
2014-01-15 23:00:00,1.181
2014-01-15 23:30:00,1.1440001
2014-01-16 00:00:00,0.909
2014-01-16 00:30:00,0.946
2014-01-16 01:00:00,0.977
2014-01-16 01:30:00,0.973
2014-01-16 02:00:00,0.88
2014-01-16 02:30:00,0.921
2014-01-16 03:00:00,0.896
2014-01-16 03:30:00,1.114
2014-01-16 04:00:00,0.846
2014-01-16 04:30:00,1.011
2014-01-16 05:00:00,1.003
2014-01-16 05:30:00,1.277
2014-01-16 06:00:00,0.978
2014-01-16 06:30:00,1.006
2014-01-16 07:00:00,1.003
2014-01-16 07:30:00,1.002
2014-01-16 08:00:00,1.016
2014-01-16 08:30:00,0.999
2014-01-16 09:00:00,1.028
2014-01-16 09:30:00,1.622
2014-01-16 10:00:00,1.197
2014-01-16 10:30:00,1.383
2014-01-16 11:00:00,1.918
2014-01-16 11:30:00,1.001
2014-01-16 12:00:00,0.806
2014-01-16 12:30:00,1.522
2014-01-16 13:00:00,1.149
2014-01-16 13:30:00,1.168
2014-01-16 14:00:00,1.346
2014-01-16 14:30:00,0.795
2014-01-16 15:00:00,0.704
2014-01-16 15:30:00,0.893
2014-01-16 16:00:00,0.788
2014-01-16 16:30:00,1.327
2014-01-16 17:00:00,1.097
2014-01-16 17:30:00,1.092
2014-01-16 18:00:00,1.0190001
2014-01-16 18:30:00,1.071
2014-01-16 19:00:00,1.436
2014-01-16 19:30:00,1.104
2014-01-16 20:00:00,0.847
2014-01-16 20:30:00,1.1900001
2014-01-16 21:00:00,0.991
2014-01-16 21:30:00,1.398
2014-01-16 22:00:00,1.6059999
2014-01-16 22:30:00,1.755
2014-01-16 23:00:00,1.324
2014-01-16 23:30:00,1.771
2014-01-17 00:00:00,1.529
2014-01-17 00:30:00,1.226
2014-01-17 01:00:00,1.311
2014-01-17 01:30:00,1.273
2014-01-17 02:00:00,1.187
2014-01-17 02:30:00,1.2
2014-01-17 03:00:00,1.385
2014-01-17 03:30:00,1.225
2014-01-17 04:00:00,1.126
2014-01-17 04:30:00,1.27
2014-01-17 05:00:00,1.4400001
2014-01-17 05:30:00,1.339
2014-01-17 06:00:00,1.326
2014-01-17 06:30:00,1.528
2014-01-17 07:00:00,1.3049999
2014-01-17 07:30:00,1.382
2014-01-17 08:00:00,1.266
2014-01-17 08:30:00,1.349
2014-01-17 09:00:00,1.186
2014-01-17 09:30:00,1.677
2014-01-17 10:00:00,2.2639999
2014-01-17 10:30:00,1.791
2014-01-17 11:00:00,1.573
2014-01-17 11:30:00,1.622
2014-01-17 12:00:00,1.201
2014-01-17 12:30:00,1.212
2014-01-17 13:00:00,1.193
2014-01-17 13:30:00,1.171
2014-01-17 14:00:00,1.451
2014-01-17 14:30:00,1.1900001
2014-01-17 15:00:00,1.39
2014-01-17 15:30:00,1.214
2014-01-17 16:00:00,1.775
2014-01-17 16:30:00,1.359
2014-01-17 17:00:00,1.374
2014-01-17 17:30:00,1.7690001
2014-01-17 18:00:00,1.745
2014-01-17 18:30:00,1.355
2014-01-17 19:00:00,2.4519999
2014-01-17 19:30:00,1.756
2014-01-17 20:00:00,1.8660001
2014-01-17 20:30:00,1.6
2014-01-17 21:00:00,1.332
2014-01-17 21:30:00,1.325
2014-01-17 22:00:00,1.2970001
2014-01-17 22:30:00,1.239
2014-01-17 23:00:00,1.346
2014-01-17 23:30:00,1.34
2014-01-18 00:00:00,1.119
2014-01-18 00:30:00,0.652
2014-01-18 01:00:00,0.731
2014-01-18 01:30:00,0.937
2014-01-18 02:00:00,0.679
2014-01-18 02:30:00,0.823
2014-01-18 03:00:00,0.834
2014-01-18 03:30:00,0.922
2014-01-18 04:00:00,0.768
2014-01-18 04:30:00,0.919
2014-01-18 05:00:00,0.933
2014-01-18 05:30:00,0.999
2014-01-18 06:00:00,1.039
2014-01-18 06:30:00,0.846
2014-01-18 07:00:00,0.913
2014-01-18 07:30:00,0.94
2014-01-18 08:00:00,1.8329999
2014-01-18 08:30:00,1.398
2014-01-18 09:00:00,2.3080001
2014-01-18 09:30:00,2.822
2014-01-18 10:00:00,2.3399999
2014-01-18 10:30:00,2.9660001
2014-01-18 11:00:00,2.237
2014-01-18 11:30:00,1.454
2014-01-18 12:00:00,2.0510001
2014-01-18 12:30:00,2.7639999
2014-01-18 13:00:00,1.321
2014-01-18 13:30:00,2.0669999
2014-01-18 14:00:00,2.809
2014-01-18 14:30:00,1.4809999
2014-01-18 15:00:00,1.351
2014-01-18 15:30:00,2.1489999
2014-01-18 16:00:00,3.2620001
2014-01-18 16:30:00,3.0179999
2014-01-18 17:00:00,1.78
2014-01-18 17:30:00,1.563
2014-01-18 18:00:00,1.22
2014-01-18 18:30:00,1.888
2014-01-18 19:00:00,1.444
2014-01-18 19:30:00,1.217
2014-01-18 20:00:00,1.186
2014-01-18 20:30:00,1.447
2014-01-18 21:00:00,1.809
2014-01-18 21:30:00,2.8929999
2014-01-18 22:00:00,1.586
2014-01-18 22:30:00,1.1339999
2014-01-18 23:00:00,1.15
2014-01-18 23:30:00,1.303
2014-01-19 00:00:00,1.402
2014-01-19 00:30:00,0.91
2014-01-19 01:00:00,0.907
2014-01-19 01:30:00,1.102
2014-01-19 02:00:00,0.822
2014-01-19 02:30:00,1.001
2014-01-19 03:00:00,0.856
2014-01-19 03:30:00,0.915
2014-01-19 04:00:00,0.977
2014-01-19 04:30:00,0.96
2014-01-19 05:00:00,0.899
2014-01-19 05:30:00,1.142
2014-01-19 06:00:00,1.214
2014-01-19 06:30:00,1.0779999
2014-01-19 07:00:00,0.914
2014-01-19 07:30:00,1.365
2014-01-19 08:00:00,1.336
2014-01-19 08:30:00,2.0
2014-01-19 09:00:00,1.388
2014-01-19 09:30:00,2.152
2014-01-19 10:00:00,1.222
2014-01-19 10:30:00,0.98
2014-01-19 11:00:00,0.955
2014-01-19 11:30:00,0.847
2014-01-19 12:00:00,0.944
2014-01-19 12:30:00,0.883
2014-01-19 13:00:00,0.89
2014-01-19 13:30:00,0.805
2014-01-19 14:00:00,0.809
2014-01-19 14:30:00,0.499
2014-01-19 15:00:00,0.81
2014-01-19 15:30:00,0.685
2014-01-19 16:00:00,0.75
2014-01-19 16:30:00,0.891
2014-01-19 17:00:00,0.869
2014-01-19 17:30:00,0.877
2014-01-19 18:00:00,0.771
2014-01-19 18:30:00,1.072
2014-01-19 19:00:00,0.896
2014-01-19 19:30:00,0.887
2014-01-19 20:00:00,1.398
2014-01-19 20:30:00,1.594
2014-01-19 21:00:00,1.026
2014-01-19 21:30:00,1.132
2014-01-19 22:00:00,0.963
2014-01-19 22:30:00,1.104
2014-01-19 23:00:00,0.894
2014-01-19 23:30:00,1.0779999
2014-01-20 00:00:00,1.0190001
2014-01-20 00:30:00,1.017
2014-01-20 01:00:00,0.941
2014-01-20 01:30:00,1.2079999
2014-01-20 02:00:00,0.88
2014-01-20 02:30:00,1.135
2014-01-20 03:00:00,1.1289999
2014-01-20 03:30:00,1.0829999
2014-01-20 04:00:00,0.976
2014-01-20 04:30:00,1.28
2014-01-20 05:00:00,0.963
2014-01-20 05:30:00,1.2920001
2014-01-20 06:00:00,0.987
2014-01-20 06:30:00,1.228
2014-01-20 07:00:00,0.945
2014-01-20 07:30:00,1.1799999
2014-01-20 08:00:00,1.1720001
2014-01-20 08:30:00,1.1569999
2014-01-20 09:00:00,1.015
2014-01-20 09:30:00,1.434
2014-01-20 10:00:00,0.99
2014-01-20 10:30:00,1.243
2014-01-20 11:00:00,1.324
2014-01-20 11:30:00,1.146
2014-01-20 12:00:00,1.2359999
2014-01-20 12:30:00,2.431
2014-01-20 13:00:00,1.773
2014-01-20 13:30:00,1.58
2014-01-20 14:00:00,1.068
2014-01-20 14:30:00,0.951
2014-01-20 15:00:00,1.02
2014-01-20 15:30:00,0.849
2014-01-20 16:00:00,0.927
2014-01-20 16:30:00,1.082
2014-01-20 17:00:00,0.808
2014-01-20 17:30:00,1.034
2014-01-20 18:00:00,1.109
2014-01-20 18:30:00,1.041
2014-01-20 19:00:00,0.938
2014-01-20 19:30:00,1.7589999
2014-01-20 20:00:00,1.457
2014-01-20 20:30:00,3.089
2014-01-20 21:00:00,1.647
2014-01-20 21:30:00,1.279
2014-01-20 22:00:00,1.074
2014-01-20 22:30:00,1.1569999
2014-01-20 23:00:00,1.166
2014-01-20 23:30:00,1.1569999
2014-01-21 00:00:00,1.099
2014-01-21 00:30:00,1.1799999
2014-01-21 01:00:00,1.091
2014-01-21 01:30:00,1.1210001
2014-01-21 02:00:00,0.992
2014-01-21 02:30:00,1.365
2014-01-21 03:00:00,0.957
2014-01-21 03:30:00,1.234
2014-01-21 04:00:00,1.202
2014-01-21 04:30:00,1.2180001
2014-01-21 05:00:00,1.057
2014-01-21 05:30:00,1.466
2014-01-21 06:00:00,1.1440001
2014-01-21 06:30:00,1.156
2014-01-21 07:00:00,1.0140001
2014-01-21 07:30:00,1.753
2014-01-21 08:00:00,1.188
2014-01-21 08:30:00,1.34
2014-01-21 09:00:00,1.128
2014-01-21 09:30:00,1.209
2014-01-21 10:00:00,0.918
2014-01-21 10:30:00,1.321
2014-01-21 11:00:00,1.034
2014-01-21 11:30:00,1.181
2014-01-21 12:00:00,1.015
2014-01-21 12:30:00,1.082
2014-01-21 13:00:00,1.087
2014-01-21 13:30:00,1.0880001
2014-01-21 14:00:00,1.084
2014-01-21 14:30:00,1.169
2014-01-21 15:00:00,0.846
2014-01-21 15:30:00,1.262
2014-01-21 16:00:00,0.896
2014-01-21 16:30:00,0.99
2014-01-21 17:00:00,1.035
2014-01-21 17:30:00,1.176
2014-01-21 18:00:00,0.996
2014-01-21 18:30:00,1.214
2014-01-21 19:00:00,1.224
2014-01-21 19:30:00,1.983
2014-01-21 20:00:00,1.232
2014-01-21 20:30:00,1.8049999
2014-01-21 21:00:00,1.794
2014-01-21 21:30:00,1.351
2014-01-21 22:00:00,1.145
2014-01-21 22:30:00,1.225
2014-01-21 23:00:00,1.141
2014-01-21 23:30:00,1.135
2014-01-22 00:00:00,1.1109999
2014-01-22 00:30:00,1.214
2014-01-22 01:00:00,0.919
2014-01-22 01:30:00,1.332
2014-01-22 02:00:00,1.026
2014-01-22 02:30:00,1.198
2014-01-22 03:00:00,1.0880001
2014-01-22 03:30:00,1.28
2014-01-22 04:00:00,0.954
2014-01-22 04:30:00,1.2460001
2014-01-22 05:00:00,1.01
2014-01-22 05:30:00,1.247
2014-01-22 06:00:00,1.049
2014-01-22 06:30:00,1.242
2014-01-22 07:00:00,1.053
2014-01-22 07:30:00,1.336
2014-01-22 08:00:00,0.998
2014-01-22 08:30:00,2.0550001
2014-01-22 09:00:00,1.358
2014-01-22 09:30:00,2.8540001
2014-01-22 10:00:00,1.434
2014-01-22 10:30:00,1.281
2014-01-22 11:00:00,1.548
2014-01-22 11:30:00,1.221
2014-01-22 12:00:00,1.081
2014-01-22 12:30:00,1.243
2014-01-22 13:00:00,0.855
2014-01-22 13:30:00,1.258
2014-01-22 14:00:00,1.021
2014-01-22 14:30:00,0.799
2014-01-22 15:00:00,0.96
2014-01-22 15:30:00,0.987
2014-01-22 16:00:00,1.068
2014-01-22 16:30:00,1.023
2014-01-22 17:00:00,1.454
2014-01-22 17:30:00,1.224
2014-01-22 18:00:00,0.903
2014-01-22 18:30:00,1.217
2014-01-22 19:00:00,1.466
2014-01-22 19:30:00,1.857
2014-01-22 20:00:00,1.173
2014-01-22 20:30:00,1.165
2014-01-22 21:00:00,1.062
2014-01-22 21:30:00,1.118
2014-01-22 22:00:00,1.131
2014-01-22 22:30:00,1.1339999
2014-01-22 23:00:00,1.1160001
2014-01-22 23:30:00,1.24
2014-01-23 00:00:00,0.978
2014-01-23 00:30:00,1.089
2014-01-23 01:00:00,1.0779999
2014-01-23 01:30:00,1.149
2014-01-23 02:00:00,0.896
2014-01-23 02:30:00,1.272
2014-01-23 03:00:00,0.953
2014-01-23 03:30:00,1.142
2014-01-23 04:00:00,1.036
2014-01-23 04:30:00,1.223
2014-01-23 05:00:00,1.171
2014-01-23 05:30:00,1.294
2014-01-23 06:00:00,1.141
2014-01-23 06:30:00,1.179
2014-01-23 07:00:00,1.23
2014-01-23 07:30:00,1.148
2014-01-23 08:00:00,1.148
2014-01-23 08:30:00,1.245
2014-01-23 09:00:00,1.14
2014-01-23 09:30:00,1.248
2014-01-23 10:00:00,0.984
2014-01-23 10:30:00,1.3279999
2014-01-23 11:00:00,0.896
2014-01-23 11:30:00,1.205
2014-01-23 12:00:00,1.182
2014-01-23 12:30:00,1.14
2014-01-23 13:00:00,0.927
2014-01-23 13:30:00,1.391
2014-01-23 14:00:00,0.889
2014-01-23 14:30:00,0.765
2014-01-23 15:00:00,0.823
2014-01-23 15:30:00,1.091
2014-01-23 16:00:00,0.814
2014-01-23 16:30:00,1.0
2014-01-23 17:00:00,0.929
2014-01-23 17:30:00,1.188
2014-01-23 18:00:00,1.51
2014-01-23 18:30:00,1.972
2014-01-23 19:00:00,1.719
2014-01-23 19:30:00,1.74
2014-01-23 20:00:00,1.451
2014-01-23 20:30:00,2.552
2014-01-23 21:00:00,1.3099999
2014-01-23 21:30:00,1.2869999
2014-01-23 22:00:00,0.983
2014-01-23 22:30:00,1.335
2014-01-23 23:00:00,0.951
2014-01-23 23:30:00,1.307
2014-01-24 00:00:00,0.985
2014-01-24 00:30:00,1.271
2014-01-24 01:00:00,1.089
2014-01-24 01:30:00,1.2640001
2014-01-24 02:00:00,1.028
2014-01-24 02:30:00,1.398
2014-01-24 03:00:00,0.922
2014-01-24 03:30:00,1.4
2014-01-24 04:00:00,1.015
2014-01-24 04:30:00,1.196
2014-01-24 05:00:00,1.415
2014-01-24 05:30:00,1.4220001
2014-01-24 06:00:00,1.15
2014-01-24 06:30:00,1.372
2014-01-24 07:00:00,1.066
2014-01-24 07:30:00,1.5470001
2014-01-24 08:00:00,1.194
2014-01-24 08:30:00,1.206
2014-01-24 09:00:00,1.1390001
2014-01-24 09:30:00,1.23
2014-01-24 10:00:00,1.107
2014-01-24 10:30:00,1.158
2014-01-24 11:00:00,1.002
2014-01-24 11:30:00,1.322
2014-01-24 12:00:00,0.911
2014-01-24 12:30:00,1.1390001
2014-01-24 13:00:00,1.1569999
2014-01-24 13:30:00,1.109
2014-01-24 14:00:00,1.0599999
2014-01-24 14:30:00,1.0599999
2014-01-24 15:00:00,0.942
2014-01-24 15:30:00,1.2819999
2014-01-24 16:00:00,1.3430001
2014-01-24 16:30:00,1.286
2014-01-24 17:00:00,1.107
2014-01-24 17:30:00,1.174
2014-01-24 18:00:00,2.197
2014-01-24 18:30:00,2.3929999
2014-01-24 19:00:00,1.318
2014-01-24 19:30:00,1.855
2014-01-24 20:00:00,2.4100001
2014-01-24 20:30:00,1.388
2014-01-24 21:00:00,2.0179999
2014-01-24 21:30:00,1.577
2014-01-24 22:00:00,2.323
2014-01-24 22:30:00,1.306
2014-01-24 23:00:00,1.073
2014-01-24 23:30:00,1.33
2014-01-25 00:00:00,0.924
2014-01-25 00:30:00,1.294
2014-01-25 01:00:00,1.017
2014-01-25 01:30:00,1.113
2014-01-25 02:00:00,1.086
2014-01-25 02:30:00,1.227
2014-01-25 03:00:00,0.929
2014-01-25 03:30:00,1.248
2014-01-25 04:00:00,1.006
2014-01-25 04:30:00,1.166
2014-01-25 05:00:00,1.044
2014-01-25 05:30:00,1.147
2014-01-25 06:00:00,1.04
2014-01-25 06:30:00,1.2180001
2014-01-25 07:00:00,0.977
2014-01-25 07:30:00,1.216
2014-01-25 08:00:00,1.007
2014-01-25 08:30:00,1.437
2014-01-25 09:00:00,1.1390001
2014-01-25 09:30:00,1.183
2014-01-25 10:00:00,0.957
2014-01-25 10:30:00,1.952
2014-01-25 11:00:00,1.534
2014-01-25 11:30:00,2.348
2014-01-25 12:00:00,2.7750001
2014-01-25 12:30:00,1.8839999
2014-01-25 13:00:00,2.3710001
2014-01-25 13:30:00,1.352
2014-01-25 14:00:00,0.96
2014-01-25 14:30:00,0.933
2014-01-25 15:00:00,0.692
2014-01-25 15:30:00,0.933
2014-01-25 16:00:00,0.843
2014-01-25 16:30:00,1.015
2014-01-25 17:00:00,0.804
2014-01-25 17:30:00,1.096
2014-01-25 18:00:00,0.817
2014-01-25 18:30:00,1.063
2014-01-25 19:00:00,0.858
2014-01-25 19:30:00,1.082
2014-01-25 20:00:00,0.872
2014-01-25 20:30:00,1.067
2014-01-25 21:00:00,1.089
2014-01-25 21:30:00,1.081
2014-01-25 22:00:00,0.856
2014-01-25 22:30:00,1.211
2014-01-25 23:00:00,1.171
2014-01-25 23:30:00,1.255
2014-01-26 00:00:00,1.036
2014-01-26 00:30:00,1.119
2014-01-26 01:00:00,1.0369999
2014-01-26 01:30:00,1.0470001
2014-01-26 02:00:00,1.048
2014-01-26 02:30:00,1.123
2014-01-26 03:00:00,0.939
2014-01-26 03:30:00,1.2410001
2014-01-26 04:00:00,0.969
2014-01-26 04:30:00,1.1339999
2014-01-26 05:00:00,1.0140001
2014-01-26 05:30:00,1.081
2014-01-26 06:00:00,1.211
2014-01-26 06:30:00,1.313
2014-01-26 07:00:00,0.995
2014-01-26 07:30:00,1.336
2014-01-26 08:00:00,1.153
2014-01-26 08:30:00,1.3150001
2014-01-26 09:00:00,1.095
2014-01-26 09:30:00,1.397
2014-01-26 10:00:00,1.2029999
2014-01-26 10:30:00,1.289
2014-01-26 11:00:00,1.147
2014-01-26 11:30:00,1.391
2014-01-26 12:00:00,1.1900001
2014-01-26 12:30:00,1.312
2014-01-26 13:00:00,1.158
2014-01-26 13:30:00,1.311
2014-01-26 14:00:00,1.056
2014-01-26 14:30:00,1.278
2014-01-26 15:00:00,1.155
2014-01-26 15:30:00,1.285
2014-01-26 16:00:00,1.125
2014-01-26 16:30:00,1.27
2014-01-26 17:00:00,1.087
2014-01-26 17:30:00,1.196
2014-01-26 18:00:00,1.117
2014-01-26 18:30:00,1.345
2014-01-26 19:00:00,1.1289999
2014-01-26 19:30:00,1.312
2014-01-26 20:00:00,1.171
2014-01-26 20:30:00,1.326
2014-01-26 21:00:00,1.027
2014-01-26 21:30:00,1.405
2014-01-26 22:00:00,1.138
2014-01-26 22:30:00,1.168
2014-01-26 23:00:00,1.0140001
2014-01-26 23:30:00,1.323
2014-01-27 00:00:00,0.916
2014-01-27 00:30:00,1.1390001
2014-01-27 01:00:00,1.072
2014-01-27 01:30:00,1.2
2014-01-27 02:00:00,0.872
2014-01-27 02:30:00,1.3660001
2014-01-27 03:00:00,1.024
2014-01-27 03:30:00,1.244
2014-01-27 04:00:00,1.048
2014-01-27 04:30:00,1.229
2014-01-27 05:00:00,1.2640001
2014-01-27 05:30:00,1.261
2014-01-27 06:00:00,1.0
2014-01-27 06:30:00,1.341
2014-01-27 07:00:00,1.024
2014-01-27 07:30:00,1.239
2014-01-27 08:00:00,1.174
2014-01-27 08:30:00,1.256
2014-01-27 09:00:00,1.071
2014-01-27 09:30:00,1.387
2014-01-27 10:00:00,1.363
2014-01-27 10:30:00,1.351
2014-01-27 11:00:00,1.005
2014-01-27 11:30:00,1.123
2014-01-27 12:00:00,0.99
2014-01-27 12:30:00,1.365
2014-01-27 13:00:00,1.029
2014-01-27 13:30:00,1.768
2014-01-27 14:00:00,0.979
2014-01-27 14:30:00,0.982
2014-01-27 15:00:00,1.027
2014-01-27 15:30:00,1.119
2014-01-27 16:00:00,1.01
2014-01-27 16:30:00,1.107
2014-01-27 17:00:00,1.075
2014-01-27 17:30:00,1.154
2014-01-27 18:00:00,0.912
2014-01-27 18:30:00,1.301
2014-01-27 19:00:00,1.0319999
2014-01-27 19:30:00,1.899
2014-01-27 20:00:00,1.91
2014-01-27 20:30:00,2.2720001
2014-01-27 21:00:00,1.079
2014-01-27 21:30:00,1.299
2014-01-27 22:00:00,1.117
2014-01-27 22:30:00,1.28
2014-01-27 23:00:00,1.0599999
2014-01-27 23:30:00,1.242
2014-01-28 00:00:00,0.993
2014-01-28 00:30:00,1.281
2014-01-28 01:00:00,0.899
2014-01-28 01:30:00,1.317
2014-01-28 02:00:00,0.953
2014-01-28 02:30:00,1.222
2014-01-28 03:00:00,0.948
2014-01-28 03:30:00,1.242
2014-01-28 04:00:00,1.1
2014-01-28 04:30:00,1.1160001
2014-01-28 05:00:00,1.299
2014-01-28 05:30:00,1.344
2014-01-28 06:00:00,1.01
2014-01-28 06:30:00,1.939
2014-01-28 07:00:00,1.9299999
2014-01-28 07:30:00,1.3789999
2014-01-28 08:00:00,1.229
2014-01-28 08:30:00,1.237
2014-01-28 09:00:00,1.086
2014-01-28 09:30:00,1.21
2014-01-28 10:00:00,0.897
2014-01-28 10:30:00,1.272
2014-01-28 11:00:00,0.968
2014-01-28 11:30:00,1.132
2014-01-28 12:00:00,0.862
2014-01-28 12:30:00,0.998
2014-01-28 13:00:00,0.938
2014-01-28 13:30:00,1.064
2014-01-28 14:00:00,0.912
2014-01-28 14:30:00,0.822
2014-01-28 15:00:00,0.952
2014-01-28 15:30:00,0.939
2014-01-28 16:00:00,0.855
2014-01-28 16:30:00,1.036
2014-01-28 17:00:00,0.874
2014-01-28 17:30:00,1.181
2014-01-28 18:00:00,1.421
2014-01-28 18:30:00,1.443
2014-01-28 19:00:00,1.152
2014-01-28 19:30:00,1.474
2014-01-28 20:00:00,0.996
2014-01-28 20:30:00,1.109
2014-01-28 21:00:00,1.377
2014-01-28 21:30:00,1.114
2014-01-28 22:00:00,1.076
2014-01-28 22:30:00,1.14
2014-01-28 23:00:00,1.092
2014-01-28 23:30:00,1.09
2014-01-29 00:00:00,1.058
2014-01-29 00:30:00,1.114
2014-01-29 01:00:00,1.063
2014-01-29 01:30:00,1.024
2014-01-29 02:00:00,1.0549999
2014-01-29 02:30:00,1.131
2014-01-29 03:00:00,0.899
2014-01-29 03:30:00,1.206
2014-01-29 04:00:00,0.98
2014-01-29 04:30:00,1.307
2014-01-29 05:00:00,0.911
2014-01-29 05:30:00,1.0880001
2014-01-29 06:00:00,1.094
2014-01-29 06:30:00,1.138
2014-01-29 07:00:00,1.086
2014-01-29 07:30:00,1.772
2014-01-29 08:00:00,1.233
2014-01-29 08:30:00,1.892
2014-01-29 09:00:00,1.224
2014-01-29 09:30:00,1.75
2014-01-29 10:00:00,1.263
2014-01-29 10:30:00,1.455
2014-01-29 11:00:00,1.827
2014-01-29 11:30:00,2.2509999
2014-01-29 12:00:00,1.7970001
2014-01-29 12:30:00,1.421
2014-01-29 13:00:00,1.101
2014-01-29 13:30:00,1.387
2014-01-29 14:00:00,0.92
2014-01-29 14:30:00,1.291
2014-01-29 15:00:00,1.066
2014-01-29 15:30:00,1.402
2014-01-29 16:00:00,1.452
2014-01-29 16:30:00,1.307
2014-01-29 17:00:00,0.933
2014-01-29 17:30:00,1.669
2014-01-29 18:00:00,1.827
2014-01-29 18:30:00,2.151
2014-01-29 19:00:00,2.2539999
2014-01-29 19:30:00,1.653
2014-01-29 20:00:00,2.1459999
2014-01-29 20:30:00,1.26
2014-01-29 21:00:00,1.186
2014-01-29 21:30:00,1.279
2014-01-29 22:00:00,1.006
2014-01-29 22:30:00,1.242
2014-01-29 23:00:00,1.085
2014-01-29 23:30:00,1.179
2014-01-30 00:00:00,1.02
2014-01-30 00:30:00,1.198
2014-01-30 01:00:00,0.961
2014-01-30 01:30:00,1.239
2014-01-30 02:00:00,0.983
2014-01-30 02:30:00,1.1619999
2014-01-30 03:00:00,0.983
2014-01-30 03:30:00,1.138
2014-01-30 04:00:00,1.082
2014-01-30 04:30:00,1.043
2014-01-30 05:00:00,1.304
2014-01-30 05:30:00,1.369
2014-01-30 06:00:00,1.107
2014-01-30 06:30:00,1.2539999
2014-01-30 07:00:00,1.118
2014-01-30 07:30:00,1.2640001
2014-01-30 08:00:00,1.051
2014-01-30 08:30:00,1.141
2014-01-30 09:00:00,1.146
2014-01-30 09:30:00,1.2029999
2014-01-30 10:00:00,1.161
2014-01-30 10:30:00,2.164
2014-01-30 11:00:00,1.45
2014-01-30 11:30:00,1.141
2014-01-30 12:00:00,0.925
2014-01-30 12:30:00,1.178
2014-01-30 13:00:00,1.001
2014-01-30 13:30:00,1.249
2014-01-30 14:00:00,1.034
2014-01-30 14:30:00,1.161
2014-01-30 15:00:00,0.918
2014-01-30 15:30:00,1.145
2014-01-30 16:00:00,0.953
2014-01-30 16:30:00,1.117
2014-01-30 17:00:00,1.062
2014-01-30 17:30:00,1.318
2014-01-30 18:00:00,1.005
2014-01-30 18:30:00,1.582
2014-01-30 19:00:00,1.906
2014-01-30 19:30:00,2.6719999
2014-01-30 20:00:00,2.517
2014-01-30 20:30:00,1.2130001
2014-01-30 21:00:00,1.133
2014-01-30 21:30:00,1.2869999
2014-01-30 22:00:00,0.994
2014-01-30 22:30:00,1.137
2014-01-30 23:00:00,1.13
2014-01-30 23:30:00,1.1799999
2014-01-31 00:00:00,1.024
2014-01-31 00:30:00,1.171
2014-01-31 01:00:00,1.1109999
2014-01-31 01:30:00,1.164
2014-01-31 02:00:00,1.098
2014-01-31 02:30:00,1.265
2014-01-31 03:00:00,1.054
2014-01-31 03:30:00,1.337
2014-01-31 04:00:00,1.01
2014-01-31 04:30:00,1.238
2014-01-31 05:00:00,1.239
2014-01-31 05:30:00,1.3559999
2014-01-31 06:00:00,1.147
2014-01-31 06:30:00,1.175
2014-01-31 07:00:00,1.09
2014-01-31 07:30:00,1.2970001
2014-01-31 08:00:00,1.501
2014-01-31 08:30:00,1.4529999
2014-01-31 09:00:00,1.102
2014-01-31 09:30:00,1.207
2014-01-31 10:00:00,1.072
2014-01-31 10:30:00,1.103
2014-01-31 11:00:00,1.105
2014-01-31 11:30:00,1.225
2014-01-31 12:00:00,1.105
2014-01-31 12:30:00,1.071
2014-01-31 13:00:00,1.1440001
2014-01-31 13:30:00,1.198
2014-01-31 14:00:00,1.072
2014-01-31 14:30:00,1.181
2014-01-31 15:00:00,1.152
2014-01-31 15:30:00,2.404
2014-01-31 16:00:00,1.715
2014-01-31 16:30:00,1.451
2014-01-31 17:00:00,1.2460001
2014-01-31 17:30:00,1.46
2014-01-31 18:00:00,1.664
2014-01-31 18:30:00,1.874
2014-01-31 19:00:00,1.49
2014-01-31 19:30:00,2.1630001
2014-01-31 20:00:00,1.834
2014-01-31 20:30:00,2.6619999
2014-01-31 21:00:00,1.659
2014-01-31 21:30:00,1.59
2014-01-31 22:00:00,1.673
2014-01-31 22:30:00,2.6210001
2014-01-31 23:00:00,2.154
2014-01-31 23:30:00,2.5239999
2014-02-01 00:00:00,2.039
2014-02-01 00:30:00,2.017
2014-02-01 01:00:00,1.87
2014-02-01 01:30:00,2.0409999
2014-02-01 02:00:00,1.799
2014-02-01 02:30:00,1.804
2014-02-01 03:00:00,1.9349999
2014-02-01 03:30:00,1.851
2014-02-01 04:00:00,1.766
2014-02-01 04:30:00,1.9400001
2014-02-01 05:00:00,1.8559999
2014-02-01 05:30:00,1.694
2014-02-01 06:00:00,1.777
2014-02-01 06:30:00,1.872
2014-02-01 07:00:00,1.729
2014-02-01 07:30:00,2.2739999
2014-02-01 08:00:00,3.188
2014-02-01 08:30:00,2.2049999
2014-02-01 09:00:00,2.8929999
2014-02-01 09:30:00,3.5439999
2014-02-01 10:00:00,2.405
2014-02-01 10:30:00,3.237
2014-02-01 11:00:00,3.1819999
2014-02-01 11:30:00,3.8629999
2014-02-01 12:00:00,2.7130001
2014-02-01 12:30:00,2.069
2014-02-01 13:00:00,1.541
2014-02-01 13:30:00,1.461
2014-02-01 14:00:00,1.3660001
2014-02-01 14:30:00,1.263
2014-02-01 15:00:00,1.137
2014-02-01 15:30:00,1.1339999
2014-02-01 16:00:00,1.511
2014-02-01 16:30:00,1.301
2014-02-01 17:00:00,1.34
2014-02-01 17:30:00,1.4809999
2014-02-01 18:00:00,2.0239999
2014-02-01 18:30:00,1.977
2014-02-01 19:00:00,1.96
2014-02-01 19:30:00,1.8200001
2014-02-01 20:00:00,1.766
2014-02-01 20:30:00,1.8609999
2014-02-01 21:00:00,1.852
2014-02-01 21:30:00,1.728
2014-02-01 22:00:00,1.766
2014-02-01 22:30:00,2.2190001
2014-02-01 23:00:00,2.0220001
2014-02-01 23:30:00,1.9069999
2014-02-02 00:00:00,1.949
2014-02-02 00:30:00,1.65
2014-02-02 01:00:00,1.712
2014-02-02 01:30:00,1.666
2014-02-02 02:00:00,1.6109999
2014-02-02 02:30:00,1.626
2014-02-02 03:00:00,1.766
2014-02-02 03:30:00,1.676
2014-02-02 04:00:00,1.567
2014-02-02 04:30:00,1.615
2014-02-02 05:00:00,1.821
2014-02-02 05:30:00,1.614
2014-02-02 06:00:00,1.924
2014-02-02 06:30:00,1.785
2014-02-02 07:00:00,1.665
2014-02-02 07:30:00,1.802
2014-02-02 08:00:00,1.8279999
2014-02-02 08:30:00,1.983
2014-02-02 09:00:00,1.844
2014-02-02 09:30:00,1.857
2014-02-02 10:00:00,1.826
2014-02-02 10:30:00,1.675
2014-02-02 11:00:00,1.646
2014-02-02 11:30:00,1.964
2014-02-02 12:00:00,2.0999999
2014-02-02 12:30:00,1.478
2014-02-02 13:00:00,1.598
2014-02-02 13:30:00,1.503
2014-02-02 14:00:00,1.2819999
2014-02-02 14:30:00,1.461
2014-02-02 15:00:00,1.3329999
2014-02-02 15:30:00,1.448
2014-02-02 16:00:00,1.424
2014-02-02 16:30:00,1.446
2014-02-02 17:00:00,1.624
2014-02-02 17:30:00,1.534
2014-02-02 18:00:00,1.65
2014-02-02 18:30:00,1.696
2014-02-02 19:00:00,1.665
2014-02-02 19:30:00,1.677
2014-02-02 20:00:00,1.943
2014-02-02 20:30:00,1.652
2014-02-02 21:00:00,1.7460001
2014-02-02 21:30:00,1.74
2014-02-02 22:00:00,1.673
2014-02-02 22:30:00,1.717
2014-02-02 23:00:00,1.851
2014-02-02 23:30:00,1.7180001
2014-02-03 00:00:00,1.796
2014-02-03 00:30:00,1.865
2014-02-03 01:00:00,1.675
2014-02-03 01:30:00,1.719
2014-02-03 02:00:00,1.748
2014-02-03 02:30:00,1.788
2014-02-03 03:00:00,1.688
2014-02-03 03:30:00,1.788
2014-02-03 04:00:00,1.8559999
2014-02-03 04:30:00,1.734
2014-02-03 05:00:00,1.853
2014-02-03 05:30:00,1.867
2014-02-03 06:00:00,1.66
2014-02-03 06:30:00,1.8660001
2014-02-03 07:00:00,1.705
2014-02-03 07:30:00,1.661
2014-02-03 08:00:00,1.862
2014-02-03 08:30:00,1.7690001
2014-02-03 09:00:00,1.549
2014-02-03 09:30:00,1.2970001
2014-02-03 10:00:00,1.424
2014-02-03 10:30:00,1.201
2014-02-03 11:00:00,1.2539999
2014-02-03 11:30:00,2.2620001
2014-02-03 12:00:00,1.7309999
2014-02-03 12:30:00,1.079
2014-02-03 13:00:00,1.449
2014-02-03 13:30:00,1.3609999
2014-02-03 14:00:00,1.448
2014-02-03 14:30:00,1.339
2014-02-03 15:00:00,1.184
2014-02-03 15:30:00,1.035
2014-02-03 16:00:00,1.291
2014-02-03 16:30:00,1.146
2014-02-03 17:00:00,1.146
2014-02-03 17:30:00,1.369
2014-02-03 18:00:00,1.27
2014-02-03 18:30:00,1.2079999
2014-02-03 19:00:00,1.416
2014-02-03 19:30:00,1.6950001
2014-02-03 20:00:00,1.687
2014-02-03 20:30:00,1.543
2014-02-03 21:00:00,1.439
2014-02-03 21:30:00,1.476
2014-02-03 22:00:00,1.403
2014-02-03 22:30:00,1.357
2014-02-03 23:00:00,1.469
2014-02-03 23:30:00,1.372
2014-02-04 00:00:00,1.482
2014-02-04 00:30:00,1.425
2014-02-04 01:00:00,1.36
2014-02-04 01:30:00,1.302
2014-02-04 02:00:00,1.4450001
2014-02-04 02:30:00,1.323
2014-02-04 03:00:00,1.348
2014-02-04 03:30:00,1.353
2014-02-04 04:00:00,1.364
2014-02-04 04:30:00,1.416
2014-02-04 05:00:00,1.524
2014-02-04 05:30:00,1.4910001
2014-02-04 06:00:00,1.3660001
2014-02-04 06:30:00,1.359
2014-02-04 07:00:00,1.451
2014-02-04 07:30:00,1.4529999
2014-02-04 08:00:00,1.446
2014-02-04 08:30:00,1.576
2014-02-04 09:00:00,1.374
2014-02-04 09:30:00,1.4220001
2014-02-04 10:00:00,1.323
2014-02-04 10:30:00,1.485
2014-02-04 11:00:00,1.22
2014-02-04 11:30:00,1.275
2014-02-04 12:00:00,1.427
2014-02-04 12:30:00,1.2309999
2014-02-04 13:00:00,1.3380001
2014-02-04 13:30:00,1.3430001
2014-02-04 14:00:00,1.21
2014-02-04 14:30:00,1.187
2014-02-04 15:00:00,1.1799999
2014-02-04 15:30:00,1.177
2014-02-04 16:00:00,1.5829999
2014-02-04 16:30:00,1.456
2014-02-04 17:00:00,1.374
2014-02-04 17:30:00,1.205
2014-02-04 18:00:00,1.661
2014-02-04 18:30:00,1.535
2014-02-04 19:00:00,1.832
2014-02-04 19:30:00,1.36
2014-02-04 20:00:00,1.416
2014-02-04 20:30:00,1.854
2014-02-04 21:00:00,1.899
2014-02-04 21:30:00,1.637
2014-02-04 22:00:00,2.4159999
2014-02-04 22:30:00,1.543
2014-02-04 23:00:00,1.301
2014-02-04 23:30:00,1.485
2014-02-05 00:00:00,1.373
2014-02-05 00:30:00,1.331
2014-02-05 01:00:00,1.436
2014-02-05 01:30:00,1.382
2014-02-05 02:00:00,1.346
2014-02-05 02:30:00,1.478
2014-02-05 03:00:00,1.444
2014-02-05 03:30:00,1.427
2014-02-05 04:00:00,1.341
2014-02-05 04:30:00,1.541
2014-02-05 05:00:00,1.291
2014-02-05 05:30:00,1.472
2014-02-05 06:00:00,1.323
2014-02-05 06:30:00,1.439
2014-02-05 07:00:00,1.521
2014-02-05 07:30:00,1.604
2014-02-05 08:00:00,1.6289999
2014-02-05 08:30:00,2.277
2014-02-05 09:00:00,1.97
2014-02-05 09:30:00,1.698
2014-02-05 10:00:00,1.418
2014-02-05 10:30:00,1.4680001
2014-02-05 11:00:00,1.4400001
2014-02-05 11:30:00,1.727
2014-02-05 12:00:00,2.0599999
2014-02-05 12:30:00,1.4910001
2014-02-05 13:00:00,1.3710001
2014-02-05 13:30:00,1.408
2014-02-05 14:00:00,1.325
2014-02-05 14:30:00,1.416
2014-02-05 15:00:00,1.2410001
2014-02-05 15:30:00,1.5319999
2014-02-05 16:00:00,1.325
2014-02-05 16:30:00,1.459
2014-02-05 17:00:00,1.332
2014-02-05 17:30:00,1.548
2014-02-05 18:00:00,1.326
2014-02-05 18:30:00,1.636
2014-02-05 19:00:00,1.54
2014-02-05 19:30:00,1.664
2014-02-05 20:00:00,1.534
2014-02-05 20:30:00,1.498
2014-02-05 21:00:00,1.517
2014-02-05 21:30:00,1.6109999
2014-02-05 22:00:00,1.355
2014-02-05 22:30:00,1.5700001
2014-02-05 23:00:00,1.341
2014-02-05 23:30:00,1.471
2014-02-06 00:00:00,1.359
2014-02-06 00:30:00,1.533
2014-02-06 01:00:00,1.2869999
2014-02-06 01:30:00,1.5190001
2014-02-06 02:00:00,1.353
2014-02-06 02:30:00,1.448
2014-02-06 03:00:00,1.449
2014-02-06 03:30:00,1.494
2014-02-06 04:00:00,1.443
2014-02-06 04:30:00,1.448
2014-02-06 05:00:00,1.6210001
2014-02-06 05:30:00,1.448
2014-02-06 06:00:00,1.4119999
2014-02-06 06:30:00,1.447
2014-02-06 07:00:00,1.484
2014-02-06 07:30:00,1.679
2014-02-06 08:00:00,3.1730001
2014-02-06 08:30:00,1.875
2014-02-06 09:00:00,1.688
2014-02-06 09:30:00,1.483
2014-02-06 10:00:00,1.487
2014-02-06 10:30:00,2.464
2014-02-06 11:00:00,2.9400001
2014-02-06 11:30:00,1.5829999
2014-02-06 12:00:00,1.99
2014-02-06 12:30:00,1.7970001
2014-02-06 13:00:00,1.447
2014-02-06 13:30:00,2.859
2014-02-06 14:00:00,1.566
2014-02-06 14:30:00,1.442
2014-02-06 15:00:00,1.372
2014-02-06 15:30:00,1.505
2014-02-06 16:00:00,1.324
2014-02-06 16:30:00,1.589
2014-02-06 17:00:00,1.373
2014-02-06 17:30:00,1.785
2014-02-06 18:00:00,1.675
2014-02-06 18:30:00,1.6339999
2014-02-06 19:00:00,1.543
2014-02-06 19:30:00,1.572
2014-02-06 20:00:00,1.418
2014-02-06 20:30:00,2.0780001
2014-02-06 21:00:00,1.477
2014-02-06 21:30:00,1.52
2014-02-06 22:00:00,1.374
2014-02-06 22:30:00,1.413
2014-02-06 23:00:00,1.467
2014-02-06 23:30:00,1.476
2014-02-07 00:00:00,1.432
2014-02-07 00:30:00,1.401
2014-02-07 01:00:00,1.423
2014-02-07 01:30:00,1.388
2014-02-07 02:00:00,1.286
2014-02-07 02:30:00,1.506
2014-02-07 03:00:00,1.306
2014-02-07 03:30:00,1.474
2014-02-07 04:00:00,1.391
2014-02-07 04:30:00,1.534
2014-02-07 05:00:00,1.5
2014-02-07 05:30:00,1.429
2014-02-07 06:00:00,1.447
2014-02-07 06:30:00,1.432
2014-02-07 07:00:00,1.3150001
2014-02-07 07:30:00,1.633
2014-02-07 08:00:00,1.495
2014-02-07 08:30:00,1.4400001
2014-02-07 09:00:00,1.449
2014-02-07 09:30:00,1.52
2014-02-07 10:00:00,1.249
2014-02-07 10:30:00,1.457
2014-02-07 11:00:00,1.518
2014-02-07 11:30:00,1.3
2014-02-07 12:00:00,1.35
2014-02-07 12:30:00,1.367
2014-02-07 13:00:00,1.403
2014-02-07 13:30:00,1.471
2014-02-07 14:00:00,1.37
2014-02-07 14:30:00,1.161
2014-02-07 15:00:00,1.136
2014-02-07 15:30:00,1.061
2014-02-07 16:00:00,1.256
2014-02-07 16:30:00,1.2819999
2014-02-07 17:00:00,1.219
2014-02-07 17:30:00,1.483
2014-02-07 18:00:00,1.659
2014-02-07 18:30:00,1.875
2014-02-07 19:00:00,2.6389999
2014-02-07 19:30:00,2.3380001
2014-02-07 20:00:00,1.579
2014-02-07 20:30:00,1.883
2014-02-07 21:00:00,1.977
2014-02-07 21:30:00,2.211
2014-02-07 22:00:00,1.605
2014-02-07 22:30:00,2.2049999
2014-02-07 23:00:00,1.692
2014-02-07 23:30:00,1.5
2014-02-08 00:00:00,1.471
2014-02-08 00:30:00,1.5420001
2014-02-08 01:00:00,1.295
2014-02-08 01:30:00,1.482
2014-02-08 02:00:00,1.324
2014-02-08 02:30:00,1.437
2014-02-08 03:00:00,1.306
2014-02-08 03:30:00,1.41
2014-02-08 04:00:00,1.471
2014-02-08 04:30:00,1.401
2014-02-08 05:00:00,1.355
2014-02-08 05:30:00,1.388
2014-02-08 06:00:00,1.6109999
2014-02-08 06:30:00,1.447
2014-02-08 07:00:00,1.316
2014-02-08 07:30:00,1.619
2014-02-08 08:00:00,1.352
2014-02-08 08:30:00,1.6849999
2014-02-08 09:00:00,1.342
2014-02-08 09:30:00,1.567
2014-02-08 10:00:00,1.221
2014-02-08 10:30:00,1.502
2014-02-08 11:00:00,1.847
2014-02-08 11:30:00,1.687
2014-02-08 12:00:00,1.48
2014-02-08 12:30:00,1.527
2014-02-08 13:00:00,1.293
2014-02-08 13:30:00,1.306
2014-02-08 14:00:00,1.42
2014-02-08 14:30:00,1.064
2014-02-08 15:00:00,1.0880001
2014-02-08 15:30:00,1.109
2014-02-08 16:00:00,1.196
2014-02-08 16:30:00,1.079
2014-02-08 17:00:00,1.247
2014-02-08 17:30:00,1.2819999
2014-02-08 18:00:00,1.3099999
2014-02-08 18:30:00,1.317
2014-02-08 19:00:00,1.388
2014-02-08 19:30:00,1.576
2014-02-08 20:00:00,1.572
2014-02-08 20:30:00,1.753
2014-02-08 21:00:00,1.86
2014-02-08 21:30:00,1.669
2014-02-08 22:00:00,1.8329999
2014-02-08 22:30:00,1.627
2014-02-08 23:00:00,1.474
2014-02-08 23:30:00,1.735
2014-02-09 00:00:00,1.427
2014-02-09 00:30:00,1.455
2014-02-09 01:00:00,1.471
2014-02-09 01:30:00,2.7449999
2014-02-09 02:00:00,1.851
2014-02-09 02:30:00,1.582
2014-02-09 03:00:00,1.498
2014-02-09 03:30:00,1.438
2014-02-09 04:00:00,1.437
2014-02-09 04:30:00,1.5779999
2014-02-09 05:00:00,1.325
2014-02-09 05:30:00,1.488
2014-02-09 06:00:00,2.053
2014-02-09 06:30:00,1.5089999
2014-02-09 07:00:00,1.374
2014-02-09 07:30:00,1.513
2014-02-09 08:00:00,1.45
2014-02-09 08:30:00,1.575
2014-02-09 09:00:00,1.719
2014-02-09 09:30:00,1.603
2014-02-09 10:00:00,1.3940001
2014-02-09 10:30:00,1.434
2014-02-09 11:00:00,1.441
2014-02-09 11:30:00,1.306
2014-02-09 12:00:00,1.673
2014-02-09 12:30:00,1.368
2014-02-09 13:00:00,1.223
2014-02-09 13:30:00,1.3380001
2014-02-09 14:00:00,1.319
2014-02-09 14:30:00,1.25
2014-02-09 15:00:00,1.35
2014-02-09 15:30:00,1.267
2014-02-09 16:00:00,1.21
2014-02-09 16:30:00,1.281
2014-02-09 17:00:00,1.274
2014-02-09 17:30:00,1.482
2014-02-09 18:00:00,1.471
2014-02-09 18:30:00,1.771
2014-02-09 19:00:00,1.7
2014-02-09 19:30:00,1.826
2014-02-09 20:00:00,2.625
2014-02-09 20:30:00,3.197
2014-02-09 21:00:00,2.099
2014-02-09 21:30:00,2.072
2014-02-09 22:00:00,1.803
2014-02-09 22:30:00,1.124
2014-02-09 23:00:00,1.227
2014-02-09 23:30:00,1.38
2014-02-10 00:00:00,0.932
2014-02-10 00:30:00,0.935
2014-02-10 01:00:00,0.86
2014-02-10 01:30:00,1.071
2014-02-10 02:00:00,0.774
2014-02-10 02:30:00,1.008
2014-02-10 03:00:00,1.029
2014-02-10 03:30:00,0.958
2014-02-10 04:00:00,0.894
2014-02-10 04:30:00,1.05
2014-02-10 05:00:00,1.11
2014-02-10 05:30:00,1.068
2014-02-10 06:00:00,0.921
2014-02-10 06:30:00,1.107
2014-02-10 07:00:00,0.873
2014-02-10 07:30:00,1.063
2014-02-10 08:00:00,1.1670001
2014-02-10 08:30:00,1.187
2014-02-10 09:00:00,1.619
2014-02-10 09:30:00,1.498
2014-02-10 10:00:00,2.0869999
2014-02-10 10:30:00,3.2980001
2014-02-10 11:00:00,2.8729999
2014-02-10 11:30:00,2.8469999
2014-02-10 12:00:00,2.575
2014-02-10 12:30:00,1.153
2014-02-10 13:00:00,1.01
2014-02-10 13:30:00,1.11
2014-02-10 14:00:00,0.836
2014-02-10 14:30:00,0.669
2014-02-10 15:00:00,0.782
2014-02-10 15:30:00,0.575
2014-02-10 16:00:00,0.701
2014-02-10 16:30:00,0.835
2014-02-10 17:00:00,0.79
2014-02-10 17:30:00,0.802
2014-02-10 18:00:00,0.888
2014-02-10 18:30:00,1.048
2014-02-10 19:00:00,3.2490001
2014-02-10 19:30:00,1.658
2014-02-10 20:00:00,1.387
2014-02-10 20:30:00,1.819
2014-02-10 21:00:00,1.251
2014-02-10 21:30:00,1.682
2014-02-10 22:00:00,1.113
2014-02-10 22:30:00,1.104
2014-02-10 23:00:00,0.927
2014-02-10 23:30:00,1.074
2014-02-11 00:00:00,1.046
2014-02-11 00:30:00,0.999
2014-02-11 01:00:00,0.928
2014-02-11 01:30:00,1.0319999
2014-02-11 02:00:00,0.965
2014-02-11 02:30:00,1.053
2014-02-11 03:00:00,0.921
2014-02-11 03:30:00,1.028
2014-02-11 04:00:00,1.0319999
2014-02-11 04:30:00,1.132
2014-02-11 05:00:00,0.933
2014-02-11 05:30:00,1.036
2014-02-11 06:00:00,1.0779999
2014-02-11 06:30:00,1.029
2014-02-11 07:00:00,0.97
2014-02-11 07:30:00,1.477
2014-02-11 08:00:00,1.854
2014-02-11 08:30:00,1.747
2014-02-11 09:00:00,1.865
2014-02-11 09:30:00,1.352
2014-02-11 10:00:00,0.936
2014-02-11 10:30:00,0.993
2014-02-11 11:00:00,0.999
2014-02-11 11:30:00,0.955
2014-02-11 12:00:00,0.796
2014-02-11 12:30:00,1.141
2014-02-11 13:00:00,0.82
2014-02-11 13:30:00,0.859
2014-02-11 14:00:00,0.877
2014-02-11 14:30:00,0.941
2014-02-11 15:00:00,0.717
2014-02-11 15:30:00,0.497
2014-02-11 16:00:00,0.622
2014-02-11 16:30:00,0.748
2014-02-11 17:00:00,0.758
2014-02-11 17:30:00,0.846
2014-02-11 18:00:00,0.868
2014-02-11 18:30:00,0.958
2014-02-11 19:00:00,0.9
2014-02-11 19:30:00,0.985
2014-02-11 20:00:00,0.975
2014-02-11 20:30:00,1.131
2014-02-11 21:00:00,1.154
2014-02-11 21:30:00,1.171
2014-02-11 22:00:00,1.02
2014-02-11 22:30:00,1.053
2014-02-11 23:00:00,0.866
2014-02-11 23:30:00,1.249
2014-02-12 00:00:00,0.965
2014-02-12 00:30:00,1.053
2014-02-12 01:00:00,0.904
2014-02-12 01:30:00,1.257
2014-02-12 02:00:00,0.846
2014-02-12 02:30:00,1.113
2014-02-12 03:00:00,0.955
2014-02-12 03:30:00,1.183
2014-02-12 04:00:00,0.912
2014-02-12 04:30:00,1.205
2014-02-12 05:00:00,0.98
2014-02-12 05:30:00,1.25
2014-02-12 06:00:00,0.965
2014-02-12 06:30:00,1.214
2014-02-12 07:00:00,1.972
2014-02-12 07:30:00,2.346
2014-02-12 08:00:00,1.141
2014-02-12 08:30:00,1.068
2014-02-12 09:00:00,1.0470001
2014-02-12 09:30:00,1.048
2014-02-12 10:00:00,0.789
2014-02-12 10:30:00,0.988
2014-02-12 11:00:00,0.953
2014-02-12 11:30:00,0.946
2014-02-12 12:00:00,0.861
2014-02-12 12:30:00,1.104
2014-02-12 13:00:00,0.937
2014-02-12 13:30:00,1.11
2014-02-12 14:00:00,0.955
2014-02-12 14:30:00,1.029
2014-02-12 15:00:00,1.117
2014-02-12 15:30:00,1.048
2014-02-12 16:00:00,1.045
2014-02-12 16:30:00,0.996
2014-02-12 17:00:00,0.91
2014-02-12 17:30:00,1.238
2014-02-12 18:00:00,0.905
2014-02-12 18:30:00,2.325
2014-02-12 19:00:00,1.439
2014-02-12 19:30:00,1.0089999
2014-02-12 20:00:00,1.105
2014-02-12 20:30:00,1.271
2014-02-12 21:00:00,1.7029999
2014-02-12 21:30:00,1.456
2014-02-12 22:00:00,1.0779999
2014-02-12 22:30:00,1.178
2014-02-12 23:00:00,0.865
2014-02-12 23:30:00,1.1720001
2014-02-13 00:00:00,0.946
2014-02-13 00:30:00,1.17
2014-02-13 01:00:00,0.898
2014-02-13 01:30:00,1.178
2014-02-13 02:00:00,1.033
2014-02-13 02:30:00,1.109
2014-02-13 03:00:00,0.983
2014-02-13 03:30:00,1.24
2014-02-13 04:00:00,0.85
2014-02-13 04:30:00,1.1720001
2014-02-13 05:00:00,1.043
2014-02-13 05:30:00,1.202
2014-02-13 06:00:00,0.955
2014-02-13 06:30:00,1.283
2014-02-13 07:00:00,0.905
2014-02-13 07:30:00,1.306
2014-02-13 08:00:00,1.117
2014-02-13 08:30:00,1.092
2014-02-13 09:00:00,1.4529999
2014-02-13 09:30:00,1.9529999
2014-02-13 10:00:00,1.3609999
2014-02-13 10:30:00,1.252
2014-02-13 11:00:00,1.002
2014-02-13 11:30:00,1.137
2014-02-13 12:00:00,0.765
2014-02-13 12:30:00,1.02
2014-02-13 13:00:00,1.0549999
2014-02-13 13:30:00,1.183
2014-02-13 14:00:00,0.835
2014-02-13 14:30:00,0.673
2014-02-13 15:00:00,0.391
2014-02-13 15:30:00,0.433
2014-02-13 16:00:00,0.701
2014-02-13 16:30:00,0.566
2014-02-13 17:00:00,0.771
2014-02-13 17:30:00,0.986
2014-02-13 18:00:00,0.725
2014-02-13 18:30:00,0.966
2014-02-13 19:00:00,0.803
2014-02-13 19:30:00,1.126
2014-02-13 20:00:00,0.888
2014-02-13 20:30:00,1.104
2014-02-13 21:00:00,1.1210001
2014-02-13 21:30:00,1.074
2014-02-13 22:00:00,0.942
2014-02-13 22:30:00,1.301
2014-02-13 23:00:00,0.954
2014-02-13 23:30:00,1.3710001
2014-02-14 00:00:00,1.0599999
2014-02-14 00:30:00,1.145
2014-02-14 01:00:00,0.881
2014-02-14 01:30:00,1.312
2014-02-14 02:00:00,0.89
2014-02-14 02:30:00,1.097
2014-02-14 03:00:00,0.924
2014-02-14 03:30:00,1.273
2014-02-14 04:00:00,0.85
2014-02-14 04:30:00,1.15
2014-02-14 05:00:00,1.132
2014-02-14 05:30:00,1.268
2014-02-14 06:00:00,0.949
2014-02-14 06:30:00,1.263
2014-02-14 07:00:00,0.927
2014-02-14 07:30:00,1.179
2014-02-14 08:00:00,1.284
2014-02-14 08:30:00,1.261
2014-02-14 09:00:00,0.995
2014-02-14 09:30:00,1.171
2014-02-14 10:00:00,0.922
2014-02-14 10:30:00,1.141
2014-02-14 11:00:00,0.874
2014-02-14 11:30:00,1.091
2014-02-14 12:00:00,0.842
2014-02-14 12:30:00,1.222
2014-02-14 13:00:00,0.999
2014-02-14 13:30:00,1.15
2014-02-14 14:00:00,0.979
2014-02-14 14:30:00,1.115
2014-02-14 15:00:00,0.92
2014-02-14 15:30:00,1.165
2014-02-14 16:00:00,0.89
2014-02-14 16:30:00,1.2029999
2014-02-14 17:00:00,0.858
2014-02-14 17:30:00,1.072
2014-02-14 18:00:00,1.123
2014-02-14 18:30:00,1.164
2014-02-14 19:00:00,0.977
2014-02-14 19:30:00,1.308
2014-02-14 20:00:00,0.819
2014-02-14 20:30:00,1.462
2014-02-14 21:00:00,1.627
2014-02-14 21:30:00,1.554
2014-02-14 22:00:00,1.3380001
2014-02-14 22:30:00,1.434
2014-02-14 23:00:00,1.651
2014-02-14 23:30:00,1.319
2014-02-15 00:00:00,1.149
2014-02-15 00:30:00,1.174
2014-02-15 01:00:00,1.052
2014-02-15 01:30:00,1.202
2014-02-15 02:00:00,1.242
2014-02-15 02:30:00,1.183
2014-02-15 03:00:00,1.013
2014-02-15 03:30:00,1.326
2014-02-15 04:00:00,1.077
2014-02-15 04:30:00,1.179
2014-02-15 05:00:00,1.145
2014-02-15 05:30:00,1.149
2014-02-15 06:00:00,0.983
2014-02-15 06:30:00,1.738
2014-02-15 07:00:00,2.187
2014-02-15 07:30:00,1.5140001
2014-02-15 08:00:00,1.3329999
2014-02-15 08:30:00,1.277
2014-02-15 09:00:00,1.501
2014-02-15 09:30:00,2.132
2014-02-15 10:00:00,2.312
2014-02-15 10:30:00,2.2839999
2014-02-15 11:00:00,2.092
2014-02-15 11:30:00,1.8279999
2014-02-15 12:00:00,1.676
2014-02-15 12:30:00,1.178
2014-02-15 13:00:00,1.136
2014-02-15 13:30:00,1.154
2014-02-15 14:00:00,0.826
2014-02-15 14:30:00,0.858
2014-02-15 15:00:00,0.779
2014-02-15 15:30:00,0.602
2014-02-15 16:00:00,0.974
2014-02-15 16:30:00,0.872
2014-02-15 17:00:00,0.837
2014-02-15 17:30:00,1.029
2014-02-15 18:00:00,1.094
2014-02-15 18:30:00,1.0039999
2014-02-15 19:00:00,0.955
2014-02-15 19:30:00,1.2589999
2014-02-15 20:00:00,0.951
2014-02-15 20:30:00,1.068
2014-02-15 21:00:00,1.03
2014-02-15 21:30:00,1.265
2014-02-15 22:00:00,1.6619999
2014-02-15 22:30:00,1.183
2014-02-15 23:00:00,1.156
2014-02-15 23:30:00,1.191
2014-02-16 00:00:00,1.01
2014-02-16 00:30:00,1.262
2014-02-16 01:00:00,1.113
2014-02-16 01:30:00,1.197
2014-02-16 02:00:00,1.062
2014-02-16 02:30:00,1.207
2014-02-16 03:00:00,1.036
2014-02-16 03:30:00,1.281
2014-02-16 04:00:00,1.015
2014-02-16 04:30:00,1.1849999
2014-02-16 05:00:00,1.222
2014-02-16 05:30:00,1.335
2014-02-16 06:00:00,1.11
2014-02-16 06:30:00,1.516
2014-02-16 07:00:00,1.0829999
2014-02-16 07:30:00,1.378
2014-02-16 08:00:00,1.131
2014-02-16 08:30:00,1.337
2014-02-16 09:00:00,1.136
2014-02-16 09:30:00,1.274
2014-02-16 10:00:00,1.156
2014-02-16 10:30:00,1.396
2014-02-16 11:00:00,0.913
2014-02-16 11:30:00,1.1339999
2014-02-16 12:00:00,0.952
2014-02-16 12:30:00,0.955
2014-02-16 13:00:00,0.89
2014-02-16 13:30:00,0.868
2014-02-16 14:00:00,0.764
2014-02-16 14:30:00,0.747
2014-02-16 15:00:00,0.658
2014-02-16 15:30:00,0.56
2014-02-16 16:00:00,0.702
2014-02-16 16:30:00,0.94
2014-02-16 17:00:00,0.729
2014-02-16 17:30:00,0.904
2014-02-16 18:00:00,0.976
2014-02-16 18:30:00,1.1289999
2014-02-16 19:00:00,0.949
2014-02-16 19:30:00,1.207
2014-02-16 20:00:00,1.062
2014-02-16 20:30:00,1.617
2014-02-16 21:00:00,1.334
2014-02-16 21:30:00,1.296
2014-02-16 22:00:00,1.1720001
2014-02-16 22:30:00,2.5090001
2014-02-16 23:00:00,1.2539999
2014-02-16 23:30:00,1.521
2014-02-17 00:00:00,1.326
2014-02-17 00:30:00,1.3
2014-02-17 01:00:00,1.051
2014-02-17 01:30:00,1.2130001
2014-02-17 02:00:00,1.045
2014-02-17 02:30:00,1.27
2014-02-17 03:00:00,0.905
2014-02-17 03:30:00,1.329
2014-02-17 04:00:00,1.011
2014-02-17 04:30:00,1.109
2014-02-17 05:00:00,1.228
2014-02-17 05:30:00,1.4069999
2014-02-17 06:00:00,1.049
2014-02-17 06:30:00,1.155
2014-02-17 07:00:00,1.199
2014-02-17 07:30:00,1.295
2014-02-17 08:00:00,1.034
2014-02-17 08:30:00,1.367
2014-02-17 09:00:00,0.96
2014-02-17 09:30:00,1.3200001
2014-02-17 10:00:00,1.131
2014-02-17 10:30:00,1.249
2014-02-17 11:00:00,1.155
2014-02-17 11:30:00,1.5779999
2014-02-17 12:00:00,1.719
2014-02-17 12:30:00,1.476
2014-02-17 13:00:00,1.24
2014-02-17 13:30:00,2.7290001
2014-02-17 14:00:00,1.811
2014-02-17 14:30:00,1.0549999
2014-02-17 15:00:00,0.979
2014-02-17 15:30:00,0.96
2014-02-17 16:00:00,0.96
2014-02-17 16:30:00,1.0190001
2014-02-17 17:00:00,0.984
2014-02-17 17:30:00,0.875
2014-02-17 18:00:00,0.995
2014-02-17 18:30:00,1.368
2014-02-17 19:00:00,1.006
2014-02-17 19:30:00,2.154
2014-02-17 20:00:00,1.569
2014-02-17 20:30:00,1.058
2014-02-17 21:00:00,1.013
2014-02-17 21:30:00,1.069
2014-02-17 22:00:00,0.941
2014-02-17 22:30:00,1.145
2014-02-17 23:00:00,0.985
2014-02-17 23:30:00,1.1160001
2014-02-18 00:00:00,0.981
2014-02-18 00:30:00,1.137
2014-02-18 01:00:00,0.935
2014-02-18 01:30:00,0.981
2014-02-18 02:00:00,1.051
2014-02-18 02:30:00,1.166
2014-02-18 03:00:00,0.901
2014-02-18 03:30:00,1.2410001
2014-02-18 04:00:00,1.073
2014-02-18 04:30:00,1.0599999
2014-02-18 05:00:00,0.934
2014-02-18 05:30:00,1.242
2014-02-18 06:00:00,0.928
2014-02-18 06:30:00,1.056
2014-02-18 07:00:00,1.228
2014-02-18 07:30:00,1.191
2014-02-18 08:00:00,1.521
2014-02-18 08:30:00,1.165
2014-02-18 09:00:00,1.01
2014-02-18 09:30:00,1.165
2014-02-18 10:00:00,0.971
2014-02-18 10:30:00,1.125
2014-02-18 11:00:00,2.27
2014-02-18 11:30:00,1.149
2014-02-18 12:00:00,1.039
2014-02-18 12:30:00,0.853
2014-02-18 13:00:00,0.922
2014-02-18 13:30:00,1.086
2014-02-18 14:00:00,0.86
2014-02-18 14:30:00,0.822
2014-02-18 15:00:00,0.851
2014-02-18 15:30:00,0.657
2014-02-18 16:00:00,0.7
2014-02-18 16:30:00,0.83
2014-02-18 17:00:00,0.792
2014-02-18 17:30:00,0.835
2014-02-18 18:00:00,1.018
2014-02-18 18:30:00,1.119
2014-02-18 19:00:00,0.899
2014-02-18 19:30:00,1.046
2014-02-18 20:00:00,0.976
2014-02-18 20:30:00,1.323
2014-02-18 21:00:00,0.927
2014-02-18 21:30:00,1.302
2014-02-18 22:00:00,0.974
2014-02-18 22:30:00,1.28
2014-02-18 23:00:00,0.944
2014-02-18 23:30:00,1.062
2014-02-19 00:00:00,0.917
2014-02-19 00:30:00,1.243
2014-02-19 01:00:00,1.033
2014-02-19 01:30:00,1.107
2014-02-19 02:00:00,1.122
2014-02-19 02:30:00,1.158
2014-02-19 03:00:00,0.941
2014-02-19 03:30:00,1.082
2014-02-19 04:00:00,1.124
2014-02-19 04:30:00,1.1390001
2014-02-19 05:00:00,1.15
2014-02-19 05:30:00,1.37
2014-02-19 06:00:00,1.132
2014-02-19 06:30:00,1.061
2014-02-19 07:00:00,1.183
2014-02-19 07:30:00,1.223
2014-02-19 08:00:00,1.112
2014-02-19 08:30:00,1.154
2014-02-19 09:00:00,1.119
2014-02-19 09:30:00,1.0549999
2014-02-19 10:00:00,0.921
2014-02-19 10:30:00,1.15
2014-02-19 11:00:00,0.841
2014-02-19 11:30:00,0.88
2014-02-19 12:00:00,1.053
2014-02-19 12:30:00,0.913
2014-02-19 13:00:00,0.871
2014-02-19 13:30:00,0.994
2014-02-19 14:00:00,0.79
2014-02-19 14:30:00,0.726
2014-02-19 15:00:00,0.922
2014-02-19 15:30:00,0.963
2014-02-19 16:00:00,0.824
2014-02-19 16:30:00,0.946
2014-02-19 17:00:00,1.183
2014-02-19 17:30:00,1.061
2014-02-19 18:00:00,0.958
2014-02-19 18:30:00,1.225
2014-02-19 19:00:00,0.958
2014-02-19 19:30:00,1.224
2014-02-19 20:00:00,1.525
2014-02-19 20:30:00,1.247
2014-02-19 21:00:00,0.65
2014-02-19 21:30:00,1.684
2014-02-19 22:00:00,1.0549999
2014-02-19 22:30:00,1.367
2014-02-19 23:00:00,1.459
2014-02-19 23:30:00,1.075
2014-02-20 00:00:00,0.788
2014-02-20 00:30:00,0.868
2014-02-20 01:00:00,0.807
2014-02-20 01:30:00,1.077
2014-02-20 02:00:00,0.7
2014-02-20 02:30:00,1.027
2014-02-20 03:00:00,0.846
2014-02-20 03:30:00,0.984
2014-02-20 04:00:00,0.744
2014-02-20 04:30:00,0.922
2014-02-20 05:00:00,0.925
2014-02-20 05:30:00,1.0599999
2014-02-20 06:00:00,0.89
2014-02-20 06:30:00,0.961
2014-02-20 07:00:00,0.823
2014-02-20 07:30:00,1.1
2014-02-20 08:00:00,0.767
2014-02-20 08:30:00,1.689
2014-02-20 09:00:00,1.016
2014-02-20 09:30:00,0.946
2014-02-20 10:00:00,0.875
2014-02-20 10:30:00,1.221
2014-02-20 11:00:00,2.1570001
2014-02-20 11:30:00,1.294
2014-02-20 12:00:00,2.2780001
2014-02-20 12:30:00,1.184
2014-02-20 13:00:00,1.283
2014-02-20 13:30:00,1.2130001
2014-02-20 14:00:00,0.879
2014-02-20 14:30:00,0.864
2014-02-20 15:00:00,0.701
2014-02-20 15:30:00,0.528
2014-02-20 16:00:00,0.647
2014-02-20 16:30:00,0.552
2014-02-20 17:00:00,0.847
2014-02-20 17:30:00,0.99
2014-02-20 18:00:00,1.426
2014-02-20 18:30:00,1.008
2014-02-20 19:00:00,0.782
2014-02-20 19:30:00,0.803
2014-02-20 20:00:00,0.993
2014-02-20 20:30:00,1.853
2014-02-20 21:00:00,1.6849999
2014-02-20 21:30:00,2.3410001
2014-02-20 22:00:00,1.091
2014-02-20 22:30:00,1.0650001
2014-02-20 23:00:00,0.69
2014-02-20 23:30:00,1.166
2014-02-21 00:00:00,0.858
2014-02-21 00:30:00,1.046
2014-02-21 01:00:00,0.789
2014-02-21 01:30:00,0.99
2014-02-21 02:00:00,0.918
2014-02-21 02:30:00,0.975
2014-02-21 03:00:00,0.772
2014-02-21 03:30:00,1.11
2014-02-21 04:00:00,0.915
2014-02-21 04:30:00,1.051
2014-02-21 05:00:00,1.223
2014-02-21 05:30:00,1.261
2014-02-21 06:00:00,0.936
2014-02-21 06:30:00,1.128
2014-02-21 07:00:00,0.827
2014-02-21 07:30:00,1.209
2014-02-21 08:00:00,0.961
2014-02-21 08:30:00,1.2079999
2014-02-21 09:00:00,0.923
2014-02-21 09:30:00,1.025
2014-02-21 10:00:00,0.902
2014-02-21 10:30:00,0.997
2014-02-21 11:00:00,0.875
2014-02-21 11:30:00,0.948
2014-02-21 12:00:00,0.696
2014-02-21 12:30:00,0.687
2014-02-21 13:00:00,0.618
2014-02-21 13:30:00,0.634
2014-02-21 14:00:00,0.94
2014-02-21 14:30:00,0.558
2014-02-21 15:00:00,0.439
2014-02-21 15:30:00,0.483
2014-02-21 16:00:00,0.589
2014-02-21 16:30:00,0.722
2014-02-21 17:00:00,0.997
2014-02-21 17:30:00,1.05
2014-02-21 18:00:00,1.164
2014-02-21 18:30:00,1.112
2014-02-21 19:00:00,1.135
2014-02-21 19:30:00,0.765
2014-02-21 20:00:00,0.688
2014-02-21 20:30:00,1.219
2014-02-21 21:00:00,1.005
2014-02-21 21:30:00,0.943
2014-02-21 22:00:00,1.081
2014-02-21 22:30:00,0.982
2014-02-21 23:00:00,0.829
2014-02-21 23:30:00,1.11
2014-02-22 00:00:00,0.798
2014-02-22 00:30:00,0.85
2014-02-22 01:00:00,1.007
2014-02-22 01:30:00,1.064
2014-02-22 02:00:00,0.849
2014-02-22 02:30:00,0.983
2014-02-22 03:00:00,0.983
2014-02-22 03:30:00,1.0420001
2014-02-22 04:00:00,0.844
2014-02-22 04:30:00,1.072
2014-02-22 05:00:00,0.899
2014-02-22 05:30:00,1.02
2014-02-22 06:00:00,0.991
2014-02-22 06:30:00,1.237
2014-02-22 07:00:00,1.034
2014-02-22 07:30:00,1.082
2014-02-22 08:00:00,1.026
2014-02-22 08:30:00,1.638
2014-02-22 09:00:00,0.969
2014-02-22 09:30:00,1.217
2014-02-22 10:00:00,1.031
2014-02-22 10:30:00,2.4719999
2014-02-22 11:00:00,2.6429999
2014-02-22 11:30:00,2.329
2014-02-22 12:00:00,1.5779999
2014-02-22 12:30:00,1.273
2014-02-22 13:00:00,0.787
2014-02-22 13:30:00,0.624
2014-02-22 14:00:00,0.804
2014-02-22 14:30:00,0.524
2014-02-22 15:00:00,0.652
2014-02-22 15:30:00,0.638
2014-02-22 16:00:00,0.857
2014-02-22 16:30:00,1.716
2014-02-22 17:00:00,0.945
2014-02-22 17:30:00,0.938
2014-02-22 18:00:00,0.774
2014-02-22 18:30:00,1.346
2014-02-22 19:00:00,1.257
2014-02-22 19:30:00,1.307
2014-02-22 20:00:00,1.171
2014-02-22 20:30:00,1.128
2014-02-22 21:00:00,1.4170001
2014-02-22 21:30:00,1.8789999
2014-02-22 22:00:00,1.2690001
2014-02-22 22:30:00,1.8099999
2014-02-22 23:00:00,1.2079999
2014-02-22 23:30:00,1.1109999
2014-02-23 00:00:00,0.997
2014-02-23 00:30:00,1.181
2014-02-23 01:00:00,1.137
2014-02-23 01:30:00,1.071
2014-02-23 02:00:00,0.804
2014-02-23 02:30:00,0.944
2014-02-23 03:00:00,0.999
2014-02-23 03:30:00,0.974
2014-02-23 04:00:00,0.749
2014-02-23 04:30:00,0.963
2014-02-23 05:00:00,1.033
2014-02-23 05:30:00,0.966
2014-02-23 06:00:00,1.201
2014-02-23 06:30:00,0.895
2014-02-23 07:00:00,0.857
2014-02-23 07:30:00,0.996
2014-02-23 08:00:00,1.077
2014-02-23 08:30:00,1.015
2014-02-23 09:00:00,1.09
2014-02-23 09:30:00,2.05
2014-02-23 10:00:00,2.184
2014-02-23 10:30:00,1.397
2014-02-23 11:00:00,1.178
2014-02-23 11:30:00,2.2550001
2014-02-23 12:00:00,2.122
2014-02-23 12:30:00,1.428
2014-02-23 13:00:00,0.847
2014-02-23 13:30:00,0.814
2014-02-23 14:00:00,0.685
2014-02-23 14:30:00,1.075
2014-02-23 15:00:00,0.818
2014-02-23 15:30:00,0.747
2014-02-23 16:00:00,0.785
2014-02-23 16:30:00,0.996
2014-02-23 17:00:00,0.959
2014-02-23 17:30:00,1.175
2014-02-23 18:00:00,1.0779999
2014-02-23 18:30:00,1.074
2014-02-23 19:00:00,1.0700001
2014-02-23 19:30:00,1.249
2014-02-23 20:00:00,1.147
2014-02-23 20:30:00,1.414
2014-02-23 21:00:00,1.849
2014-02-23 21:30:00,2.223
2014-02-23 22:00:00,1.989
2014-02-23 22:30:00,1.869
2014-02-23 23:00:00,1.946
2014-02-23 23:30:00,1.483
2014-02-24 00:00:00,1.919
2014-02-24 00:30:00,1.27
2014-02-24 01:00:00,1.41
2014-02-24 01:30:00,1.132
2014-02-24 02:00:00,1.697
2014-02-24 02:30:00,1.137
2014-02-24 03:00:00,1.444
2014-02-24 03:30:00,1.035
2014-02-24 04:00:00,1.582
2014-02-24 04:30:00,1.107
2014-02-24 05:00:00,1.781
2014-02-24 05:30:00,1.0599999
2014-02-24 06:00:00,1.336
2014-02-24 06:30:00,1.081
2014-02-24 07:00:00,1.637
2014-02-24 07:30:00,1.003
2014-02-24 08:00:00,1.553
2014-02-24 08:30:00,1.2029999
2014-02-24 09:00:00,1.61
2014-02-24 09:30:00,1.72
2014-02-24 10:00:00,1.669
2014-02-24 10:30:00,1.1109999
2014-02-24 11:00:00,2.2839999
2014-02-24 11:30:00,1.738
2014-02-24 12:00:00,1.418
2014-02-24 12:30:00,2.2260001
2014-02-24 13:00:00,2.1930001
2014-02-24 13:30:00,1.156
2014-02-24 14:00:00,0.429
2014-02-24 14:30:00,0.715
2014-02-24 15:00:00,0.576
2014-02-24 15:30:00,0.542
2014-02-24 16:00:00,0.47
2014-02-24 16:30:00,0.748
2014-02-24 17:00:00,0.509
2014-02-24 17:30:00,0.598
2014-02-24 18:00:00,0.855
2014-02-24 18:30:00,0.807
2014-02-24 19:00:00,1.059
2014-02-24 19:30:00,0.84
2014-02-24 20:00:00,1.651
2014-02-24 20:30:00,1.557
2014-02-24 21:00:00,1.5190001
2014-02-24 21:30:00,1.967
2014-02-24 22:00:00,2.457
2014-02-24 22:30:00,2.118
2014-02-24 23:00:00,1.7640001
2014-02-24 23:30:00,0.926
2014-02-25 00:00:00,1.294
2014-02-25 00:30:00,0.947
2014-02-25 01:00:00,0.796
2014-02-25 01:30:00,0.736
2014-02-25 02:00:00,0.815
2014-02-25 02:30:00,0.743
2014-02-25 03:00:00,0.7
2014-02-25 03:30:00,0.789
2014-02-25 04:00:00,0.982
2014-02-25 04:30:00,0.665
2014-02-25 05:00:00,0.696
2014-02-25 05:30:00,0.801
2014-02-25 06:00:00,0.887
2014-02-25 06:30:00,0.667
2014-02-25 07:00:00,0.961
2014-02-25 07:30:00,1.128
2014-02-25 08:00:00,0.959
2014-02-25 08:30:00,1.023
2014-02-25 09:00:00,1.015
2014-02-25 09:30:00,0.872
2014-02-25 10:00:00,1.163
2014-02-25 10:30:00,1.569
2014-02-25 11:00:00,1.436
2014-02-25 11:30:00,1.5880001
2014-02-25 12:00:00,1.327
2014-02-25 12:30:00,0.634
2014-02-25 13:00:00,0.633
2014-02-25 13:30:00,0.607
2014-02-25 14:00:00,0.496
2014-02-25 14:30:00,0.51
2014-02-25 15:00:00,0.684
2014-02-25 15:30:00,0.443
2014-02-25 16:00:00,0.709
2014-02-25 16:30:00,0.527
2014-02-25 17:00:00,0.853
2014-02-25 17:30:00,0.685
2014-02-25 18:00:00,1.857
2014-02-25 18:30:00,1.6849999
2014-02-25 19:00:00,1.433
2014-02-25 19:30:00,0.828
2014-02-25 20:00:00,0.817
2014-02-25 20:30:00,1.012
2014-02-25 21:00:00,1.237
2014-02-25 21:30:00,1.457
2014-02-25 22:00:00,1.2460001
2014-02-25 22:30:00,0.924
2014-02-25 23:00:00,1.79
2014-02-25 23:30:00,0.786
2014-02-26 00:00:00,0.844
2014-02-26 00:30:00,0.763
2014-02-26 01:00:00,0.953
2014-02-26 01:30:00,0.859
2014-02-26 02:00:00,0.733
2014-02-26 02:30:00,0.849
2014-02-26 03:00:00,0.722
2014-02-26 03:30:00,1.043
2014-02-26 04:00:00,0.816
2014-02-26 04:30:00,0.687
2014-02-26 05:00:00,1.158
2014-02-26 05:30:00,1.123
2014-02-26 06:00:00,0.967
2014-02-26 06:30:00,0.721
2014-02-26 07:00:00,1.068
2014-02-26 07:30:00,0.922
2014-02-26 08:00:00,0.807
2014-02-26 08:30:00,0.941
2014-02-26 09:00:00,0.689
2014-02-26 09:30:00,0.989
2014-02-26 10:00:00,0.762
2014-02-26 10:30:00,0.847
2014-02-26 11:00:00,0.861
2014-02-26 11:30:00,1.154
2014-02-26 12:00:00,0.934
2014-02-26 12:30:00,0.718
2014-02-26 13:00:00,0.749
2014-02-26 13:30:00,0.464
2014-02-26 14:00:00,0.66
2014-02-26 14:30:00,0.449
2014-02-26 15:00:00,0.365
2014-02-26 15:30:00,0.482
2014-02-26 16:00:00,0.312
2014-02-26 16:30:00,0.526
2014-02-26 17:00:00,0.625
2014-02-26 17:30:00,0.697
2014-02-26 18:00:00,0.589
2014-02-26 18:30:00,0.695
2014-02-26 19:00:00,0.891
2014-02-26 19:30:00,1.136
2014-02-26 20:00:00,1.863
2014-02-26 20:30:00,1.3559999
2014-02-26 21:00:00,0.899
2014-02-26 21:30:00,1.069
2014-02-26 22:00:00,0.83
2014-02-26 22:30:00,0.845
2014-02-26 23:00:00,0.917
2014-02-26 23:30:00,0.997
2014-02-27 00:00:00,0.897
2014-02-27 00:30:00,0.844
2014-02-27 01:00:00,0.761
2014-02-27 01:30:00,1.035
2014-02-27 02:00:00,0.876
2014-02-27 02:30:00,1.0
2014-02-27 03:00:00,0.803
2014-02-27 03:30:00,0.856
2014-02-27 04:00:00,1.0319999
2014-02-27 04:30:00,0.876
2014-02-27 05:00:00,1.01
2014-02-27 05:30:00,1.1160001
2014-02-27 06:00:00,0.905
2014-02-27 06:30:00,0.882
2014-02-27 07:00:00,0.893
2014-02-27 07:30:00,1.112
2014-02-27 08:00:00,0.944
2014-02-27 08:30:00,0.879
2014-02-27 09:00:00,0.733
2014-02-27 09:30:00,1.107
2014-02-27 10:00:00,0.961
2014-02-27 10:30:00,1.003
2014-02-27 11:00:00,0.846
2014-02-27 11:30:00,1.484
2014-02-27 12:00:00,0.833
2014-02-27 12:30:00,0.607
2014-02-27 13:00:00,0.921
2014-02-27 13:30:00,1.214
2014-02-27 14:00:00,0.989
2014-02-27 14:30:00,0.799
2014-02-27 15:00:00,1.285
2014-02-27 15:30:00,0.89
2014-02-27 16:00:00,0.583
2014-02-27 16:30:00,0.666
2014-02-27 17:00:00,0.685
2014-02-27 17:30:00,0.908
2014-02-27 18:00:00,0.997
2014-02-27 18:30:00,0.844
2014-02-27 19:00:00,0.776
2014-02-27 19:30:00,0.875
2014-02-27 20:00:00,0.944
2014-02-27 20:30:00,0.985
2014-02-27 21:00:00,1.233
2014-02-27 21:30:00,2.9230001
2014-02-27 22:00:00,1.693
2014-02-27 22:30:00,1.044
2014-02-27 23:00:00,0.73
2014-02-27 23:30:00,1.163
2014-02-28 00:00:00,0.879
